key,English,Arabic (العربية),Hindi (हिन्दी),Urdu (اردو),Spanish (Español),French (Français),Portuguese (Português),Russian (Русский),Reviewer notes
common.add,Add,إضافة,जोड़ें,شامل کریں,Agregar,Ajouter,Adicionar,Добавить,
common.addItem,Add {{item}},إضافة {{item}},{{item}} जोड़ें,{{item}} شامل کریں,Agregar {{item}},Ajouter {{item}},Adicionar {{item}},Добавить: {{item}},
common.back,Back,رجوع,वापस,واپس,Atrás,Retour,Voltar,Назад,
common.decrease,One less {{item}},واحد أقل من {{item}},{{item}} एक कम,{{item}} ایک کم,Uno menos: {{item}},Un de moins : {{item}},Diminuir {{item}},Убрать одну единицу: {{item}},
common.increase,One more {{item}},واحد إضافي من {{item}},{{item}} एक और,{{item}} ایک اور,Uno más: {{item}},Un de plus : {{item}},Aumentar {{item}},Добавить ещё одну единицу: {{item}},
common.done,Done,تم,हो गया,ہو گیا,Listo,Terminé,Concluído,Готово,
common.filter,Filter,تصفية,फ़िल्टर,فلٹر,Filtrar,Filtrer,Filtrar,Фильтр,
common.invalidAmount,Enter an amount like 25 or 25.50.,أدخل مبلغًا مثل 25 أو 25.50.,25 या 25.50 जैसी राशि डालें।,25 یا 25.50 جیسی رقم درج کریں۔,Escribe un monto como 25 o 25.50.,Saisissez un montant comme 25 ou 25.50.,Digite um valor como 25 ou 25.50.,"Введите сумму, например 25 или 25.50.",
common.minutes,{{n}} min,{{n}} دقيقة,{{n}} मिनट,{{n}} منٹ,{{n}} min,{{n}} min,{{n}} min,{{n}} мин,
common.more,More,المزيد,और,مزید,Más,Plus,Mais,Ещё,
common.nextMonth,Next month,الشهر التالي,अगला महीना,اگلا مہینہ,Mes siguiente,Mois suivant,Próximo mês,Следующий месяц,
common.previousMonth,Previous month,الشهر السابق,पिछला महीना,پچھلا مہینہ,Mes anterior,Mois précédent,Mês anterior,Предыдущий месяц,
common.notifications,Notifications,الإشعارات,सूचनाएँ,اطلاعات,Notificaciones,Notifications,Notificações,Уведомления,
common.search,Search,بحث,खोजें,تلاش کریں,Buscar,Rechercher,Pesquisar,Поиск,
common.days.mon,Mon,الإثنين,सोम,پیر,Lun,Lun,Seg,Пн,
common.days.tue,Tue,الثلاثاء,मंगल,منگل,Mar,Mar,Ter,Вт,
common.days.wed,Wed,الأربعاء,बुध,بدھ,Mié,Mer,Qua,Ср,
common.days.thu,Thu,الخميس,गुरु,جمعرات,Jue,Jeu,Qui,Чт,
common.days.fri,Fri,الجمعة,शुक्र,جمعہ,Vie,Ven,Sex,Пт,
common.days.sat,Sat,السبت,शनि,ہفتہ,Sáb,Sam,Sáb,Сб,
common.days.sun,Sun,الأحد,रवि,اتوار,Dom,Dim,Dom,Вс,
common.cancel,Cancel,إلغاء,रद्द करें,منسوخ کریں,Cancelar,Annuler,Cancelar,Отмена,
common.edit,Edit,تعديل,बदलें,ترمیم,Editar,Modifier,Editar,Изменить,
common.loading,Loading,جارٍ التحميل,लोड हो रहा है,لوڈ ہو رہا ہے,Cargando,Chargement,Carregando,Загрузка,
common.new,New,جديد,नया,نیا,Nuevo,Nouveau,Novo,Создать,
common.retry,Try again,حاول مرة أخرى,फिर कोशिश करें,دوبارہ کوشش کریں,Reintentar,Réessayer,Tentar de novo,Повторить,
common.save,Save,حفظ,सेव करें,محفوظ کریں,Guardar,Enregistrer,Salvar,Сохранить,
common.close,Close,إغلاق,बंद करें,بند کریں,Cerrar,Fermer,Fechar,Закрыть,
common.showPassword,Show password,إظهار كلمة المرور,पासवर्ड दिखाएँ,پاس ورڈ دکھائیں,Mostrar contraseña,Afficher le mot de passe,Mostrar senha,Показать пароль,
common.hidePassword,Hide password,إخفاء كلمة المرور,पासवर्ड छिपाएँ,پاس ورڈ چھپائیں,Ocultar contraseña,Masquer le mot de passe,Ocultar senha,Скрыть пароль,
status.booked,Booked,محجوز,बुक,بک شدہ,Reservado,Réservé,Agendado,По записи,
status.waiting,Waiting,في الانتظار,प्रतीक्षा में,انتظار میں,En espera,En attente,Aguardando,Ожидает,
status.in_progress,In progress,قيد التنفيذ,चल रहा है,جاری,En curso,En cours,Em atendimento,В работе,
status.completed,Completed,مكتمل,पूरा,مکمل,Completado,Terminé,Concluído,Завершено,
status.cancelled,Cancelled,ملغى,रद्द,منسوخ,Cancelado,Annulé,Cancelado,Отменено,
status.no_show,No-show,لم يحضر,नहीं आए,نہیں آئے,No se presentó,Absent,Não compareceu,Неявка,
status.paid,Paid,مدفوع,भुगतान हुआ,ادا شدہ,Pagado,Payé,Pago,Оплачено,
status.approved,Approved,معتمد,स्वीकृत,منظور شدہ,Aprobado,Approuvé,Aprovado,Одобрено,
status.valid,Valid,ساري,मान्य,درست,Vigente,Valide,Válido,Действует,
status.overdue,Overdue,متأخر,बकाया,واجب الادا,Vencido,En retard,Em atraso,Просрочено,
status.expired,Expired,منتهي,समाप्त,میعاد ختم,Expirado,Expiré,Vencido,Истёк срок,
status.out_of_stock,Out of stock,نفد من المخزون,स्टॉक ख़त्म,اسٹاک ختم,Sin stock,Rupture de stock,Sem estoque,Нет в наличии,
status.pending_approval,Pending approval,بانتظار الاعتماد,स्वीकृति बाकी,منظوری باقی,Pendiente de aprobación,À approuver,Aguardando aprovação,Ждёт одобрения,
status.due_soon,Due soon,يستحق قريبًا,जल्द देय,جلد واجب,Vence pronto,Échéance proche,Vence em breve,Скоро срок,
status.low,Low,منخفض,कम,کم,Bajo,Bas,Baixo,Мало,
status.reversed,Reversed,معكوس,उलटा गया,واپس لیا گیا,Revertido,Contrepassé,Estornado,Аннулировано,
status.archived,Archived,مؤرشف,संग्रहीत,محفوظ شدہ,Archivado,Archivé,Arquivado,В архиве,
terms.staff.gents,Barber,حلاق,नाई,حجام,Barbero,Barbier,Barbeiro,Барбер,
terms.staff.ladies,Stylist,مصففة,स्टाइलिस्ट,اسٹائلسٹ,Estilista,Styliste,Profissional,Стилист,
terms.staffPlural.gents,Barbers,حلاقون,नाई,حجام,Barberos,Barbiers,Barbeiros,Барберы,
terms.staffPlural.ladies,Stylists,مصففات,स्टाइलिस्ट,اسٹائلسٹ,Estilistas,Stylistes,Profissionais,Стилисты,
terms.station.gents,Chair,كرسي,कुर्सी,کرسی,Sillón,Fauteuil,Cadeira,Кресло,
terms.station.ladies,Station,محطة,स्टेशन,اسٹیشن,Puesto,Poste,Estação,Рабочее место,
terms.shop.gents,Barber shop,صالون حلاقة,नाई की दुकान,حجام کی دکان,Barbería,Salon de barbier,Barbearia,Барбершоп,
terms.shop.ladies,Salon & spa,صالون وسبا,सैलून और स्पा,سیلون اور اسپا,Salón y spa,Salon et spa,Salão e spa,Салон и спа,
terms.anyStaff.gents,Any barber,أي حلاق,कोई भी नाई,کوئی بھی حجام,Cualquier barbero,N’importe quel barbier,Qualquer barbeiro,Любой барбер,
terms.anyStaff.ladies,Any stylist,أي مصففة,कोई भी स्टाइलिस्ट,کوئی بھی اسٹائلسٹ,Cualquier estilista,N’importe quel styliste,Qualquer profissional,Любой стилист,
categories.hair,Hair,الشعر,बाल,بال,Cabello,Cheveux,Cabelo,Волосы,
categories.beard,Beard,اللحية,दाढ़ी,داڑھی,Barba,Barbe,Barba,Борода,
categories.color,Colour,الصبغة,रंग,رنگ,Color,Coloration,Coloração,Окрашивание,
categories.face,Face,الوجه,चेहरा,چہرہ,Rostro,Visage,Rosto,Лицо,
categories.massage,Massage,المساج,मालिश,مالش,Masajes,Massage,Massagem,Массаж,
categories.nails,Nails,الأظافر,नाखून,ناخن,Uñas,Ongles,Unhas,Ногти,
categories.facial,Facial,تنظيف البشرة,फ़ेशियल,فیشل,Faciales,Soin du visage,Facial,Уход за лицом,
categories.makeup,Makeup,المكياج,मेकअप,میک اپ,Maquillaje,Maquillage,Maquiagem,Макияж,
categories.waxing,Waxing & threading,الشمع والخيط,वैक्सिंग और थ्रेडिंग,ویکسنگ اور تھریڈنگ,Depilación con cera e hilo,Épilation cire et fil,Depilação e linha,Восковая депиляция и трединг,
categories.spa,Spa & massage,السبا والمساج,स्पा और मालिश,اسپا اور مالش,Spa y masajes,Spa et massage,Spa e massagem,Спа и массаж,
categories.bridal,Bridal,العرائس,दुल्हन,دلہن,Novias,Mariée,Noivas,Свадебные образы,
tabs.home,Home,الرئيسية,होम,ہوم,Inicio,Accueil,Início,Главная,
tabs.queue,Queue,الطابور,कतार,قطار,Fila,File,Fila,Очередь,
tabs.sale,Sale,البيع,बिक्री,فروخت,Venta,Vente,Venda,Продажа,
tabs.customers,Customers,العملاء,ग्राहक,گاہک,Clientes,Clients,Clientes,Клиенты,
tabs.more,More,المزيد,और,مزید,Más,Plus,Mais,Ещё,
tabs.pay,My pay,راتبي,मेरा वेतन,میری تنخواہ,Mi pago,Ma paie,Meus ganhos,Мой доход,
tabs.reportsTab,Reports,التقارير,रिपोर्ट,رپورٹس,Informes,Rapports,Relatórios,Отчёты,
tabs.accountsTab,Accounting,المحاسبة,हिसाब-किताब,حساب کتاب,Contabilidad,Comptabilité,Contabilidade,Бухгалтерия,
language.title,Language,اللغة,भाषा,زبان,Idioma,Langue,Idioma,Язык,
language.restartNote,Switching between Arabic or Urdu and any other language restarts the app to flip the layout.,التبديل بين العربية أو الأردية وأي لغة أخرى يعيد تشغيل التطبيق لقلب اتجاه الصفحة.,अरबी या उर्दू और किसी दूसरी भाषा के बीच बदलने पर लेआउट पलटने के लिए ऐप फिर से शुरू होता है।,عربی یا اردو اور کسی دوسری زبان کے درمیان تبدیلی پر لے آؤٹ پلٹنے کے لیے ایپ دوبارہ شروع ہوتی ہے۔,Cambiar entre árabe o urdu y cualquier otro idioma reinicia la app para invertir el diseño.,"Passer de l’arabe ou de l’ourdou à une autre langue, ou l’inverse, redémarre l’app pour inverser la mise en page.",Alternar entre árabe ou urdu e qualquer outro idioma reinicia o app para inverter o layout.,"При переключении между арабским или урду и любым другим языком приложение перезапустится, чтобы изменить направление текста.",
dev.gents,Gents,رجالي,पुरुष,مردانہ,Caballeros,Hommes,Masculino,Мужской,
dev.ladies,Ladies,نسائي,महिला,زنانہ,Damas,Femmes,Feminino,Женский,
dev.ltr,LTR,LTR,LTR,LTR,LTR,LTR,LTR,LTR,
dev.rtl,RTL,RTL,RTL,RTL,RTL,RTL,RTL,RTL,
dev.gallery,Gallery,المعرض,गैलरी,گیلری,Galería,Galerie,Galeria,Галерея,
dev.demo,Demo,العرض,डेमो,ڈیمو,Demo,Démo,Demonstração,Демо,
dev.laterPhase,This arrives in a later phase.,تأتي هذه الميزة في مرحلة لاحقة.,यह बाद के चरण में आएगा।,یہ بعد کے مرحلے میں آئے گا۔,Esto llega en una fase posterior.,Disponible dans une phase ultérieure.,Isso chega em uma fase posterior.,Это появится на следующем этапе.,
dev.demoOnly,Open the Queue tab to try the actions.,افتح تبويب الطابور لتجربة الإجراءات.,कार्रवाइयाँ आज़माने के लिए कतार टैब खोलें।,کارروائیاں آزمانے کے لیے قطار کا ٹیب کھولیں۔,Abre la pestaña Fila para probar las acciones.,Ouvrez l’onglet File pour essayer les actions.,Abra a aba Fila para testar as ações.,"Откройте вкладку «Очередь», чтобы попробовать действия.",
home.greeting.morning,"Good morning, {{name}}",صباح الخير، {{name}},"सुप्रभात, {{name}}",صبح بخیر، {{name}},"Buenos días, {{name}}","Bonjour, {{name}}","Bom dia, {{name}}","Доброе утро, {{name}}",
home.greeting.afternoon,"Good afternoon, {{name}}",مساء الخير، {{name}},"नमस्ते, {{name}}",سلام، {{name}},"Buenas tardes, {{name}}","Bon après-midi, {{name}}","Boa tarde, {{name}}","Добрый день, {{name}}",
home.greeting.evening,"Good evening, {{name}}",مساء الخير، {{name}},"शुभ संध्या, {{name}}",شام بخیر، {{name}},"Buenas noches, {{name}}","Bonsoir, {{name}}","Boa noite, {{name}}","Добрый вечер, {{name}}",
home.subline,{{queue}} in the queue · {{booked}} booked,{{queue}} في الانتظار · {{booked}} محجوز,{{queue}} कतार में · {{booked}} बुक,{{queue}} قطار میں · {{booked}} بک,{{queue}} en la fila · {{booked}} con cita,File : {{queue}} · Réservés : {{booked}},{{queue}} na fila · {{booked}} agendados,В очереди: {{queue}} · по записи: {{booked}},
home.searchPlaceholder,"Search customers, services, sales",ابحث عن العملاء والخدمات والمبيعات,"ग्राहक, सेवाएँ, बिक्री खोजें",گاہک، خدمات، فروخت تلاش کریں,"Buscar clientes, servicios, ventas","Rechercher clients, services, ventes","Pesquisar clientes, serviços, vendas","Поиск клиентов, услуг, продаж",
home.expectedCash,Expected cash today,النقد المتوقع اليوم,आज अपेक्षित नकद,آج متوقع نقد,Efectivo esperado hoy,Espèces attendues aujourd’hui,Dinheiro esperado hoje,Ожидаемые наличные сегодня,
home.vsYesterday,vs yesterday,مقارنة بالأمس,कल की तुलना में,کل کے مقابلے میں,vs. ayer,vs hier,vs. ontem,к вчерашнему дню,
home.closeDay,Close day,إغلاق اليوم,दिन बंद करें,دن بند کریں,Cerrar el día,Clôturer la journée,Fechar o dia,Закрыть день,
home.salesToday,Sales today,مبيعات اليوم,आज की बिक्री,آج کی فروخت,Ventas de hoy,Ventes du jour,Vendas hoje,Продажи сегодня,
home.salesSub,{{services}} · {{sales}},{{services}} · {{sales}},{{services}} · {{sales}},{{services}} · {{sales}},{{services}} · {{sales}},{{services}} · {{sales}},{{services}} · {{sales}},{{services}} · {{sales}},
home.servicesCount,{{count}} services,{{count}} خدمة,{{count}} सेवाएँ,{{count}} خدمات,{{count}} servicios,{{count}} services,{{count}} serviços,Услуг: {{count}},
home.servicesCount_one,{{count}} service,{{count}} خدمة,{{count}} सेवा,{{count}} خدمت,{{count}} servicio,{{count}} service,{{count}} serviço,{{count}} услуга,
home.salesCount,{{count}} sales,{{count}} عملية بيع,{{count}} बिक्री,{{count}} فروخت,{{count}} ventas,{{count}} ventes,{{count}} vendas,Продаж: {{count}},
home.salesCount_one,{{count}} sale,{{count}} عملية بيع,{{count}} बिक्री,{{count}} فروخت,{{count}} venta,{{count}} vente,{{count}} venda,{{count}} продажа,
home.appointmentsToday,Visits today,مواعيد اليوم,आज की अपॉइंटमेंट,آج کی ملاقاتیں,Visitas de hoy,Visites du jour,Atendimentos hoje,Визиты сегодня,
home.doneCount,{{n}} done,{{n}} مكتمل,{{n}} पूरे,{{n}} مکمل,{{n}} completadas,Terminés : {{n}},{{n}} concluídos,Завершено: {{n}},
home.appointmentsSub,{{waiting}} waiting · {{booked}} booked · {{noShow}} no-show,{{waiting}} ينتظر · {{booked}} محجوز · {{noShow}} لم يحضر,{{waiting}} इंतज़ार में · {{booked}} बुक · {{noShow}} नहीं आए,{{waiting}} منتظر · {{booked}} بک · {{noShow}} نہیں آئے,{{waiting}} esperando · {{booked}} con cita · {{noShow}} sin presentarse,{{waiting}} en attente · {{booked}} réservés · {{noShow}} absents,{{waiting}} aguardando · {{booked}} agendados · {{noShow}} faltas,ожидают: {{waiting}} · по записи: {{booked}} · неявки: {{noShow}},
home.moneyOut,Money out today,المصروف اليوم,आज का ख़र्च,آج کا خرچ,Salidas de dinero hoy,Sorties d’argent du jour,Saídas de hoje,Потрачено сегодня,
home.moneyOutSub,Purchases {{purchases}} · Expenses {{expenses}},المشتريات {{purchases}} · المصاريف {{expenses}},ख़रीद {{purchases}} · ख़र्च {{expenses}},خریداری {{purchases}} · اخراجات {{expenses}},Compras {{purchases}} · Gastos {{expenses}},Achats {{purchases}} · Dépenses {{expenses}},Compras {{purchases}} · Despesas {{expenses}},Закупки {{purchases}} · Расходы {{expenses}},
home.setup.title,Finish setting up,أكمل الإعداد,सेटअप पूरा करें,سیٹ اپ مکمل کریں,Termina la configuración,Terminer la configuration,Conclua a configuração,Завершите настройку,
home.setup.body,{{done}} of {{total}} steps done. Next: {{next}}.,أُنجزت {{done}} من {{total}} خطوات. التالي: {{next}}.,{{total}} में से {{done}} चरण पूरे। अगला: {{next}}।,{{total}} میں سے {{done}} مراحل مکمل۔ اگلا: {{next}}۔,{{done}} de {{total}} pasos listos. Siguiente: {{next}}.,{{done}} étapes sur {{total}} terminées. Suivante : {{next}}.,{{done}} de {{total}} etapas concluídas. Próxima: {{next}}.,Выполнено шагов: {{done}} из {{total}}. Далее: {{next}}.,
home.setup.action,Continue setup,متابعة الإعداد,सेटअप जारी रखें,سیٹ اپ جاری رکھیں,Seguir configurando,Continuer la configuration,Continuar configuração,Продолжить настройку,
home.setup.steps.services,check your services,راجع خدماتك,अपनी सर्विस जाँचें,اپنی سروسز چیک کریں,revisa tus servicios,vérifier vos services,revisar seus serviços,проверьте услуги,
home.setup.steps.staff,add your staff,أضف موظفيك,अपना स्टाफ़ जोड़ें,اپنا عملہ شامل کریں,agrega a tu personal,ajouter votre équipe,adicionar sua equipe,добавьте сотрудников,
home.setup.steps.tax,confirm tax settings,أكّد إعدادات الضريبة,टैक्स सेटिंग पक्की करें,ٹیکس سیٹنگ کی تصدیق کریں,confirma los ajustes de impuestos,confirmer les paramètres de taxe,confirmar as configurações de imposto,подтвердите налоговые настройки,
home.setup.steps.opening_cash,set opening cash,حدّد النقد الافتتاحي,ओपनिंग कैश सेट करें,ابتدائی نقد رکھیں,define el efectivo inicial,saisir le fond de caisse initial,definir o saldo inicial do caixa,укажите наличные на начало,
home.setup.steps.opening_stock,count your opening stock,جرد المخزون الافتتاحي,शुरुआती स्टॉक गिनें,ابتدائی اسٹاک گنیں,cuenta tu stock inicial,compter votre stock initial,contar seu estoque inicial,пересчитайте начальные остатки,
home.setup.steps.suppliers,add your suppliers,أضف مورديك,अपने सप्लायर जोड़ें,اپنے سپلائر شامل کریں,agrega tus proveedores,ajouter vos fournisseurs,adicionar seus fornecedores,добавьте поставщиков,
home.quickActions,Quick actions,إجراءات سريعة,त्वरित कार्य,فوری کام,Acciones rápidas,Actions rapides,Ações rápidas,Быстрые действия,
home.quick.walkIn,Walk-in,زبون حضوري,वॉक-इन,واک اِن,Sin cita,Sans RDV,Sem agendamento,Без записи,
home.quick.book,Book,حجز,बुक करें,بک کریں,Reservar,Réserver,Agendar,Записать,
home.quick.newSale,New sale,بيع جديد,नई बिक्री,نئی فروخت,Nueva venta,Nouvelle vente,Nova venda,Новая продажа,
home.quick.expense,Expense,مصروف,ख़र्च,خرچ,Gasto,Dépense,Despesa,Расход,
home.quick.stock,Stock,المخزون,स्टॉक,اسٹاک,Stock,Stock,Estoque,Склад,
home.quick.customer,Customer,عميل,ग्राहक,گاہک,Cliente,Client,Cliente,Клиент,
home.needsAttention,Needs attention,يحتاج إلى انتباه,ध्यान दें,توجہ درکار,Requiere atención,À traiter,Requer atenção,Требует внимания,
home.attentionActions.review,Review,مراجعة,देखें,دیکھیں,Revisar,Vérifier,Revisar,Проверить,
home.attentionActions.renew,Renew,تجديد,नवीनीकरण,تجدید,Renovar,Renouveler,Renovar,Продлить,
home.attentionActions.order,Order,طلب,ऑर्डर,آرڈر,Pedir,Commander,Pedir,Заказать,
home.attentionActions.pay,Pay,دفع,भुगतान,ادائیگی,Pagar,Payer,Pagar,Оплатить,
home.todaysQueue,Today's queue,طابور اليوم,आज की कतार,آج کی قطار,Fila de hoy,File du jour,Fila de hoje,Очередь на сегодня,
home.openQueue,Open queue,فتح الطابور,कतार खोलें,قطار کھولیں,Ver fila,Ouvrir la file,Abrir fila,Открыть очередь,
home.revenue7d,Revenue · last 7 days,الإيرادات · آخر 7 أيام,आय · पिछले 7 दिन,آمدنی · پچھلے 7 دن,Ingresos · últimos 7 días,Chiffre d’affaires · 7 derniers jours,Faturamento · últimos 7 dias,Выручка · последние 7 дней,
home.paymentMix,Payment mix today,طرق الدفع اليوم,आज भुगतान के तरीके,آج ادائیگی کے طریقے,Formas de pago de hoy,Moyens de paiement du jour,Formas de pagamento hoje,Способы оплаты сегодня,
home.mix.cash,Cash,نقدًا,नकद,نقد,Efectivo,Espèces,Dinheiro,Наличные,
home.mix.card,Card,بطاقة,कार्ड,کارڈ,Tarjeta,Carte,Cartão,Карта,
home.mix.wallet,Wallet,محفظة,वॉलेट,والیٹ,Billetera,Portefeuille,Carteira digital,Кошелёк,
home.mix.deposits,Deposits used,عربون مستخدم,जमा राशि उपयोग,استعمال شدہ ڈپازٹ,Anticipos usados,Acomptes utilisés,Sinais utilizados,Из предоплат,
home.staffToday,Staff today,الموظفون اليوم,आज का स्टाफ़,آج کا عملہ,Personal de hoy,Équipe du jour,Equipe hoje,Сотрудники сегодня,
home.staffLine,{{services}} · {{sales}},{{services}} · {{sales}},{{services}} · {{sales}},{{services}} · {{sales}},{{services}} · {{sales}},{{services}} · {{sales}},{{services}} · {{sales}},{{services}} · {{sales}},
home.staffState.on_shift,On shift,في المناوبة,ड्यूटी पर,ڈیوٹی پر,En turno,En service,Em turno,На смене,
home.staffState.with_client,With client,مع عميل,ग्राहक के साथ,گاہک کے ساتھ,Con cliente,Avec un client,Atendendo,С клиентом,
home.staffState.off,Off,إجازة,छुट्टी,چھٹی,De descanso,Repos,De folga,Выходной,
home.staffState.available,Available,متاح,खाली,فارغ,Disponible,Disponible,Disponível,Ждёт клиента,
home.topServices,Top services this week,أفضل الخدمات هذا الأسبوع,इस हफ़्ते की शीर्ष सेवाएँ,اس ہفتے کی بہترین خدمات,Servicios más pedidos esta semana,Services phares de la semaine,Serviços mais feitos na semana,Популярные услуги недели,
home.timesCount,{{n}}×,{{n}}×,{{n}}×,{{n}}×,{{n}}×,{{n}}×,{{n}}×,{{n}}×,
home.recentActivity,Recent activity,النشاط الأخير,हाल की गतिविधि,حالیہ سرگرمی,Actividad reciente,Activité récente,Atividade recente,Последние действия,
home.viewAuditTrail,View audit trail,عرض سجل التدقيق,ऑडिट ट्रेल देखें,آڈٹ ٹریل دیکھیں,Ver registro de auditoría,Voir le journal d’audit,Ver histórico de auditoria,Открыть журнал действий,
home.cashSub,Opening cash plus today's cash sales,النقد الافتتاحي مع مبيعات اليوم النقدية,ओपनिंग कैश और आज की कैश बिक्री,ابتدائی نقد اور آج کی نقد فروخت,Efectivo inicial más las ventas en efectivo de hoy,Fond de caisse plus ventes en espèces du jour,Saldo inicial do caixa mais as vendas em dinheiro de hoje,Наличные на начало дня плюс продажи за наличные сегодня,
home.noSalesYet,No sales yet today.,لا مبيعات اليوم بعد.,आज अभी कोई बिक्री नहीं।,آج ابھی کوئی فروخت نہیں۔,Aún no hay ventas hoy.,Aucune vente pour l’instant aujourd’hui.,Nenhuma venda hoje ainda.,Сегодня продаж пока нет.,
home.me.services,My services today,خدماتي اليوم,आज मेरी सर्विस,آج میری سروسز,Mis servicios de hoy,Mes services du jour,Meus serviços hoje,Мои услуги сегодня,
home.me.sales,My sales today,مبيعاتي اليوم,आज मेरी बिक्री,آج میری فروخت,Mis ventas de hoy,Mes ventes du jour,Minhas vendas hoje,Мои продажи сегодня,
home.me.commission,Commission this month,العمولة هذا الشهر,इस महीने कमीशन,اس ماہ کمیشن,Comisión de este mes,Commission du mois,Comissão deste mês,Комиссия за этот месяц,
home.dayPending,Counted · waiting for approval,معدود · بانتظار الموافقة,गिना गया · मंज़ूरी बाकी,گنا گیا · منظوری باقی,Contado · pendiente de aprobación,Compté · en attente d’approbation,Contado · aguardando aprovação,Пересчитано · ждёт одобрения,
home.dayClosed,Day closed,اليوم مغلق,दिन बंद,دن بند,Día cerrado,Journée clôturée,Dia fechado,День закрыт,
home.attention.closePending,Cash close {{date}} waiting for approval,إغلاق {{date}} بانتظار الموافقة,{{date}} की क्लोज़िंग मंज़ूरी के लिए बाकी,{{date}} کی کلوزنگ منظوری کے لیے باقی,Cierre de caja del {{date}} pendiente de aprobación,Clôture de caisse du {{date}} en attente d’approbation,Fechamento de caixa de {{date}} aguardando aprovação,Закрытие кассы за {{date}} ждёт одобрения,
home.attention.closePendingSub,Difference {{amount}},الفرق {{amount}},अंतर {{amount}},فرق {{amount}},Diferencia {{amount}},Écart {{amount}},Diferença de {{amount}},Расхождение {{amount}},
home.attention.unclosed,{{date}} was not closed,لم يُغلق {{date}},{{date}} बंद नहीं हुआ,{{date}} بند نہیں ہوا,El {{date}} no se cerró,La journée du {{date}} n’a pas été clôturée,O dia {{date}} não foi fechado,День {{date}} не закрыт,
home.attention.unclosedSub,Count and close it before today,عُدّه وأغلقه قبل اليوم,आज से पहले इसे गिनकर बंद करें,آج سے پہلے اسے گن کر بند کریں,Cuenta y cierra ese día antes de seguir con hoy,Comptez la caisse et clôturez-la avant de travailler aujourd’hui,Conte e feche esse dia antes de fechar o de hoje,"Пересчитайте кассу и закройте его, прежде чем работать сегодня",
home.attention.lowStock,{{count}} items low on stock,{{count}} أصناف مخزونها منخفض,{{count}} आइटम का स्टॉक कम,{{count}} آئٹم کا اسٹاک کم,{{count}} productos con poco stock,{{count}} articles en stock bas,{{count}} itens com estoque baixo,Товаров с низким остатком: {{count}},
home.attention.lowStock_one,{{count}} item low on stock,{{count}} أصناف مخزونها منخفض,{{count}} आइटम का स्टॉक कम,{{count}} آئٹم کا اسٹاک کم,{{count}} producto con poco stock,{{count}} article en stock bas,{{count}} item com estoque baixo,{{count}} товар с низким остатком,
home.attention.toolsDue,{{count}} tools need a service,{{count}} أدوات تحتاج صيانة,{{count}} औज़ारों को सर्विस चाहिए,{{count}} اوزار کو سروس چاہیے,{{count}} herramientas necesitan mantenimiento,{{count}} outils à entretenir,{{count}} ferramentas precisam de manutenção,Инструментов на обслуживание: {{count}},
home.attention.toolsDue_one,{{count}} tool needs a service,{{count}} أدوات تحتاج صيانة,{{count}} औज़ारों को सर्विस चाहिए,{{count}} اوزار کو سروس چاہیے,{{count}} herramienta necesita mantenimiento,{{count}} outil à entretenir,{{count}} ferramenta precisa de manutenção,{{count}} инструмент нужно обслужить,
home.attention.toolsDueSub,Service due within a week,الصيانة خلال أسبوع,एक हफ़्ते में सर्विस,ایک ہفتے میں سروس,Mantenimiento en menos de una semana,Entretien prévu d’ici une semaine,Manutenção prevista para os próximos 7 dias,Срок обслуживания — в течение недели,
home.attention.billsOverdue,{{count}} supplier bills overdue,{{count}} فواتير موردين متأخرة,{{count}} सप्लायर बिल बकाया,{{count}} سپلائر بل واجب الادا,{{count}} facturas de proveedores vencidas,{{count}} factures fournisseurs en retard,{{count}} contas de fornecedores em atraso,Просроченных счетов поставщиков: {{count}},
home.attention.billsOverdue_one,{{count}} supplier bill overdue,{{count}} فواتير موردين متأخرة,{{count}} सप्लायर बिल बकाया,{{count}} سپلائر بل واجب الادا,{{count}} factura de proveedor vencida,{{count}} facture fournisseur en retard,{{count}} conta de fornecedor em atraso,{{count}} счёт поставщика просрочен,
home.attention.billsDue,{{count}} supplier bills due this week,{{count}} فواتير موردين مستحقة هذا الأسبوع,इस हफ़्ते {{count}} सप्लायर बिल देय,اس ہفتے {{count}} سپلائر بل واجب,{{count}} facturas de proveedores vencen esta semana,{{count}} factures fournisseurs à payer cette semaine,{{count}} contas de fornecedores vencem esta semana,Счетов поставщиков к оплате на этой неделе: {{count}},
home.attention.billsDue_one,{{count}} supplier bill due this week,{{count}} فواتير موردين مستحقة هذا الأسبوع,इस हफ़्ते {{count}} सप्लायर बिल देय,اس ہفتے {{count}} سپلائر بل واجب,{{count}} factura de proveedor vence esta semana,{{count}} facture fournisseur à payer cette semaine,{{count}} conta de fornecedor vence esta semana,{{count}} счёт поставщика к оплате на этой неделе,
home.attention.billsSub,{{amount}} to pay,{{amount}} للدفع,{{amount}} देना है,{{amount}} ادا کرنا ہے,{{amount}} por pagar,{{amount}} à payer,{{amount}} a pagar,К оплате {{amount}},
home.attention.payrollPending,Payroll {{month}} waiting for approval,رواتب {{month}} بانتظار الاعتماد,{{month}} का पेरोल मंज़ूरी बाकी,{{month}} کا پے رول منظوری باقی,Nómina de {{month}} pendiente de aprobación,Paie de {{month}} en attente d’approbation,Folha de pagamento de {{month}} aguardando aprovação,Зарплата за {{month}} ждёт одобрения,
home.attention.payrollPendingSub,Check it and approve to pay,راجعها واعتمدها للدفع,जाँचें और भुगतान के लिए मंज़ूर करें,جانچیں اور ادائیگی کے لیے منظور کریں,Revísala y apruébala para pagar,Vérifiez-la et approuvez-la pour payer,Confira e aprove para pagar,"Проверьте и одобрите, чтобы выплатить",
home.attention.wpsMissing,{{count}} salaries need WPS proof,{{count}} رواتب تحتاج إثبات حماية الأجور,{{count}} वेतन के WPS सबूत बाकी,{{count}} تنخواہوں کا WPS ثبوت باقی,{{count}} sueldos necesitan comprobante WPS,{{count}} salaires sans preuve WPS,{{count}} salários precisam de comprovante WPS,Зарплат без подтверждения WPS: {{count}},
home.attention.wpsMissing_one,{{count}} salary needs WPS proof,{{count}} رواتب تحتاج إثبات حماية الأجور,{{count}} वेतन के WPS सबूत बाकी,{{count}} تنخواہوں کا WPS ثبوت باقی,{{count}} sueldo necesita comprobante WPS,{{count}} salaire sans preuve WPS,{{count}} salário precisa de comprovante WPS,{{count}} зарплата без подтверждения WPS,
home.attention.wpsMissingSub,Target: 85% proven by day 5,الهدف: 85% مثبت بحلول اليوم 5,लक्ष्य: 5 तारीख तक 85%,ہدف: 5 تاریخ تک 85%,Meta: 85% comprobado antes del día 5,Objectif : 85 % justifiés d’ici le 5,Meta: 85% comprovados até o dia 5,Цель: 85% подтверждено к 5-му числу,
home.attention.compliance,{{count}} compliance records need attention,{{count}} سجلات امتثال تحتاج انتباهًا,{{count}} अनुपालन रिकॉर्ड पर ध्यान दें,{{count}} تعمیل ریکارڈز پر توجہ دیں,{{count}} registros de cumplimiento requieren atención,{{count}} documents de conformité à traiter,{{count}} registros de conformidade precisam de atenção,"Документов, требующих внимания: {{count}}",
home.attention.compliance_one,{{count}} compliance record needs attention,{{count}} سجلات امتثال تحتاج انتباهًا,{{count}} अनुपालन रिकॉर्ड पर ध्यान दें,{{count}} تعمیل ریکارڈز پر توجہ دیں,{{count}} registro de cumplimiento requiere atención,{{count}} document de conformité à traiter,{{count}} registro de conformidade precisa de atenção,{{count}} документ требует внимания,
home.attention.complianceSub,Inspection readiness {{pct}}%,الجاهزية للتفتيش {{pct}}%,निरीक्षण तैयारी {{pct}}%,معائنے کی تیاری {{pct}}%,Preparación para inspección: {{pct}}%,Prêt pour l’inspection à {{pct}} %,Preparação para inspeção: {{pct}}%,Готовность к проверке {{pct}}%,
home.attention.hygiene,Today's hygiene log is not signed,سجل النظافة لليوم غير موقّع,आज का स्वच्छता लॉग साइन नहीं,آج کا صفائی لاگ دستخط شدہ نہیں,El registro de higiene de hoy no está firmado,Le registre d’hygiène du jour n’est pas signé,O registro de higiene de hoje não foi assinado,Журнал гигиены за сегодня не подписан,
home.attention.hygieneSub,"Tools, towels, surfaces, floors, waste",الأدوات، المناشف، الأسطح، الأرضيات، النفايات,"औज़ार, तौलिये, सतहें, फ़र्श, कचरा",اوزار، تولیے، سطحیں، فرش، کچرا,"Herramientas, toallas, superficies, suelos, residuos","Outils, serviettes, surfaces, sols, déchets","Ferramentas, toalhas, superfícies, pisos, lixo","Инструменты, полотенца, поверхности, полы, отходы",
home.attentionClose,Close,إغلاق,बंद करें,بند کریں,Cerrar,Fermer,Fechar,Закрыть,
home.viewClosing,Cash closing,إغلاق النقدية,कैश क्लोज़िंग,کیش کلوزنگ,Cierre de caja,Clôture de caisse,Fechamento de caixa,Закрытие кассы,
queue.title,Queue,الطابور,कतार,قطار,Fila,File d’attente,Fila,Очередь,
queue.new,New,جديد,नया,نیا,Nuevo,Nouveau,Novo,Создать,
queue.guest,Guest,ضيف,मेहमान,مہمان,Invitado,Client de passage,Cliente avulso,Гость,
queue.waitingFor,waiting {{minutes}} min,ينتظر منذ {{minutes}} دقيقة,{{minutes}} मिनट से प्रतीक्षा,{{minutes}} منٹ سے انتظار,esperando {{minutes}} min,attend depuis {{minutes}} min,aguardando há {{minutes}} min,ждёт {{minutes}} мин,
queue.inMinutes,in {{minutes}} min,بعد {{minutes}} دقيقة,{{minutes}} मिनट में,{{minutes}} منٹ میں,en {{minutes}} min,dans {{minutes}} min,em {{minutes}} min,через {{minutes}} мин,
queue.startedAt,Started {{time}},بدأ {{time}},{{time}} पर शुरू,{{time}} پر شروع,Inicio {{time}},Commencé à {{time}},Iniciado às {{time}},Начало в {{time}},
queue.days.today,Today,اليوم,आज,آج,Hoy,Aujourd’hui,Hoje,Сегодня,
queue.days.tomorrow,Tomorrow,غدًا,कल,کل,Mañana,Demain,Amanhã,Завтра,
queue.days.week,This week,هذا الأسبوع,इस हफ़्ते,اس ہفتے,Esta semana,Cette semaine,Esta semana,Эта неделя,
queue.filters.all,All,الكل,सभी,سب,Todos,Tous,Todos,Все,
queue.summary.waiting,Waiting {{n}} · longest {{minutes}} min,في الانتظار {{n}} · الأطول {{minutes}} دقيقة,प्रतीक्षा {{n}} · सबसे लंबी {{minutes}} मिनट,انتظار {{n}} · سب سے طویل {{minutes}} منٹ,Esperando {{n}} · máx. {{minutes}} min,En attente {{n}} · max {{minutes}} min,Aguardando {{n}} · maior espera {{minutes}} min,Ожидают: {{n}} · дольше всех {{minutes}} мин,
queue.summary.booked,Booked {{n}},محجوز {{n}},बुक {{n}},بک شدہ {{n}},Con cita {{n}},Réservés {{n}},Agendados {{n}},По записи: {{n}},
queue.summary.completed,Completed {{n}},مكتمل {{n}},पूरे {{n}},مکمل {{n}},Completadas {{n}},Terminés {{n}},Concluídos {{n}},Завершено: {{n}},
queue.summary.deposits,Deposits held {{amount}},عربون محتجز {{amount}},जमा राशि {{amount}},رکھے گئے ڈپازٹ {{amount}},Anticipos retenidos {{amount}},Acomptes détenus {{amount}},Sinais recebidos {{amount}},Предоплаты: {{amount}},
queue.badges.walk_in,Walk-in,حضوري,वॉक-इन,واک اِن,Sin cita,Sans RDV,Sem agendamento,Без записи,
queue.badges.preferred,Preferred,مفضل,पसंदीदा,پسندیدہ,Preferido,Préféré,Preferido,Свой мастер,
queue.badges.patch_test,Patch test before colour,اختبار حساسية قبل الصبغة,रंग से पहले पैच टेस्ट,رنگ سے پہلے پیچ ٹیسٹ,Prueba de alergia antes del tinte,Test cutané avant coloration,Teste de alergia antes da coloração,Тест на аллергию перед окрашиванием,
queue.badges.second_no_show,2nd no-show,عدم حضور للمرة الثانية,दूसरी बार नहीं आए,دوسری بار نہیں آئے,2.ª inasistencia,2e absence,2ª falta,2-я неявка,
queue.badges.deposit,Deposit held,عربون محتجز,जमा राशि रखी,ڈپازٹ رکھا گیا,Anticipo retenido,Acompte versé,Sinal pago,Есть предоплата,
queue.visits,{{n}} visits,{{n}} زيارات,{{n}} विज़िट,{{n}} دورے,{{n}} visitas,{{n}} visites,{{n}} visitas,Визитов: {{n}},
queue.actions.checkIn,Check in,تسجيل الحضور,चेक इन,چیک اِن,Registrar llegada,Marquer l’arrivée,Registrar chegada,Отметить приход,
queue.actions.start,Start,بدء,शुरू करें,شروع کریں,Empezar,Commencer,Iniciar,Начать,
queue.actions.complete,Complete,إنهاء,पूरा करें,مکمل کریں,Terminar,Terminer,Concluir,Завершить,
queue.actions.rebook,Rebook,إعادة الحجز,फिर से बुक करें,دوبارہ بک کریں,Volver a reservar,Reprendre RDV,Reagendar,Записать снова,
queue.actions.noShow,Mark no-show,تسجيل عدم حضور,नहीं आए,نہیں آئے,Marcar inasistencia,Marquer absent,Marcar falta,Отметить неявку,
queue.actions.cancel,Cancel,إلغاء,रद्द करें,منسوخ,Cancelar,Annuler,Cancelar,Отменить,
queue.actions.undoNoShow,Undo no-show,التراجع عن عدم الحضور,नो-शो वापस लें,نو شو واپس لیں,Deshacer inasistencia,Annuler l’absence,Desfazer falta,Отменить неявку,
queue.toast.checkIn,Checked in {{name}},تم تسجيل حضور {{name}},{{name}} चेक इन हुए,{{name}} کا چیک اِن ہو گیا,Llegada registrada: {{name}},Arrivée de {{name}} enregistrée,Chegada de {{name}} registrada,{{name}}: приход отмечен,
queue.toast.start,Started {{name}},بدأت خدمة {{name}},{{name}} की सेवा शुरू,{{name}} کی سروس شروع,Servicio iniciado: {{name}},Service commencé pour {{name}},Atendimento de {{name}} iniciado,{{name}}: обслуживание начато,
queue.toast.complete,Completed {{name}},اكتملت خدمة {{name}},{{name}} की सेवा पूरी,{{name}} کی سروس مکمل,Servicio terminado: {{name}},Service terminé pour {{name}},Atendimento de {{name}} concluído,{{name}}: визит завершён,
queue.toast.rebook,Rebooking {{name}} arrives in phase 4,إعادة حجز {{name}} تأتي في المرحلة 4,{{name}} की दोबारा बुकिंग चरण 4 में आएगी,{{name}} کی دوبارہ بکنگ مرحلہ 4 میں آئے گی,Volver a reservar a {{name}} llega en la fase 4,La reprise de RDV pour {{name}} arrive en phase 4,O reagendamento de {{name}} chega na fase 4,Повторная запись ({{name}}) появится на этапе 4,
queue.toast.booked,Booked {{name}},تم حجز {{name}},{{name}} बुक हुआ,{{name}} بک ہو گیا,Cita reservada: {{name}},Rendez-vous réservé pour {{name}},Agendamento de {{name}} criado,{{name}}: запись создана,
queue.toast.walkIn,{{name}} added to the queue,أُضيف {{name}} إلى الانتظار,{{name}} कतार में जोड़ा,{{name}} قطار میں شامل,{{name}} ya está en la fila,{{name}} est dans la file,{{name}} entrou na fila,{{name}} — в очереди,
queue.toast.noShow,Marked {{name}} as no-show,سُجّل {{name}} كغائب,{{name}} को नहीं आए लिखा,{{name}} کو غیر حاضر لکھا,Inasistencia marcada: {{name}},Absence enregistrée pour {{name}},Falta de {{name}} registrada,{{name}}: отмечена неявка,
queue.toast.cancel,Cancelled {{name}},أُلغي موعد {{name}},{{name}} रद्द,{{name}} منسوخ,Cita cancelada: {{name}},Visite de {{name}} annulée,Agendamento de {{name}} cancelado,{{name}}: визит отменён,
queue.toast.cancel_refund,Cancelled {{name}}. Deposit refunded.,أُلغي موعد {{name}}. استُرد العربون.,{{name}} रद्द। डिपॉज़िट वापस।,{{name}} منسوخ۔ ڈپازٹ واپس۔,Cita de {{name}} cancelada. Anticipo devuelto.,Visite de {{name}} annulée. Acompte remboursé.,Agendamento de {{name}} cancelado. Sinal reembolsado.,{{name}}: визит отменён. Предоплата возвращена.,
queue.toast.cancel_forfeit,Cancelled {{name}}. Deposit kept.,أُلغي موعد {{name}}. احتُفظ بالعربون.,{{name}} रद्द। डिपॉज़िट रखा गया।,{{name}} منسوخ۔ ڈپازٹ رکھا گیا۔,Cita de {{name}} cancelada. Anticipo retenido.,Visite de {{name}} annulée. Acompte conservé.,Agendamento de {{name}} cancelado. Sinal retido.,{{name}}: визит отменён. Предоплата удержана.,
queue.toast.cancel_none,Cancelled {{name}},أُلغي موعد {{name}},{{name}} रद्द,{{name}} منسوخ,Cita cancelada: {{name}},Visite de {{name}} annulée,Agendamento de {{name}} cancelado,{{name}}: визит отменён,
queue.toast.undoNoShow,{{name}} is back in the queue,عاد {{name}} إلى الطابور,{{name}} फिर से कतार में हैं,{{name}} دوبارہ قطار میں ہیں,{{name}} volvió a la fila,{{name}} est de retour dans la file,{{name}} voltou para a fila,{{name}} снова в очереди,
queue.moreActions,More actions for {{name}},إجراءات أخرى لـ {{name}},{{name}} के लिए और कार्य,{{name}} کے لیے مزید کام,Más acciones para {{name}},Plus d’actions pour {{name}},Mais ações para {{name}},Другие действия: {{name}},
queue.empty,No one is waiting. Add a walk-in.,لا أحد في الانتظار. أضف زبونًا حضوريًا.,कोई प्रतीक्षा में नहीं है। वॉक-इन जोड़ें।,کوئی انتظار میں نہیں۔ واک اِن شامل کریں۔,No hay nadie esperando. Agrega un cliente sin cita.,Personne n’attend. Ajoutez un client sans RDV.,Ninguém aguardando. Adicione um cliente sem agendamento.,Никто не ждёт. Добавьте клиента без записи.,
queue.addWalkIn,Add walk-in,إضافة زبون حضوري,वॉक-इन जोड़ें,واک اِن شامل کریں,Agregar sin cita,Ajouter un client sans RDV,Adicionar à fila,Добавить без записи,
queue.late,{{minutes}} min late,متأخر {{minutes}} د,{{minutes}} मिनट देर,{{minutes}} منٹ تاخیر,{{minutes}} min tarde,{{minutes}} min de retard,{{minutes}} min de atraso,Опаздывает на {{minutes}} мин,
queue.noServices,No service picked,لم تُختر خدمة,कोई सर्विस नहीं चुनी,کوئی سروس نہیں چنی,Sin servicio elegido,Aucun service choisi,Nenhum serviço escolhido,Услуга не выбрана,
queue.depositHeld,Deposit {{amount}},عربون {{amount}},डिपॉज़िट {{amount}},ڈپازٹ {{amount}},Anticipo {{amount}},Acompte {{amount}},Sinal {{amount}},Предоплата {{amount}},
queue.depositRule,"Deposit {{amount}}: refunded if cancelled {{hours}} h or more before, kept if later or no-show.",عربون {{amount}}: يُسترد عند الإلغاء قبل {{hours}} ساعة أو أكثر، ويُحتفظ به عند الإلغاء المتأخر أو عدم الحضور.,"डिपॉज़िट {{amount}}: {{hours}} घंटे या पहले रद्द करने पर वापस, बाद में या न आने पर रखा जाएगा।",ڈپازٹ {{amount}}: {{hours}} گھنٹے یا پہلے منسوخی پر واپس، بعد میں یا نہ آنے پر رکھا جائے گا۔,Anticipo {{amount}}: se devuelve si se cancela con {{hours}} h o más de antelación; se retiene si se cancela más tarde o si no se presenta.,"Acompte {{amount}} : remboursé en cas d’annulation au moins {{hours}} h avant, conservé si l’annulation est plus tardive ou en cas d’absence.",Sinal de {{amount}}: reembolsado se cancelado com {{hours}} h ou mais de antecedência; retido se cancelado depois disso ou em caso de falta.,"Предоплата {{amount}}: возвращается при отмене за {{hours}} ч или раньше, удерживается при более поздней отмене или неявке.",
queue.cancelReason,Reason for cancelling,سبب الإلغاء,रद्द करने का कारण,منسوخی کی وجہ,Motivo de la cancelación,Motif d’annulation,Motivo do cancelamento,Причина отмены,
queue.confirmCancel,Cancel appointment,إلغاء الموعد,अपॉइंटमेंट रद्द करें,اپائنٹمنٹ منسوخ کریں,Cancelar cita,Annuler le rendez-vous,Cancelar agendamento,Отменить запись,
queue.viewSale,View sale,عرض البيع,बिक्री देखें,فروخت دیکھیں,Ver venta,Voir la vente,Ver venda,Открыть продажу,
queue.newBooking,New appointment,موعد جديد,नया अपॉइंटमेंट,نئی اپائنٹمنٹ,Nueva cita,Nouveau rendez-vous,Novo agendamento,Новая запись,
queue.newWalkIn,New walk-in,زائر جديد,नया वॉक-इन,نیا واک اِن,Nueva visita sin cita,Nouveau client sans RDV,Novo cliente na fila,Клиент без записи,
queue.book,Book,احجز,बुक करें,بک کریں,Reservar,Réserver,Agendar,Записать,
queue.addToQueue,Add to queue,أضف إلى الانتظار,कतार में जोड़ें,قطار میں شامل کریں,Agregar a la fila,Ajouter à la file,Adicionar à fila,Добавить в очередь,
queue.walkIn,Walk-in,بدون موعد,वॉक-इन,واک اِن,Sin cita,Sans RDV,Sem agendamento,Без записи,
queue.appointment,Appointment,موعد,अपॉइंटमेंट,اپائنٹمنٹ,Cita,Rendez-vous,Agendamento,Запись,
queue.services,Services,الخدمات,सर्विस,سروسز,Servicios,Services,Serviços,Услуги,
queue.room,Room,الغرفة,कमरा,کمرہ,Sala,Cabine,Sala,Кабинет,
queue.date,Date,التاريخ,तारीख,تاریخ,Fecha,Date,Data,Дата,
queue.time,Time,الوقت,समय,وقت,Hora,Heure,Horário,Время,
queue.noSlots,No free times this day. Try another day.,لا أوقات متاحة هذا اليوم. جرّب يومًا آخر.,इस दिन कोई खाली समय नहीं। दूसरा दिन देखें।,اس دن کوئی خالی وقت نہیں۔ دوسرا دن دیکھیں۔,No hay horarios libres este día. Prueba otro día.,Aucun créneau libre ce jour-là. Essayez un autre jour.,Nenhum horário livre neste dia. Tente outro dia.,В этот день нет свободного времени. Выберите другой день.,
queue.deposit,Deposit,العربون,डिपॉज़िट,ڈپازٹ,Anticipo,Acompte,Sinal,Предоплата,
queue.depositAmount,Deposit amount (optional),مبلغ العربون (اختياري),डिपॉज़िट रकम (वैकल्पिक),ڈپازٹ رقم (اختیاری),Monto del anticipo (opcional),Montant de l’acompte (facultatif),Valor do sinal (opcional),Сумма предоплаты (необязательно),
queue.notes,Notes,ملاحظات,नोट्स,نوٹس,Notas,Notes,Observações,Заметки,
queue.summaryLine,{{minutes}} min · {{amount}},{{minutes}} د · {{amount}},{{minutes}} मिनट · {{amount}},{{minutes}} منٹ · {{amount}},{{minutes}} min · {{amount}},{{minutes}} min · {{amount}},{{minutes}} min · {{amount}},{{minutes}} мин · {{amount}},
queue.guestName,Guest name (optional),اسم الضيف (اختياري),मेहमान का नाम (वैकल्पिक),مہمان کا نام (اختیاری),Nombre del invitado (opcional),Nom du client (facultatif),Nome do cliente (opcional),Имя гостя (необязательно),
queue.pickVisit,Pick a visit in the list to see it here.,اختر زيارة من القائمة لتظهر هنا.,यहाँ देखने के लिए सूची में से कोई विज़िट चुनें।,یہاں دیکھنے کے لیے فہرست میں سے کوئی وزٹ منتخب کریں۔,Elige una visita de la lista para verla aquí.,Choisissez une visite dans la liste pour l’afficher ici.,Escolha um atendimento na lista para vê-lo aqui.,"Выберите визит в списке, чтобы увидеть его здесь.",
queue.customerRecord,Customer record,سجل العميل,ग्राहक का रिकॉर्ड,گاہک کا ریکارڈ,Ficha del cliente,Fiche client,Ficha do cliente,Карточка клиента,
queue.moreActionsShort,More actions,إجراءات أخرى,और विकल्प,مزید اقدامات,Más acciones,Plus d’actions,Mais ações,Ещё,
sale.title,Quick sale,بيع سريع,त्वरित बिक्री,فوری فروخت,Venta rápida,Vente rapide,Venda rápida,Быстрая продажа,
sale.subtitle,Tap services to start a sale.,اضغط على الخدمات لبدء عملية بيع.,बिक्री शुरू करने के लिए सेवाओं पर टैप करें।,فروخت شروع کرنے کے لیے خدمات پر ٹیپ کریں۔,Toca los servicios para empezar una venta.,Touchez des services pour commencer une vente.,Toque nos serviços para começar uma venda.,"Нажимайте на услуги, чтобы начать продажу.",
sale.all,All,الكل,सभी,سب,Todos,Tous,Todos,Все,
sale.basketCount,{{n}} in the basket,{{n}} في السلة,टोकरी में {{n}},ٹوکری میں {{n}},{{n}} en el carrito,{{n}} dans le panier,{{n}} no carrinho,В корзине: {{n}},
sale.basketEmpty,Nothing added yet,لم تتم إضافة شيء بعد,अभी कुछ नहीं जोड़ा,ابھی کچھ شامل نہیں,Aún no agregaste nada,Rien d’ajouté pour l’instant,Nada adicionado ainda,Пока ничего не добавлено,
sale.checkout,Checkout,الدفع,चेकआउट,چیک آؤٹ,Cobrar,Encaisser,Finalizar,Оформить,
sale.customer,Customer,العميل,ग्राहक,گاہک,Cliente,Client,Cliente,Клиент,
sale.guest,One-time guest,ضيف لمرة واحدة,एक बार का मेहमान,ایک بار کا مہمان,Cliente ocasional,Client de passage,Cliente avulso,Разовый гость,
sale.findCustomer,Find customer,البحث عن عميل,ग्राहक खोजें,گاہک تلاش کریں,Buscar cliente,Trouver un client,Buscar cliente,Найти клиента,
sale.newCustomer,New customer,عميل جديد,नया ग्राहक,نیا گاہک,Nuevo cliente,Nouveau client,Novo cliente,Новый клиент,
sale.discount,Discount,خصم,छूट,رعایت,Descuento,Remise,Desconto,Скидка,
sale.tip,Tip,إكرامية,टिप,ٹپ,Propina,Pourboire,Gorjeta,Чаевые,
sale.payment,Payment,الدفع,भुगतान,ادائیگی,Pago,Paiement,Pagamento,Оплата,
sale.methods.cash,Cash,نقدًا,नकद,نقد,Efectivo,Espèces,Dinheiro,Наличные,
sale.methods.card,Card,بطاقة,कार्ड,کارڈ,Tarjeta,Carte,Cartão,Карта,
sale.methods.wallet,Wallet,محفظة,वॉलेट,والیٹ,Billetera,Portefeuille,Carteira digital,Кошелёк,
sale.methods.split,Split,تقسيم,बाँटें,تقسیم,Mixto,Mixte,Dividido,Раздельно,
sale.methods.deposit,Deposit,العربون,डिपॉज़िट,ڈپازٹ,Anticipo,Acompte,Sinal,Предоплата,
sale.subtotal,Subtotal,المجموع الفرعي,उप-योग,ذیلی کل,Subtotal,Sous-total,Subtotal,Подытог,
sale.vat,{{tax}},{{tax}},{{tax}},{{tax}},{{tax}},{{tax}},{{tax}},{{tax}},
sale.vatNotApplied,Not applied,غير مطبقة,लागू नहीं,لاگو نہیں,No aplicado,Non appliquée,Não aplicado,Не применяется,
sale.vatIncluded,{{amount}} included,{{amount}} مشمولة,{{amount}} शामिल,{{amount}} شامل,{{amount}} incluido,{{amount}} incluse,{{amount}} incluído,В т. ч. {{amount}},
sale.amountDue,Amount due,المبلغ المستحق,देय राशि,واجب رقم,Total a pagar,Montant dû,Valor a pagar,К оплате,
sale.willUpdate,Saving updates expected cash and stock ({{stock}}).,الحفظ يحدّث النقد المتوقع والمخزون ({{stock}}).,सेव करने से अपेक्षित कैश और स्टॉक ({{stock}}) अपडेट होंगे।,محفوظ کرنے سے متوقع نقد اور اسٹاک ({{stock}}) اپڈیٹ ہوں گے۔,Al guardar se actualizan el efectivo esperado y el stock ({{stock}}).,L’enregistrement met à jour les espèces attendues et le stock ({{stock}}).,"Ao salvar, o dinheiro esperado e o estoque ({{stock}}) são atualizados.",При сохранении обновятся ожидаемые наличные и остатки ({{stock}}).,
sale.save,Save sale · {{amount}},حفظ البيع · {{amount}},बिक्री सहेजें · {{amount}},فروخت محفوظ کریں · {{amount}},Guardar venta · {{amount}},Enregistrer la vente · {{amount}},Salvar venda · {{amount}},Сохранить продажу · {{amount}},
sale.saved,Sale saved,تم حفظ البيع,बिक्री सहेजी गई,فروخت محفوظ ہو گئی,Venta guardada,Vente enregistrée,Venda salva,Продажа сохранена,
sale.doneTitle,Sale {{number}} saved,تم حفظ البيع {{number}},बिक्री {{number}} सहेजी गई,فروخت {{number}} محفوظ ہو گئی,Venta {{number}} guardada,Vente {{number}} enregistrée,Venda {{number}} salva,Продажа {{number}} сохранена,
sale.paidWith,Paid by {{method}},الدفع: {{method}},{{method}} से भुगतान,{{method}} سے ادائیگی,Pagado con {{method}},Paiement : {{method}},Pago com {{method}},Оплата: {{method}},
sale.doneBody,Share the receipt or start the next sale.,شارك الإيصال أو ابدأ البيع التالي.,रसीद भेजें या अगली बिक्री शुरू करें।,رسید بھیجیں یا اگلی فروخت شروع کریں۔,Comparte el recibo o empieza la siguiente venta.,Partagez le reçu ou commencez la vente suivante.,Compartilhe o recibo ou comece a próxima venda.,Отправьте чек или начните следующую продажу.,
sale.shareReceipt,Share receipt,مشاركة الإيصال,रसीद भेजें,رسید بھیجیں,Compartir recibo,Partager le reçu,Compartilhar recibo,Отправить чек,
sale.print,Print,طباعة,प्रिंट,پرنٹ,Imprimir,Imprimer,Imprimir,Печать,
sale.newSale,New sale,بيع جديد,नई बिक्री,نئی فروخت,Nueva venta,Nouvelle vente,Nova venda,Новая продажа,
sale.forCustomer,For {{name}},لـ {{name}},{{name}} के लिए,{{name}} کے لیے,Para {{name}},Pour {{name}},Para {{name}},Клиент: {{name}},
sale.noServices,No services yet.,لا توجد خدمات بعد.,अभी कोई सर्विस नहीं।,ابھی کوئی سروس نہیں۔,Aún no hay servicios.,Aucun service pour l’instant.,Nenhum serviço ainda.,Услуг пока нет.,
sale.customItem,Custom item,بند مخصص,कस्टम आइटम,کسٹم آئٹم,Artículo personalizado,Article libre,Item personalizado,Своя позиция,
sale.customName,What is it?,ما هو؟,यह क्या है?,یہ کیا ہے؟,¿Qué es?,De quoi s’agit-il ?,O que é?,Что это?,
sale.customPrice,Price,السعر,कीमत,قیمت,Precio,Prix,Preço,Цена,
sale.addToBasket,Add to basket,أضف إلى السلة,बास्केट में जोड़ें,ٹوکری میں شامل کریں,Agregar al carrito,Ajouter au panier,Adicionar ao carrinho,В корзину,
sale.splitRemaining,Left to allocate: {{amount}},المتبقي للتوزيع: {{amount}},बाँटना बाकी: {{amount}},تقسیم باقی: {{amount}},Falta asignar: {{amount}},Reste à répartir : {{amount}},Falta distribuir: {{amount}},Осталось распределить: {{amount}},
sale.depositApplied,Deposit used,العربون المستخدم,डिपॉज़िट इस्तेमाल,ڈپازٹ استعمال,Anticipo usado,Acompte utilisé,Sinal utilizado,Зачтена предоплата,
sale.willUpdateStaff,"Saving updates expected cash, {{staff}}'s commission and stock ({{stock}}).",الحفظ يحدّث النقد المتوقع وعمولة {{staff}} والمخزون ({{stock}}).,"सेव करने से अपेक्षित कैश, {{staff}} का कमीशन और स्टॉक ({{stock}}) अपडेट होंगे।",محفوظ کرنے سے متوقع نقد، {{staff}} کا کمیشن اور اسٹاک ({{stock}}) اپڈیٹ ہوں گے۔,"Al guardar se actualizan el efectivo esperado, la comisión de {{staff}} y el stock ({{stock}}).","L’enregistrement met à jour les espèces attendues, la commission de {{staff}} et le stock ({{stock}}).","Ao salvar, o dinheiro esperado, a comissão de {{staff}} e o estoque ({{stock}}) são atualizados.","При сохранении обновятся ожидаемые наличные, комиссия ({{staff}}) и остатки ({{stock}}).",
sale.noStock,no products,بدون منتجات,कोई प्रोडक्ट नहीं,کوئی پروڈکٹ نہیں,sin productos,aucun produit,nenhum produto,нет товаров,
sale.printReceipt,Print receipt,طباعة الإيصال,रसीद प्रिंट करें,رسید پرنٹ کریں,Imprimir recibo,Imprimer le reçu,Imprimir recibo,Печать чека,
sale.lowStock,Low stock: {{items}},مخزون منخفض: {{items}},कम स्टॉक: {{items}},کم اسٹاک: {{items}},Poco stock: {{items}},Stock bas : {{items}},Estoque baixo: {{items}},Мало на складе: {{items}},
sale.products,Products,منتجات,उत्पाद,مصنوعات,Productos,Produits,Produtos,Товары,
sale.inStock,{{qty}} in stock,{{qty}} في المخزون,{{qty}} स्टॉक में,{{qty}} اسٹاک میں,{{qty}} en stock,{{qty}} en stock,{{qty}} em estoque,В наличии: {{qty}},
sale.noProducts,No products for sale yet.,لا توجد منتجات للبيع بعد.,अभी बेचने को कोई उत्पाद नहीं।,ابھی فروخت کے لیے کوئی چیز نہیں۔,Aún no hay productos a la venta.,Aucun produit en vente pour l’instant.,Nenhum produto à venda ainda.,Товаров для продажи пока нет.,
sale.sendWhatsApp,Send on WhatsApp,إرسال عبر واتساب,व्हाट्सऐप पर भेजें,واٹس ایپ پر بھیجیں,Enviar por WhatsApp,Envoyer sur WhatsApp,Enviar pelo WhatsApp,Отправить в WhatsApp,
sale.tipHint,The {{staff}} keeps the whole tip. No commission is taken on tips.,يحتفظ {{staff}} بالإكرامية كاملة. لا تُحتسب عمولة على الإكراميات.,पूरी टिप {{staff}} की होती है। टिप पर कोई कमीशन नहीं लिया जाता।,پوری ٹپ {{staff}} کی ہوتی ہے۔ ٹپ پر کوئی کمیشن نہیں لیا جاتا۔,Toda la propina es para el {{staff}}. Las propinas no generan comisión.,Le {{staff}} garde tout le pourboire. Aucune commission n’est prise sur les pourboires.,O {{staff}} fica com a gorjeta inteira. Não há comissão sobre gorjetas.,Все чаевые получает {{staff}}. Комиссия с чаевых не удерживается.,
sale.current,Current sale,البيع الحالي,मौजूदा बिक्री,موجودہ فروخت,Venta actual,Vente en cours,Venda atual,Текущая продажа,
sale.clear,Clear,مسح,साफ़ करें,صاف کریں,Vaciar,Vider,Limpar,Очистить,
customers.subtitle,"Profiles, visits and notes.",الملفات والزيارات والملاحظات.,"प्रोफ़ाइल, विज़िट और नोट्स।",پروفائل، دورے اور نوٹس۔,"Perfiles, visitas y notas.","Profils, visites et notes.","Perfis, visitas e observações.","Профили, визиты и заметки.",
customers.search,Search by name or phone,ابحث بالاسم أو الهاتف,नाम या फ़ोन से खोजें,نام یا فون سے تلاش کریں,Buscar por nombre o teléfono,Rechercher par nom ou téléphone,Pesquisar por nome ou telefone,Поиск по имени или телефону,
customers.empty,No customers yet. Add your first customer.,لا يوجد عملاء بعد. أضف أول عميل.,अभी कोई ग्राहक नहीं। पहला ग्राहक जोड़ें।,ابھی کوئی گاہک نہیں۔ پہلا گاہک شامل کریں۔,Aún no hay clientes. Agrega tu primer cliente.,Aucun client pour l’instant. Ajoutez votre premier client.,Nenhum cliente ainda. Adicione seu primeiro cliente.,Клиентов пока нет. Добавьте первого клиента.,
customers.add,Add customer,إضافة عميل,ग्राहक जोड़ें,گاہک شامل کریں,Agregar cliente,Ajouter un client,Adicionar cliente,Добавить клиента,
customers.new,New,جديد,नया,نیا,Nuevo,Nouveau,Novo,Создать,
customers.noMatch,No customer matches that search.,لا يوجد عميل مطابق.,कोई ग्राहक नहीं मिला।,کوئی گاہک نہیں ملا۔,Ningún cliente coincide con la búsqueda.,Aucun client ne correspond à cette recherche.,Nenhum cliente corresponde a essa pesquisa.,По этому запросу клиентов не найдено.,
customers.noPhone,No phone,بدون هاتف,फ़ोन नहीं,فون نہیں,Sin teléfono,Pas de téléphone,Sem telefone,Нет телефона,
customers.noShows,{{count}} no-shows,{{count}} مرات عدم حضور,{{count}} बार नहीं आए,{{count}} بار نہیں آئے,{{count}} inasistencias,{{count}} absences,{{count}} faltas,Неявок: {{count}},
customers.noShows_one,{{count}} no-show,{{count}} مرات عدم حضور,{{count}} बार नहीं आए,{{count}} بار نہیں آئے,{{count}} inasistencia,{{count}} absence,{{count}} falta,{{count}} неявка,
customers.noShowsLabel,No-shows,عدم الحضور,नहीं आए,غیر حاضری,Inasistencias,Absences,Faltas,Неявки,
customers.visits,Visits,الزيارات,विज़िट,وزٹ,Visitas,Visites,Visitas,Визиты,
customers.lastVisit,Last visit,آخر زيارة,आखिरी विज़िट,آخری وزٹ,Última visita,Dernière visite,Última visita,Последний визит,
customers.visitsLine,{{count}} visits · last {{last}},{{count}} زيارات · آخرها {{last}},{{count}} विज़िट · आखिरी {{last}},{{count}} وزٹ · آخری {{last}},{{count}} visitas · última {{last}},{{count}} visites · dernière : {{last}},{{count}} visitas · última: {{last}},Визитов: {{count}} · последний {{last}},
customers.visitsLine_one,{{count}} visit · last {{last}},{{count}} زيارات · آخرها {{last}},{{count}} विज़िट · आखिरी {{last}},{{count}} وزٹ · آخری {{last}},{{count}} visita · última {{last}},{{count}} visite · dernière : {{last}},{{count}} visita · última: {{last}},{{count}} визит · последний {{last}},
customers.tapToChange,Tap to change,اضغط للتغيير,बदलने के लिए टैप करें,بدلنے کے لیے ٹیپ کریں,Toca para cambiar,Touchez pour modifier,Toque para alterar,"Нажмите, чтобы изменить",
customers.profile,Customer,العميل,ग्राहक,گاہک,Cliente,Client,Cliente,Клиент,
customers.book,Book,احجز,बुक करें,بک کریں,Reservar,Réserver,Agendar,Записать,
customers.upcoming,Upcoming,القادمة,आने वाले,آنے والے,Próximas,À venir,Próximos,Предстоящие,
customers.noUpcoming,Nothing booked.,لا حجوزات.,कुछ बुक नहीं।,کچھ بک نہیں۔,Nada reservado.,Aucune réservation.,Nada agendado.,Записей нет.,
customers.history,Visits,الزيارات,विज़िट,وزٹ,Visitas,Visites,Visitas,Визиты,
customers.noVisits,No visits yet.,لا زيارات بعد.,अभी कोई विज़िट नहीं।,ابھی کوئی وزٹ نہیں۔,Aún no hay visitas.,Aucune visite pour l’instant.,Nenhuma visita ainda.,Визитов пока нет.,
customers.newTitle,New customer,عميل جديد,नया ग्राहक,نیا گاہک,Nuevo cliente,Nouveau client,Novo cliente,Новый клиент,
customers.editTitle,Edit customer,تعديل العميل,ग्राहक बदलें,گاہک میں ترمیم,Editar cliente,Modifier le client,Editar cliente,Редактировать клиента,
customers.saved,Customer saved,تم حفظ العميل,ग्राहक सेव हुआ,گاہک محفوظ ہو گیا,Cliente guardado,Client enregistré,Cliente salvo,Клиент сохранён,
customers.fields.name,Name,الاسم,नाम,نام,Nombre,Nom,Nome,Имя,
customers.fields.phone,Phone,الهاتف,फ़ोन,فون,Teléfono,Téléphone,Telefone,Телефон,
customers.fields.preferences,Preferences,التفضيلات,पसंद,پسند,Preferencias,Préférences,Preferências,Предпочтения,
customers.fields.notes,Notes,ملاحظات,नोट्स,نوٹس,Notas,Notes,Observações,Заметки,
customers.fields.risk,Alerts,تنبيهات,चेतावनी,انتباہ,Alertas,Alertes,Alertas,Предупреждения,
customers.fields.marketing,Happy to get offers by SMS or WhatsApp,يوافق على تلقي العروض عبر الرسائل أو واتساب,SMS या WhatsApp पर ऑफ़र लेना चाहते हैं,SMS یا WhatsApp پر آفرز لینا چاہتے ہیں,Acepta recibir ofertas por SMS o WhatsApp,Accepte de recevoir des offres par SMS ou WhatsApp,Aceita receber ofertas por SMS ou WhatsApp,Клиент согласен получать предложения по SMS или WhatsApp,
customers.risk.allergy,Allergy,حساسية,एलर्जी,الرجی,Alergia,Allergie,Alergia,Аллергия,
customers.risk.patch_test,Needs patch test,يحتاج اختبار حساسية,पैच टेस्ट ज़रूरी,پیچ ٹیسٹ ضروری,Necesita prueba de alergia,Test cutané requis,Precisa de teste de alergia,Нужен тест на аллергию,
customers.risk.no_show,Past no-show,تغيّب سابقًا,पहले नहीं आए,پہلے غیر حاضر,Inasistencia previa,Absence passée,Já faltou,Были неявки,
more.roleAtBranch,Owner · {{branch}},المالك · {{branch}},मालिक · {{branch}},مالک · {{branch}},Dueño · {{branch}},Propriétaire · {{branch}},Proprietário · {{branch}},Владелец · {{branch}},
more.groups.catalogue,Catalogue & stock,الخدمات والمخزون,सेवाएँ और स्टॉक,خدمات اور اسٹاک,Catálogo y stock,Catalogue et stock,Catálogo e estoque,Каталог и склад,
more.groups.people,People & compliance,الموظفون والامتثال,लोग और अनुपालन,لوگ اور تعمیل,Personal y cumplimiento,Personnel et conformité,Pessoas e conformidade,Люди и документы,
more.groups.money,Money & reports,المال والتقارير,पैसा और रिपोर्ट,پیسہ اور رپورٹس,Dinero e informes,Finances et rapports,Finanças e relatórios,Деньги и отчёты,
more.groups.system,System,النظام,सिस्टम,سسٹم,Sistema,Système,Sistema,Система,
more.groups.device,This device,هذا الجهاز,यह डिवाइस,یہ ڈیوائس,Este dispositivo,Cet appareil,Este aparelho,Это устройство,
more.rows.services,Services,الخدمات,सेवाएँ,خدمات,Servicios,Services,Serviços,Услуги,
more.rows.inventory,Inventory & tools,المخزون والأدوات,इन्वेंटरी और औज़ार,انوینٹری اور اوزار,Inventario y herramientas,Stock et outils,Estoque e ferramentas,Склад и инструменты,
more.rows.purchases,Purchases & suppliers,المشتريات والموردون,ख़रीद और सप्लायर,خریداری اور سپلائرز,Compras y proveedores,Achats et fournisseurs,Compras e fornecedores,Закупки и поставщики,
more.rows.expenses,Expenses,المصاريف,ख़र्च,اخراجات,Gastos,Dépenses,Despesas,Расходы,
more.rows.staff,Staff,الموظفون,स्टाफ़,عملہ,Personal,Équipe,Equipe,Сотрудники,
more.rows.attendance,Attendance,الحضور,हाज़िरी,حاضری,Asistencia,Présences,Frequência,Посещаемость,
more.rows.compliance,Compliance,الامتثال,अनुपालन,تعمیل,Cumplimiento,Conformité,Conformidade,Документы и проверки,
more.rows.cashClosing,Cash closing,إغلاق النقدية,कैश क्लोज़िंग,کیش کلوزنگ,Cierre de caja,Clôture de caisse,Fechamento de caixa,Закрытие кассы,
more.rows.accounting,Accounting,المحاسبة,लेखा,اکاؤنٹنگ,Contabilidad,Comptabilité,Contabilidade,Бухгалтерия,
more.rows.reports,Reports,التقارير,रिपोर्ट,رپورٹس,Informes,Rapports,Relatórios,Отчёты,
more.rows.setup,Setup,الإعداد,सेटअप,سیٹ اپ,Configuración inicial,Configuration,Configuração inicial,Начальная настройка,
more.rows.settings,Settings,الإعدادات,सेटिंग्स,ترتیبات,Ajustes,Paramètres,Configurações,Настройки,
more.rows.notifications,Notifications,الإشعارات,सूचनाएँ,اطلاعات,Notificaciones,Notifications,Notificações,Уведомления,
more.rows.sales,Sales,المبيعات,बिक्री,فروخت,Ventas,Ventes,Vendas,Продажи,
more.rows.branch,Branch settings,إعدادات الفرع,ब्रांच सेटिंग,برانچ سیٹنگ,Ajustes de la sucursal,Paramètres de la succursale,Configurações da filial,Настройки филиала,
more.rows.accounts,Accounts & history,الحسابات والسجل,हिसाब और इतिहास,حسابات اور تاریخچہ,Cuentas e historial,Comptes et historique,Contas e histórico,Счета и история,
more.rows.backup,Backup & recovery,النسخ الاحتياطي والاستعادة,बैकअप और रिकवरी,بیک اپ اور بحالی,Copia de seguridad y recuperación,Sauvegarde et restauration,Backup e recuperação,Резервная копия и восстановление,
more.rows.pin,Quick-switch PIN,رمز التبديل السريع,क्विक-स्विच पिन,فوری تبدیلی پن,PIN de cambio rápido,PIN de changement rapide,PIN de troca rápida,PIN для быстрой смены,
more.rows.switch,Switch user,تبديل المستخدم,यूज़र बदलें,صارف بدلیں,Cambiar de usuario,Changer d’utilisateur,Trocar de usuário,Сменить пользователя,
more.rows.plan,Plan & billing,الخطة والفوترة,प्लान और बिलिंग,پلان اور بلنگ,Plan y facturación,Abonnement et facturation,Plano e cobrança,Тариф и оплата,
more.rows.admin,Salons & plans (admin),الصالونات والخطط (إدارة),सैलून और प्लान (एडमिन),سیلون اور پلان (ایڈمن),Salones y planes (admin),Salons et abonnements (admin),Salões e planos (admin),Салоны и тарифы (админ),
more.logOut,Log out,تسجيل الخروج,लॉग आउट,لاگ آؤٹ,Cerrar sesión,Se déconnecter,Sair,Выйти,
more.title,More,المزيد,More,مزید,Más,Plus,Mais,Ещё,
more.business,Business,النشاط,बिज़नेस,کاروبار,Negocio,Entreprise,Negócio,Бизнес,
more.app,App,التطبيق,ऐप,ایپ,App,Application,App,Приложение,
more.salonCode,Salon code: {{code}},رمز الصالون: {{code}},सैलून कोड: {{code}},سیلون کوڈ: {{code}},Código del salón: {{code}},Code du salon : {{code}},Código do salão: {{code}},Код салона: {{code}},
more.signOut,Sign out,تسجيل الخروج,साइन आउट,سائن آؤٹ,Cerrar sesión,Se déconnecter,Sair,Выйти,
more.account,Account,الحساب,खाता,اکاؤنٹ,Cuenta,Compte,Conta,Аккаунт,
gallery.title,Theme gallery,معرض التصميم,थीम गैलरी,تھیم گیلری,Galería de temas,Galerie du thème,Galeria do tema,Галерея темы,
gallery.subtitle,Every component in the current look.,كل المكونات بالمظهر الحالي.,मौजूदा रूप में हर कंपोनेंट।,موجودہ انداز میں ہر جزو۔,Todos los componentes con el estilo actual.,Tous les composants dans le style actuel.,Todos os componentes no visual atual.,Все компоненты в текущем оформлении.,
gallery.sections.colours,Colours,الألوان,रंग,رنگ,Colores,Couleurs,Cores,Цвета,
gallery.sections.type,Type,الخطوط,अक्षर,حروف,Tipografía,Typographie,Tipografia,Шрифты,
gallery.sections.buttons,Buttons,الأزرار,बटन,بٹن,Botones,Boutons,Botões,Кнопки,
gallery.sections.inputs,Inputs,حقول الإدخال,इनपुट,ان پٹ,Campos,Champs,Campos,Поля ввода,
gallery.sections.tabs,Tabs and stepper,التبويبات والعداد,टैब और स्टेपर,ٹیب اور اسٹیپر,Pestañas y pasos,Onglets et compteur,Abas e seletor numérico,Вкладки и счётчик,
gallery.sections.cards,Cards and rows,البطاقات والصفوف,कार्ड और पंक्तियाँ,کارڈ اور قطاریں,Tarjetas y filas,Cartes et lignes,Cartões e linhas,Карточки и строки,
gallery.sections.identity,"Categories, status and avatars",الفئات والحالات والصور الرمزية,"श्रेणियाँ, स्थिति और अवतार",زمرے، حالت اور اوتار,"Categorías, estados y avatares","Catégories, statuts et avatars","Categorias, status e avatares","Категории, статусы и аватары",
gallery.sections.banners,Banners and progress,اللافتات والتقدم,बैनर और प्रगति,بینر اور پیش رفت,Avisos y progreso,Bannières et progression,Avisos e progresso,Баннеры и прогресс,
gallery.sections.dates,Date and time,التاريخ والوقت,तारीख़ और समय,تاریخ اور وقت,Fecha y hora,Date et heure,Data e hora,Дата и время,
gallery.sections.feedback,"Sheets, toasts and empty states",النوافذ والتنبيهات والحالات الفارغة,"शीट, सूचनाएँ और ख़ाली स्थितियाँ",شیٹس، اطلاعات اور خالی حالتیں,"Hojas, avisos emergentes y estados vacíos","Panneaux, notifications et états vides","Painéis, avisos rápidos e estados vazios","Панели, уведомления и пустые состояния",
gallery.buttonContrast,White on the filled button: {{ratio}}:1 (target 4.5:1),الأبيض على الزر المعبأ: {{ratio}}:1 (الهدف 4.5:1),भरे बटन पर सफ़ेद: {{ratio}}:1 (लक्ष्य 4.5:1),بھرے ہوئے بٹن پر سفید: {{ratio}}:1 (ہدف 4.5:1),Blanco sobre el botón relleno: {{ratio}}:1 (meta 4.5:1),Blanc sur le bouton plein : {{ratio}}:1 (objectif 4.5:1),"Branco no botão preenchido: {{ratio}}:1 (meta 4,5:1)",Белый на залитой кнопке: {{ratio}}:1 (цель 4.5:1),
gallery.typeSample,"Good afternoon, Tehseem",مساء الخير، تحسين,"नमस्ते, तहसीम",سلام، تحسین,"Buenas tardes, Tehseem","Bon après-midi, Tehseem","Boa tarde, Tehseem","Добрый день, Тахсим",
gallery.variants.primary,Primary,أساسي,प्राथमिक,بنیادی,Principal,Principal,Primário,Основная,
gallery.variants.secondary,Secondary,ثانوي,द्वितीयक,ثانوی,Secundario,Secondaire,Secundário,Второстепенная,
gallery.variants.outline,Outline,محدد,आउटलाइन,خاکہ,Contorno,Contour,Contorno,Контурная,
gallery.variants.ghost,Ghost,شفاف,सादा,سادہ,Fantasma,Discret,Fantasma,Прозрачная,
gallery.variants.danger,Danger,خطر,ख़तरा,خطرہ,Peligro,Danger,Perigo,Опасное действие,
gallery.saveSale,Save sale,حفظ البيع,बिक्री सहेजें,فروخت محفوظ کریں,Guardar venta,Enregistrer la vente,Salvar venda,Сохранить продажу,
gallery.saving,Saving,جارٍ الحفظ,सहेजा जा रहा है,محفوظ ہو رہا ہے,Guardando,Enregistrement,Salvando,Сохранение,
gallery.disabled,Not available,غير متاح,उपलब्ध नहीं,دستیاب نہیں,No disponible,Indisponible,Indisponível,Недоступно,
gallery.bookNow,Book now,احجز الآن,अभी बुक करें,ابھی بک کریں,Reservar ahora,Réserver,Agendar agora,Записаться,
gallery.fullName,Full name,الاسم الكامل,पूरा नाम,پورا نام,Nombre completo,Nom complet,Nome completo,Полное имя,
gallery.fullNamePlaceholder,Enter full name,أدخل الاسم الكامل,पूरा नाम लिखें,پورا نام لکھیں,Escribe el nombre completo,Saisissez le nom complet,Digite o nome completo,Введите полное имя,
gallery.phone,Phone,الهاتف,फ़ोन,فون,Teléfono,Téléphone,Telefone,Телефон,
gallery.phoneError,"Enter a full number, like +971 50 123 4567.",أدخل رقمًا كاملًا، مثل ‎+971 50 123 4567.,"पूरा नंबर डालें, जैसे +971 50 123 4567।",مکمل نمبر درج کریں، جیسے ‎+971 50 123 4567۔,"Escribe el número completo, como +971 50 123 4567.","Saisissez un numéro complet, comme +971 50 123 4567.","Digite o número completo, como +971 50 123 4567.","Введите номер полностью, например +971 50 123 4567.",
gallery.cashCounted,Actual cash counted,النقد المعدود فعليًا,वास्तव में गिना गया नकद,اصل گنا ہوا نقد,Efectivo contado real,Espèces réellement comptées,Dinheiro contado,Фактически пересчитано наличных,
gallery.cashHint,Count with the drawer closed to sales.,اعدد النقد والدرج مغلق أمام البيع.,बिक्री के लिए दराज़ बंद करके गिनें।,فروخت کے لیے دراز بند کر کے گنیں۔,Cuenta con la caja cerrada a las ventas.,Comptez quand le tiroir est fermé aux ventes.,Conte com a gaveta fechada para vendas.,"Пересчитывайте, когда касса закрыта для продаж.",
gallery.sampleService,Haircut,قص الشعر,हेयरकट,ہیئر کٹ,Corte de pelo,Coupe,Corte de cabelo,Стрижка,
gallery.tabs.popular,Popular,الأكثر طلبًا,लोकप्रिय,مقبول,Populares,Populaires,Populares,Популярное,
gallery.tabs.about,About,نبذة,परिचय,تعارف,Información,À propos,Sobre,О салоне,
gallery.tabs.services,Services,الخدمات,सेवाएँ,خدمات,Servicios,Services,Serviços,Услуги,
gallery.tabs.gallery,Gallery,الصور,गैलरी,گیلری,Galería,Galerie,Galeria,Галерея,
gallery.tabs.reviews,Reviews,التقييمات,समीक्षाएँ,جائزے,Reseñas,Avis,Avaliações,Отзывы,
gallery.moneyOutSub,Purchases and expenses,المشتريات والمصاريف,ख़रीद और ख़र्च,خریداری اور اخراجات,Compras y gastos,Achats et dépenses,Compras e despesas,Закупки и расходы,
gallery.myProfile,My profile,ملفي الشخصي,मेरी प्रोफ़ाइल,میرا پروفائل,Mi perfil,Mon profil,Meu perfil,Мой профиль,
gallery.bookingHistory,Booking history,سجل الحجوزات,बुकिंग इतिहास,بکنگ کی تاریخ,Historial de reservas,Historique des réservations,Histórico de agendamentos,История записей,
gallery.openSheet,Open sheet,فتح النافذة,शीट खोलें,شیٹ کھولیں,Abrir hoja,Ouvrir le panneau,Abrir painel,Открыть панель,
gallery.showToast,Show toast,إظهار تنبيه,सूचना दिखाएँ,اطلاع دکھائیں,Mostrar aviso,Afficher une notification,Mostrar aviso,Показать уведомление,
gallery.sheetTitle,Bottom sheet,نافذة سفلية,नीचे की शीट,نیچے کی شیٹ,Hoja inferior,Panneau inférieur,Painel inferior,Нижняя панель,
roles.owner,Owner,المالك,मालिक,مالک,Dueño,Propriétaire,Proprietário,Владелец,
roles.cashier,Cashier,أمين الصندوق,कैशियर,کیشیئر,Cajero,Caissier,Caixa,Кассир,
roles.staff,Staff,موظف,स्टाफ,عملہ,Empleado,Employé,Funcionário,Сотрудник,
roles.accountant,Accountant,محاسب,अकाउंटेंट,اکاؤنٹنٹ,Contador,Comptable,Contador,Бухгалтер,
units.ml,ml,مل,ml,ملی لیٹر,ml,ml,ml,мл,
units.g,g,غ,g,گرام,g,g,g,г,
units.pcs,pc,قطعة,पीस,عدد,ud.,pce,un.,шт.,
units.pairs,pr,زوج,जोड़ी,جوڑا,par,paire,par,пар,
units.one.pcs,piece,قطعة,पीस,عدد,unidad,pièce,unidade,шт.,
units.one.ml,ml,مل,ml,ml,ml,ml,ml,мл,
units.one.g,g,غ,g,g,g,g,g,г,
units.one.pairs,pair,زوج,जोड़ी,جوڑا,par,paire,par,пара,
auth.salonType.gents,Gents salon,صالون رجالي,जेंट्स सैलून,جینٹس سیلون,Salón de caballeros,Salon pour hommes,Salão masculino,Мужской салон,
auth.salonType.ladies,Ladies salon & spa,صالون وسبا نسائي,लेडीज़ सैलून और स्पा,لیڈیز سیلون اور سپا,Salón y spa de damas,Salon et spa pour femmes,Salão feminino e spa,Женский салон и спа,
auth.welcome.subtitle,Choose your salon type. You can change it later.,اختر نوع صالونك. يمكنك تغييره لاحقًا.,अपना सैलून प्रकार चुनें। बाद में बदल सकते हैं।,اپنے سیلون کی قسم چنیں۔ بعد میں بدل سکتے ہیں۔,Elige el tipo de salón. Puedes cambiarlo después.,Choisissez votre type de salon. Vous pourrez le changer plus tard.,Escolha o tipo do seu salão. Você pode mudar depois.,Выберите тип салона. Его можно изменить позже.,
auth.welcome.gents,Barber shops and gents salons,محلات الحلاقة والصالونات الرجالية,बार्बर शॉप और जेंट्स सैलून,باربر شاپ اور جینٹس سیلون,Barberías y salones de caballeros,Barbiers et salons pour hommes,Barbearias e salões masculinos,Барбершопы и мужские салоны,
auth.welcome.ladies,"Ladies salons, beauty and spa",الصالونات النسائية والتجميل والسبا,"लेडीज़ सैलून, ब्यूटी और स्पा",لیڈیز سیلون، بیوٹی اور سپا,"Salones de damas, belleza y spa","Salons pour femmes, beauté et spa","Salões femininos, beleza e spa",Женские салоны красоты и спа,
auth.fields.yourName,Your name,اسمك,आपका नाम,آپ کا نام,Tu nombre,Votre nom,Seu nome,Ваше имя,
auth.fields.email,Email,البريد الإلكتروني,ईमेल,ای میل,Correo electrónico,E-mail,E-mail,Эл. почта,
auth.fields.emailPlaceholder,name@example.com,name@example.com,name@example.com,name@example.com,nombre@ejemplo.com,nom@exemple.com,nome@exemplo.com,name@example.com,
auth.fields.password,Password,كلمة المرور,पासवर्ड,پاس ورڈ,Contraseña,Mot de passe,Senha,Пароль,
auth.fields.passwordHint,At least 8 characters,8 أحرف على الأقل,कम से कम 8 अक्षर,کم از کم 8 حروف,Al menos 8 caracteres,Au moins 8 caractères,Pelo menos 8 caracteres,Не менее 8 символов,
auth.fields.confirmPassword,Confirm password,تأكيد كلمة المرور,पासवर्ड दोबारा,پاس ورڈ دوبارہ,Confirmar contraseña,Confirmer le mot de passe,Confirmar senha,Повторите пароль,
auth.fields.newPassword,New password,كلمة مرور جديدة,नया पासवर्ड,نیا پاس ورڈ,Nueva contraseña,Nouveau mot de passe,Nova senha,Новый пароль,
auth.fields.code,Code from the email,الرمز من البريد الإلكتروني,ईमेल से मिला कोड,ای میل سے ملا کوڈ,Código del correo,Code reçu par e-mail,Código do e-mail,Код из письма,
auth.fields.salonCode,Salon code,رمز الصالون,सैलून कोड,سیلون کوڈ,Código del salón,Code du salon,Código do salão,Код салона,
auth.fields.salonCodeHint,Your owner can see it under More,يجده المالك في قائمة المزيد,मालिक इसे More में देख सकते हैं,مالک اسے More میں دیکھ سکتے ہیں,El dueño puede verlo en Más,Le propriétaire le trouve dans Plus,O proprietário encontra o código em Mais,Владелец видит его в разделе «Ещё»,
auth.fields.username,Username,اسم المستخدم,यूज़रनेम,یوزر نیم,Usuario,Nom d’utilisateur,Nome de usuário,Логин,
auth.signIn.title,Welcome back,مرحبًا بعودتك,फिर से स्वागत है,خوش آمدید,Hola de nuevo,Content de vous revoir,Bem-vindo de volta,С возвращением,
auth.signIn.subtitle,Sign in to run your salon.,سجّل الدخول لإدارة صالونك.,अपना सैलून चलाने के लिए साइन इन करें।,اپنا سیلون چلانے کے لیے سائن ان کریں۔,Inicia sesión para gestionar tu salón.,Connectez-vous pour gérer votre salon.,Entre para gerenciar seu salão.,"Войдите, чтобы управлять салоном.",
auth.signIn.owner,Owner,المالك,मालिक,مالک,Dueño,Propriétaire,Proprietário,Владелец,
auth.signIn.staff,Staff,الموظفون,स्टाफ,عملہ,Personal,Employé,Equipe,Сотрудник,
auth.signIn.action,Sign in,تسجيل الدخول,साइन इन,سائن ان,Iniciar sesión,Se connecter,Entrar,Войти,
auth.signIn.forgot,Forgot password?,نسيت كلمة المرور؟,पासवर्ड भूल गए?,پاس ورڈ بھول گئے؟,¿Olvidaste tu contraseña?,Mot de passe oublié ?,Esqueceu a senha?,Забыли пароль?,
auth.signIn.createAccount,New here? Create an owner account,جديد هنا؟ أنشئ حساب مالك,नए हैं? मालिक खाता बनाएँ,نئے ہیں؟ مالک کا اکاؤنٹ بنائیں,¿Eres nuevo? Crea una cuenta de dueño,Nouveau ? Créez un compte propriétaire,Novo por aqui? Crie uma conta de proprietário,Впервые здесь? Создайте аккаунт владельца,
auth.signIn.staffHelp,"Staff logins are created by the owner. Ask them for your salon code, username and password.",ينشئ المالك حسابات الموظفين. اطلب منه رمز الصالون واسم المستخدم وكلمة المرور.,"स्टाफ लॉगिन मालिक बनाते हैं। उनसे सैलून कोड, यूज़रनेम और पासवर्ड लें।",عملے کے لاگ ان مالک بناتے ہیں۔ ان سے سیلون کوڈ، یوزر نیم اور پاس ورڈ لیں۔,"El dueño crea los accesos del personal. Pídele el código del salón, tu usuario y tu contraseña.","Les accès des employés sont créés par le propriétaire. Demandez-lui le code du salon, votre nom d’utilisateur et votre mot de passe.","Os logins da equipe são criados pelo proprietário. Peça a ele o código do salão, o nome de usuário e a senha.","Логины для сотрудников создаёт владелец. Узнайте у него код салона, логин и пароль.",
auth.signUp.title,Create your account,أنشئ حسابك,अपना खाता बनाएँ,اپنا اکاؤنٹ بنائیں,Crea tu cuenta,Créez votre compte,Crie sua conta,Создайте аккаунт,
auth.signUp.subtitle,For the salon owner. Staff get their own logins later.,لمالك الصالون. يحصل الموظفون على حساباتهم لاحقًا.,सैलून मालिक के लिए। स्टाफ को बाद में अपने लॉगिन मिलेंगे।,سیلون کے مالک کے لیے۔ عملے کو بعد میں لاگ ان ملیں گے۔,Para el dueño del salón. El personal tendrá sus propios accesos más adelante.,Pour le propriétaire du salon. Les employés recevront leurs propres accès plus tard.,Para o proprietário do salão. A equipe recebe os próprios logins depois.,Для владельца салона. Сотрудники получат свои логины позже.,
auth.signUp.action,Create account,إنشاء حساب,खाता बनाएँ,اکاؤنٹ بنائیں,Crear cuenta,Créer le compte,Criar conta,Создать аккаунт,
auth.forgot.title,Reset password,إعادة تعيين كلمة المرور,पासवर्ड रीसेट,پاس ورڈ ری سیٹ,Restablecer contraseña,Réinitialiser le mot de passe,Redefinir senha,Сброс пароля,
auth.forgot.subtitle,We will email you a code.,سنرسل إليك رمزاً بالبريد الإلكتروني.,हम आपको ईमेल से एक कोड भेजेंगे।,ہم آپ کو ای میل سے ایک کوڈ بھیجیں گے۔,Te enviaremos un código por correo.,Nous allons vous envoyer un code par e-mail.,Vamos enviar um código para seu e-mail.,Мы отправим код на вашу почту.,
auth.forgot.send,Send code,إرسال الرمز,कोड भेजें,کوڈ بھیجیں,Enviar código,Envoyer le code,Enviar código,Отправить код,
auth.forgot.enterCode,Enter the code we sent to {{email}}.,أدخل الرمز الذي أرسلناه إلى {{email}}.,{{email}} पर भेजा गया कोड डालें।,{{email}} پر بھیجا گیا کوڈ درج کریں۔,Escribe el código que enviamos a {{email}}.,Saisissez le code envoyé à {{email}}.,Digite o código que enviamos para {{email}}.,"Введите код, который мы отправили на {{email}}.",
auth.forgot.reset,Set new password,تعيين كلمة مرور جديدة,नया पासवर्ड सेट करें,نیا پاس ورڈ رکھیں,Guardar nueva contraseña,Définir le nouveau mot de passe,Definir nova senha,Сохранить новый пароль,
auth.forgot.resend,Send a new code,إرسال رمز جديد,नया कोड भेजें,نیا کوڈ بھیجیں,Enviar un código nuevo,Envoyer un nouveau code,Enviar novo código,Отправить новый код,
auth.forgot.codeSent,Code sent. Check your email.,تم إرسال الرمز. تحقق من بريدك.,कोड भेज दिया। ईमेल देखें।,کوڈ بھیج دیا۔ ای میل دیکھیں۔,Código enviado. Revisa tu correo.,Code envoyé. Consultez vos e-mails.,Código enviado. Confira seu e-mail.,Код отправлен. Проверьте почту.,
auth.forgot.done,Password changed. You are signed in.,تم تغيير كلمة المرور وتسجيل دخولك.,पासवर्ड बदल गया। आप साइन इन हैं।,پاس ورڈ بدل گیا۔ آپ سائن ان ہیں۔,Contraseña cambiada. Ya iniciaste sesión.,Mot de passe modifié. Vous êtes connecté.,Senha alterada. Você está conectado.,Пароль изменён. Вы вошли в аккаунт.,
auth.landing.signIn,Sign in,تسجيل الدخول,साइन इन,سائن ان,Iniciar sesión,Se connecter,Entrar,Войти,
auth.landing.headline,Run your salon from your phone,أدِر صالونك من هاتفك,अपना सैलून फ़ोन से चलाइए,اپنا سیلون فون سے چلائیں,Gestiona tu salón desde el teléfono,Gérez votre salon depuis votre téléphone,Gerencie seu salão pelo celular,Управляйте салоном с телефона,
auth.landing.lead,"Walk-ins and bookings, quick sales, daily cash closing, staff pay and licence reminders — one app for barber shops and ladies salons & spas, wherever you are.",الزبائن بلا موعد والحجوزات، البيع السريع، إغلاق النقد اليومي، رواتب الموظفين وتذكير التراخيص — تطبيق واحد لصالونات الحلاقة وصالونات السيدات والسبا، أينما كنت.,"वॉक-इन और बुकिंग, क्विक सेल, रोज़ की नकद क्लोज़िंग, स्टाफ़ वेतन और लाइसेंस रिमाइंडर — बार्बर शॉप और लेडीज़ सैलून व स्पा के लिए एक ऐप, आप जहाँ भी हों।",واک اِن اور بکنگ، فوری فروخت، روزانہ نقد کلوزنگ، عملے کی تنخواہ اور لائسنس کی یاددہانی — باربر شاپ اور لیڈیز سیلون و اسپا کے لیے ایک ایپ، آپ جہاں بھی ہوں۔,"Clientes sin cita y reservas, ventas rápidas, cierre de caja diario, pagos del personal y recordatorios de licencias: una sola app para barberías y salones y spas de damas, estés donde estés.","Clients sans RDV et réservations, ventes rapides, clôture de caisse quotidienne, paie de l’équipe et rappels de licences — une seule app pour les barbiers et les salons et spas pour femmes, où que vous soyez.","Fila de chegada e agendamentos, vendas rápidas, fechamento de caixa diário, pagamento da equipe e lembretes de licenças — um só app para barbearias e salões femininos e spas, onde você estiver.","Клиенты без записи и по записи, быстрые продажи, ежедневное закрытие кассы, зарплата сотрудников и напоминания о лицензиях — одно приложение для барбершопов, женских салонов и спа, где бы вы ни были.",
auth.landing.create,Create your salon — free,أنشئ صالونك — مجانًا,अपना सैलून बनाइए — मुफ़्त,اپنا سیلون بنائیں — مفت,Crea tu salón — gratis,Créer votre salon — gratuit,Crie seu salão — grátis,Создать салон — бесплатно,
auth.landing.staffNote,Owners create the salon. Staff sign in with the username the owner gives them.,المالك ينشئ الصالون. الموظفون يسجلون الدخول باسم المستخدم الذي يعطيهم إياه المالك.,मालिक सैलून बनाते हैं। स्टाफ़ मालिक के दिए यूज़रनेम से साइन इन करता है।,مالک سیلون بناتے ہیں۔ عملہ مالک کے دیے ہوئے صارف نام سے سائن ان کرتا ہے۔,Los dueños crean el salón. El personal inicia sesión con el usuario que le da el dueño.,Les propriétaires créent le salon. Les employés se connectent avec le nom d’utilisateur fourni par le propriétaire.,Os proprietários criam o salão. A equipe entra com o nome de usuário que o proprietário fornece.,"Салон создаёт владелец. Сотрудники входят с логином, который им выдал владелец.",
auth.landing.choose,Choose,اختر,चुनें,منتخب کریں,Elegir,Choisir,Escolher,Выбрать,
auth.landing.facts.languages,English · العربية · हिन्दी · اردو · Español · Français · Português · Русский,English · العربية · हिन्दी · اردو · Español · Français · Português · Русский,English · العربية · हिन्दी · اردو · Español · Français · Português · Русский,English · العربية · हिन्दी · اردو · Español · Français · Português · Русский,English · العربية · हिन्दी · اردو · Español · Français · Português · Русский,English · العربية · हिन्दी · اردو · Español · Français · Português · Русский,English · العربية · हिन्दी · اردو · Español · Français · Português · Русский,English · العربية · हिन्दी · اردو · Español · Français · Português · Русский,
auth.landing.facts.devices,"Phone, tablet and web",الهاتف والجهاز اللوحي والويب,"फ़ोन, टैबलेट और वेब",فون، ٹیبلٹ اور ویب,"Teléfono, tableta y web","Téléphone, tablette et web","Celular, tablet e web","Телефон, планшет и веб",
auth.landing.facts.private,Each salon's data is private,بيانات كل صالون خاصة به,हर सैलून का डेटा निजी,ہر سیلون کا ڈیٹا نجی,Los datos de cada salón son privados,Les données de chaque salon restent privées,Os dados de cada salão são privados,Данные каждого салона доступны только ему,
auth.landing.featuresTitle,Everything the counter needs,كل ما يحتاجه الكاونتر,काउंटर की हर ज़रूरत,کاؤنٹر کی ہر ضرورت,Todo lo que necesita el mostrador,Tout ce qu’il faut à la caisse,Tudo o que o balcão precisa,"Всё, что нужно на ресепшене",
auth.landing.featuresLead,Built from how salons really run a day — from the first walk-in to the closing count.,مبني على طريقة عمل الصالونات يوميًا — من أول زبون حتى عدّ النقد في الإغلاق.,सैलूनों के असली दिन के हिसाब से बना — पहले वॉक-इन से क्लोज़िंग की गिनती तक।,سیلونوں کے اصل دن کے مطابق بنایا گیا — پہلے واک اِن سے کلوزنگ کی گنتی تک۔,Pensada según cómo funciona de verdad un día en el salón: desde el primer cliente sin cita hasta el conteo del cierre.,Conçu à partir du quotidien réel des salons — du premier client sans RDV au comptage de clôture.,Feito a partir de como os salões realmente funcionam no dia a dia — do primeiro cliente da fila à contagem do fechamento.,"Сделано по тому, как на самом деле проходит день в салоне, — от первого клиента без записи до вечернего пересчёта кассы.",
auth.landing.features.queue.title,Walk-ins and bookings,الزبائن بلا موعد والحجوزات,वॉक-इन और बुकिंग,واک اِن اور بکنگ,Clientes sin cita y reservas,Sans RDV et réservations,Fila e agendamentos,Без записи и по записи,
auth.landing.features.queue.body,"One live queue every phone sees within seconds, with deposits, no-shows and waiting-time alerts.",طابور مباشر واحد تراه كل الهواتف خلال ثوانٍ، مع العربون وعدم الحضور وتنبيهات وقت الانتظار.,"एक लाइव कतार जो हर फ़ोन पर सेकंडों में दिखे; डिपॉज़िट, नो-शो और इंतज़ार के अलर्ट।",ایک لائیو قطار جو ہر فون پر سیکنڈوں میں نظر آئے؛ ڈپازٹ، نو شو اور انتظار کے الرٹ۔,"Una sola fila en vivo que todos los teléfonos ven en segundos, con anticipos, inasistencias y alertas de tiempo de espera.","Une file en direct visible sur chaque téléphone en quelques secondes, avec acomptes, absences et alertes de temps d’attente.","Uma fila ao vivo que todos os celulares veem em segundos, com sinais, faltas e alertas de tempo de espera.","Одна живая очередь, которую за секунды видят все телефоны, с предоплатами, неявками и оповещениями о времени ожидания.",
auth.landing.features.sale.title,Quick sale and receipts,البيع السريع والإيصالات,क्विक सेल और रसीद,فوری فروخت اور رسید,Venta rápida y recibos,Vente rapide et reçus,Venda rápida e recibos,Быстрая продажа и чеки,
auth.landing.features.sale.body,"Services and products, split payments, tips and your sales tax (VAT, GST…); print, share or WhatsApp the receipt.",خدمات ومنتجات، دفع مقسّم، إكراميات وضريبة المبيعات لديك (القيمة المضافة، GST…)؛ اطبع الإيصال أو شاركه أو أرسله عبر واتساب.,"सेवाएँ और प्रोडक्ट, बँटा भुगतान, टिप और आपका सेल्स टैक्स (VAT, GST…); रसीद प्रिंट करें, भेजें या व्हाट्सऐप करें।",سروسز اور پروڈکٹس، تقسیم شدہ ادائیگی، ٹپ اور آپ کا سیلز ٹیکس (VAT، GST…)؛ رسید پرنٹ کریں، بھیجیں یا واٹس ایپ کریں۔,"Servicios y productos, pagos mixtos, propinas y tu impuesto sobre las ventas (IVA, GST…); imprime, comparte o envía el recibo por WhatsApp.","Services et produits, paiements mixtes, pourboires et votre taxe sur les ventes (TVA, GST…) ; imprimez, partagez ou envoyez le reçu sur WhatsApp.","Serviços e produtos, pagamentos divididos, gorjetas e seu imposto sobre vendas (IVA, GST…); imprima, compartilhe ou envie o recibo pelo WhatsApp.","Услуги и товары, раздельная оплата, чаевые и ваш налог с продаж (НДС, GST…); печатайте чек, делитесь им или отправляйте в WhatsApp.",
auth.landing.features.closing.title,Daily cash closing,إغلاق النقد اليومي,रोज़ की नकद क्लोज़िंग,روزانہ نقد کلوزنگ,Cierre de caja diario,Clôture de caisse quotidienne,Fechamento de caixa diário,Ежедневное закрытие кассы,
auth.landing.features.closing.body,"Expected cash worked out for you; count the drawer, explain any difference, approve and lock the day.",النقد المتوقع يُحسب لك؛ عدّ الدرج، اشرح أي فرق، اعتمد وأقفل اليوم.,"अपेक्षित नकद अपने-आप; दराज़ गिनें, अंतर बताएँ, मंज़ूर करें और दिन लॉक करें।",متوقع نقد خود بخود؛ دراز گنیں، فرق بتائیں، منظور کریں اور دن لاک کریں۔,"Calculamos el efectivo esperado por ti; cuenta la caja, explica cualquier diferencia, aprueba y bloquea el día.","Les espèces attendues sont calculées pour vous ; comptez le tiroir, expliquez tout écart, approuvez et verrouillez la journée.","O dinheiro esperado é calculado para você; conte a gaveta, explique qualquer diferença, aprove e bloqueie o dia.","Ожидаемая сумма наличных считается автоматически; пересчитайте кассу, объясните расхождение, одобрите и закройте день.",
auth.landing.features.staff.title,"Staff, attendance and pay",الموظفون والحضور والرواتب,"स्टाफ़, हाज़िरी और वेतन",عملہ، حاضری اور تنخواہ,"Personal, asistencia y pagos","Équipe, présences et paie","Equipe, frequência e pagamento","Сотрудники, посещаемость и зарплата",
auth.landing.features.staff.body,"Rosters, clock-in with late flags, commission, advances and payroll — with WPS salary proof in the UAE.",جداول الدوام، تسجيل الحضور مع علامة التأخير، العمولة، السلف والرواتب — مع إثبات نظام حماية الأجور في الإمارات.,"रोस्टर, देर के निशान के साथ क्लॉक-इन, कमीशन, एडवांस और पेरोल — UAE में WPS वेतन सबूत के साथ।",روسٹر، تاخیر کے نشان کے ساتھ کلاک اِن، کمیشن، ایڈوانس اور پے رول — UAE میں WPS تنخواہ کے ثبوت کے ساتھ۔,"Turnos, fichaje con aviso de retrasos, comisiones, adelantos y nómina, con comprobante de sueldos WPS en los EAU.","Plannings, pointage avec signalement des retards, commissions, avances et paie — avec preuve de salaire WPS aux EAU.","Escalas, registro de ponto com alerta de atraso, comissão, adiantamentos e folha de pagamento — com comprovante de salário WPS nos Emirados Árabes Unidos.","Графики, отметка прихода с пометкой об опоздании, комиссия, авансы и зарплата — с подтверждением выплат через WPS в ОАЭ.",
auth.landing.features.compliance.title,Licences and inspections,التراخيص والتفتيش,लाइसेंस और निरीक्षण,لائسنس اور معائنے,Licencias e inspecciones,Licences et inspections,Licenças e inspeções,Лицензии и проверки,
auth.landing.features.compliance.body,"Licences, leases, health cards and visas with expiry reminders, a hygiene log and an inspection binder — the UAE checklist built in.",الرخص وعقود الإيجار والبطاقات الصحية والتأشيرات مع تذكير الانتهاء، سجل النظافة وملف التفتيش — وقائمة الإمارات جاهزة.,"लाइसेंस, लीज़, हेल्थ कार्ड और वीज़ा की समाप्ति याद-दिहानी, हाइजीन लॉग और निरीक्षण फ़ाइल — UAE की सूची पहले से तैयार।",لائسنس، لیز، ہیلتھ کارڈ اور ویزا کی میعاد کی یاددہانی، حفظانِ صحت لاگ اور معائنہ فائل — UAE کی فہرست پہلے سے تیار۔,"Licencias, contratos de alquiler, tarjetas de salud y visas con recordatorios de vencimiento, un registro de higiene y una carpeta para inspecciones, con la lista de control de los EAU incluida.","Licences, baux, cartes de santé et visas avec rappels d’expiration, un registre d’hygiène et un dossier d’inspection — la liste de contrôle des EAU intégrée.","Licenças, contratos de aluguel, carteiras de saúde e vistos com lembretes de vencimento, registro de higiene e pasta de inspeção — com o checklist dos Emirados Árabes Unidos já incluído.","Лицензии, договоры аренды, медкнижки и визы с напоминаниями о сроках, журнал гигиены и папка для проверок — со встроенным чек-листом для ОАЭ.",
auth.landing.features.stock.title,"Stock, suppliers and expenses",المخزون والموردون والمصروفات,"स्टॉक, सप्लायर और ख़र्च",اسٹاک، سپلائرز اور اخراجات,"Stock, proveedores y gastos","Stock, fournisseurs et dépenses","Estoque, fornecedores e despesas","Склад, поставщики и расходы",
auth.landing.features.stock.body,"Products and consumables, low-stock alerts, supplier bills and payments, receipt photos.",المنتجات والمستهلكات، تنبيهات نقص المخزون، فواتير الموردين ودفعاتها، صور الإيصالات.,"प्रोडक्ट और उपभोग सामग्री, कम स्टॉक अलर्ट, सप्लायर बिल और भुगतान, रसीद की फ़ोटो।",پروڈکٹس اور استعمال کا سامان، کم اسٹاک الرٹ، سپلائر بل اور ادائیگیاں، رسید کی تصاویر۔,"Productos y consumibles, alertas de poco stock, facturas y pagos a proveedores, fotos de recibos.","Produits et consommables, alertes de stock bas, factures et paiements fournisseurs, photos des reçus.","Produtos e materiais de consumo, alertas de estoque baixo, contas e pagamentos de fornecedores, fotos de recibos.","Товары и расходные материалы, оповещения о низких остатках, счета и оплаты поставщикам, фото чеков.",
auth.landing.features.reports.title,Books and reports,الدفاتر والتقارير,खाते और रिपोर्ट,کھاتے اور رپورٹس,Libros e informes,Comptabilité et rapports,Livros e relatórios,Учёт и отчёты,
auth.landing.features.reports.body,"Double-entry books, month close and six reports with PDF and CSV for your accountant.",قيد مزدوج، إغلاق الشهر وستة تقارير بصيغة PDF وCSV لمحاسبك.,"डबल-एंट्री खाते, महीना बंद करना और आपके अकाउंटेंट के लिए PDF व CSV में छह रिपोर्ट।",ڈبل انٹری کھاتے، مہینہ بند کرنا اور آپ کے اکاؤنٹنٹ کے لیے PDF اور CSV میں چھ رپورٹس۔,"Contabilidad por partida doble, cierre de mes y seis informes en PDF y CSV para tu contador.","Comptabilité en partie double, clôture mensuelle et six rapports en PDF et CSV pour votre comptable.","Contabilidade de partidas dobradas, fechamento do mês e seis relatórios em PDF e CSV para seu contador.","Учёт по двойной записи, закрытие месяца и шесть отчётов в PDF и CSV для вашего бухгалтера.",
auth.landing.features.roles.title,The right access for everyone,الصلاحية المناسبة لكل شخص,हर व्यक्ति को सही पहुँच,ہر ایک کو درست رسائی,El acceso justo para cada persona,Le bon accès pour chacun,O acesso certo para cada pessoa,Нужный доступ для каждого,
auth.landing.features.roles.body,"Owner, cashier, barber or stylist and accountant each see only what their job needs.",المالك والكاشير والحلاق أو المصففة والمحاسب — كلٌّ يرى ما يحتاجه عمله فقط.,"मालिक, कैशियर, बार्बर या स्टाइलिस्ट और अकाउंटेंट — हर कोई सिर्फ़ अपने काम की चीज़ें देखता है।",مالک، کیشیئر، باربر یا اسٹائلسٹ اور اکاؤنٹنٹ — ہر کوئی صرف اپنے کام کی چیزیں دیکھتا ہے۔,"Dueño, cajero, barbero o estilista y contador: cada uno ve solo lo que necesita para su trabajo.","Propriétaire, caissier, barbier ou styliste et comptable ne voient que ce dont leur poste a besoin.","Proprietário, caixa, barbeiro ou profissional e contador: cada um vê só o que o trabalho exige.","Владелец, кассир, барбер или стилист и бухгалтер видят только то, что нужно для их работы.",
auth.landing.typeTitle,Which salon are you?,ما نوع صالونك؟,आपका सैलून कौन-सा है?,آپ کا سیلون کون سا ہے؟,¿Qué tipo de salón tienes?,Quel type de salon avez-vous ?,Qual é o seu salão?,Какой у вас салон?,
auth.landing.stepsTitle,Up and running in minutes,جاهز للعمل خلال دقائق,कुछ ही मिनटों में शुरू,چند منٹوں میں شروع,En marcha en minutos,Prêt en quelques minutes,Funcionando em minutos,Запуск за несколько минут,
auth.landing.steps.1,"Create your salon: country, branch, opening hours and tax.",أنشئ صالونك: الدولة، الفرع، ساعات العمل والضريبة.,"अपना सैलून बनाइए: देश, ब्रांच, खुलने का समय और टैक्स।",اپنا سیلون بنائیں: ملک، برانچ، اوقات اور ٹیکس۔,"Crea tu salón: país, sucursal, horario y impuestos.","Créez votre salon : pays, succursale, horaires d’ouverture et taxe.","Crie seu salão: país, filial, horário de funcionamento e imposto.","Создайте салон: страна, филиал, часы работы и налог.",
auth.landing.steps.2,"Add your services, prices and your team's logins.",أضف خدماتك وأسعارها وحسابات فريقك.,"अपनी सेवाएँ, दाम और टीम के लॉगिन जोड़िए।",اپنی سروسز، قیمتیں اور ٹیم کے لاگ اِن شامل کریں۔,"Agrega tus servicios, precios y los accesos de tu equipo.","Ajoutez vos services, vos prix et les accès de votre équipe.","Adicione seus serviços, preços e os logins da sua equipe.","Добавьте услуги, цены и логины для команды.",
auth.landing.steps.3,"Take your first walk-in, sell, and close the day.",استقبل أول زبون، بِع، وأغلق اليوم.,"पहला वॉक-इन लीजिए, बेचिए और दिन बंद कीजिए।",پہلا واک اِن لیں، فروخت کریں اور دن بند کریں۔,"Atiende a tu primer cliente sin cita, vende y cierra el día.","Accueillez votre premier client sans RDV, vendez et clôturez la journée.","Atenda o primeiro cliente da fila, venda e feche o dia.","Примите первого клиента без записи, проведите продажу и закройте день.",
auth.landing.contact,Questions? Write to {{email}},أسئلة؟ راسلنا على {{email}},सवाल? {{email}} पर लिखें,سوالات؟ {{email}} پر لکھیں,¿Tienes preguntas? Escribe a {{email}},Des questions ? Écrivez à {{email}},Dúvidas? Escreva para {{email}},Есть вопросы? Пишите на {{email}},
auth.landing.preview.expected,Expected cash today,النقد المتوقع اليوم,आज का अपेक्षित नकद,آج کا متوقع نقد,Efectivo esperado hoy,Espèces attendues aujourd’hui,Dinheiro esperado hoje,Ожидаемые наличные сегодня,
auth.landing.preview.queueLine,{{n}} in the queue,{{n}} في الطابور,कतार में {{n}},قطار میں {{n}},{{n}} en la fila,{{n}} dans la file,{{n}} na fila,В очереди: {{n}},
auth.landing.preview.fade,Skin fade,تدريج,स्किन फ़ेड,اسکن فیڈ,Degradado a piel,Dégradé,Degradê navalhado,Скин фейд,
auth.landing.preview.blowDry,Blow-dry,سشوار,ब्लो-ड्राई,بلو ڈرائی,Brushing,Brushing,Escova,Укладка феном,
auth.landing.preview.beard,Beard trim,تهذيب اللحية,दाढ़ी ट्रिम,داڑھی ٹرم,Arreglo de barba,Taille de barbe,Aparar barba,Стрижка бороды,
auth.landing.preview.waiting,waiting {{min}} min,ينتظر {{min}} د,{{min}} मिनट से इंतज़ार,{{min}} منٹ سے انتظار,esperando {{min}} min,attend depuis {{min}} min,aguardando {{min}} min,ждёт {{min}} мин,
auth.landing.preview.inChair,in the chair,على الكرسي,कुर्सी पर,کرسی پر,en el sillón,au fauteuil,na cadeira,в кресле,
auth.landing.about,About {{app}},عن {{app}},{{app}} के बारे में,{{app}} کے بارے میں,Acerca de {{app}},À propos de {{app}},Sobre o {{app}},О приложении {{app}},
auth.google.action,Continue with Google,المتابعة باستخدام Google,Google से जारी रखें,Google کے ساتھ جاری رکھیں,Continuar con Google,Continuer avec Google,Continuar com Google,Продолжить с Google,
auth.google.or,or with email,أو بالبريد الإلكتروني,या ईमेल से,یا ای میل سے,o con correo electrónico,ou avec un e-mail,ou com e-mail,или по эл. почте,
auth.google.mark,G,G,G,G,G,G,G,G,
auth.checkInbox.title,Check your inbox,تحقق من بريدك,अपना इनबॉक्स देखें,اپنا ان باکس دیکھیں,Revisa tu bandeja de entrada,Consultez votre boîte de réception,Confira sua caixa de entrada,Проверьте почту,
auth.checkInbox.body,"We sent a link to {{email}}. Open it to confirm your account, then sign in.",أرسلنا رابطًا إلى {{email}}. افتحه لتأكيد حسابك، ثم سجّل الدخول.,"हमने {{email}} पर एक लिंक भेजा है। खाता पक्का करने के लिए उसे खोलें, फिर साइन इन करें।",ہم نے {{email}} پر ایک لنک بھیجا ہے۔ اکاؤنٹ کی تصدیق کے لیے اسے کھولیں، پھر سائن اِن کریں۔,Enviamos un enlace a {{email}}. Ábrelo para confirmar tu cuenta y luego inicia sesión.,"Nous avons envoyé un lien à {{email}}. Ouvrez-le pour confirmer votre compte, puis connectez-vous.",Enviamos um link para {{email}}. Abra-o para confirmar sua conta e depois entre.,"Мы отправили ссылку на {{email}}. Откройте её, чтобы подтвердить аккаунт, а затем войдите.",
auth.checkInbox.spam,Not there after a minute? Look in Spam or Promotions.,لم يصل بعد دقيقة؟ ابحث في البريد العشوائي أو العروض.,एक मिनट में नहीं आया? Spam या Promotions में देखें।,ایک منٹ میں نہیں آیا؟ Spam یا Promotions میں دیکھیں۔,¿No llega en un minuto? Busca en Spam o Promociones.,Toujours rien après une minute ? Regardez dans les spams ou les promotions.,Não chegou depois de um minuto? Veja em Spam ou Promoções.,Письма нет через минуту? Проверьте папки «Спам» и «Промоакции».,
auth.checkInbox.resend,Send the email again,أرسل الرسالة مرة أخرى,ईमेल फिर से भेजें,ای میل دوبارہ بھیجیں,Reenviar el correo,Renvoyer l’e-mail,Enviar o e-mail de novo,Отправить письмо ещё раз,
auth.checkInbox.resent,Sent again,تم الإرسال مرة أخرى,फिर से भेज दिया,دوبارہ بھیج دی,Reenviado,E-mail renvoyé,Enviado de novo,Отправлено повторно,
auth.checkInbox.signIn,Go to sign in,اذهب إلى تسجيل الدخول,साइन इन पर जाएँ,سائن اِن پر جائیں,Ir a iniciar sesión,Aller à la connexion,Ir para o login,Перейти ко входу,
auth.alreadyRegistered.title,This email already has an account,هذا البريد له حساب بالفعل,इस ईमेल का खाता पहले से है,اس ای میل کا اکاؤنٹ پہلے سے ہے,Este correo ya tiene una cuenta,Cet e-mail a déjà un compte,Este e-mail já tem uma conta,С этой почтой уже есть аккаунт,
auth.alreadyRegistered.body,"{{email}} is already signed up. Sign in, continue with Google, or reset your password.",{{email}} مسجّل بالفعل. سجّل الدخول، أو تابع باستخدام Google، أو أعد تعيين كلمة المرور.,"{{email}} पहले से साइन अप है। साइन इन करें, Google से जारी रखें, या पासवर्ड रीसेट करें।",{{email}} پہلے سے سائن اپ ہے۔ سائن اِن کریں، Google کے ساتھ جاری رکھیں، یا پاس ورڈ ری سیٹ کریں۔,"{{email}} ya está registrado. Inicia sesión, continúa con Google o restablece tu contraseña.","{{email}} est déjà inscrit. Connectez-vous, continuez avec Google ou réinitialisez votre mot de passe.","{{email}} já está cadastrado. Entre, continue com Google ou redefina sua senha.","{{email}} уже зарегистрирован. Войдите, продолжите с Google или сбросьте пароль.",
auth.alreadyRegistered.reset,Reset my password,إعادة تعيين كلمة المرور,मेरा पासवर्ड रीसेट करें,میرا پاس ورڈ ری سیٹ کریں,Restablecer mi contraseña,Réinitialiser mon mot de passe,Redefinir minha senha,Сбросить пароль,
setup.title,Set up your salon,إعداد صالونك,अपना सैलून सेट करें,اپنا سیلون سیٹ کریں,Configura tu salón,Configurer votre salon,Configure seu salão,Настройка салона,
setup.next,Next,التالي,आगे,آگے,Siguiente,Suivant,Avançar,Далее,
setup.create,Create my salon,إنشاء صالوني,मेरा सैलून बनाएँ,میرا سیلون بنائیں,Crear mi salón,Créer mon salon,Criar meu salão,Создать салон,
setup.steps.business.title,Your business,نشاطك التجاري,आपका बिज़नेस,آپ کا کاروبار,Tu negocio,Votre entreprise,Seu negócio,Ваш бизнес,
setup.steps.business.subtitle,Step 1 of 5,الخطوة 1 من 5,चरण 1 / 5,مرحلہ 1 از 5,Paso 1 de 5,Étape 1 sur 5,Etapa 1 de 5,Шаг 1 из 5,
setup.steps.country.title,Where is your salon?,أين يقع صالونك؟,आपका सैलून कहाँ है?,آپ کا سیلون کہاں ہے؟,¿Dónde está tu salón?,Où se trouve votre salon ?,Onde fica seu salão?,Где находится салон?,
setup.steps.country.subtitle,Step 2 of 5,الخطوة 2 من 5,चरण 2 / 5,مرحلہ 2 از 5,Paso 2 de 5,Étape 2 sur 5,Etapa 2 de 5,Шаг 2 из 5,
setup.steps.mode.title,Salon type,نوع الصالون,सैलून प्रकार,سیلون کی قسم,Tipo de salón,Type de salon,Tipo de salão,Тип салона,
setup.steps.mode.subtitle,Step 3 of 5,الخطوة 3 من 5,चरण 3 / 5,مرحلہ 3 از 5,Paso 3 de 5,Étape 3 sur 5,Etapa 3 de 5,Шаг 3 из 5,
setup.steps.branch.title,First branch,الفرع الأول,पहली ब्रांच,پہلی برانچ,Primera sucursal,Première succursale,Primeira filial,Первый филиал,
setup.steps.branch.subtitle,Step 4 of 5,الخطوة 4 من 5,चरण 4 / 5,مرحلہ 4 از 5,Paso 4 de 5,Étape 4 sur 5,Etapa 4 de 5,Шаг 4 из 5,
setup.steps.tax.title,Tax and cash,الضريبة والنقد,टैक्स और कैश,ٹیکس اور نقد,Impuestos y efectivo,Taxe et caisse,Imposto e caixa,Налог и касса,
setup.steps.tax.subtitle,Step 5 of 5,الخطوة 5 من 5,चरण 5 / 5,مرحلہ 5 از 5,Paso 5 de 5,Étape 5 sur 5,Etapa 5 de 5,Шаг 5 из 5,
setup.country.detail,{{currency}} · {{tax}} · {{zone}},{{currency}} · {{tax}} · {{zone}},{{currency}} · {{tax}} · {{zone}},{{currency}} · {{tax}} · {{zone}},{{currency}} · {{tax}} · {{zone}},{{currency}} · {{tax}} · {{zone}},{{currency}} · {{tax}} · {{zone}},{{currency}} · {{tax}} · {{zone}},
setup.country.noTax,no sales tax,لا ضريبة مبيعات,कोई सेल्स टैक्स नहीं,کوئی سیلز ٹیکس نہیں,sin impuesto sobre las ventas,pas de taxe sur les ventes,sem imposto sobre vendas,без налога с продаж,
setup.country.other,Other country,دولة أخرى,कोई और देश,کوئی اور ملک,Otro país,Autre pays,Outro país,Другая страна,
setup.country.otherDetail,Pick your currency and time zone,اختر العملة والمنطقة الزمنية,अपनी मुद्रा और टाइम ज़ोन चुनें,اپنی کرنسی اور ٹائم زون منتخب کریں,Elige tu moneda y zona horaria,Choisissez votre devise et votre fuseau horaire,Escolha sua moeda e fuso horário,Выберите валюту и часовой пояс,
setup.country.currency,Currency,العملة,मुद्रा,کرنسی,Moneda,Devise,Moeda,Валюта,
setup.country.timezone,Time zone,المنطقة الزمنية,टाइम ज़ोन,ٹائم زون,Zona horaria,Fuseau horaire,Fuso horário,Часовой пояс,
setup.country.timezoneHint,Like Europe/London or America/New_York,مثل Europe/London أو America/New_York,जैसे Europe/London या America/New_York,جیسے Europe/London یا America/New_York,Como Europe/Madrid o America/Mexico_City,Par exemple Europe/Paris ou America/Montreal,Como Europe/Lisbon ou America/Sao_Paulo,"Например, Europe/Moscow или Asia/Almaty",
setup.country.search,Search countries,ابحث عن دولة,देश खोजें,ملک تلاش کریں,Buscar países,Rechercher un pays,Pesquisar países,Поиск страны,
setup.fields.businessName,Business name,اسم النشاط,बिज़नेस का नाम,کاروبار کا نام,Nombre del negocio,Nom de l’entreprise,Nome do negócio,Название бизнеса,
setup.fields.branchName,Branch name,اسم الفرع,ब्रांच का नाम,برانچ کا نام,Nombre de la sucursal,Nom de la succursale,Nome da filial,Название филиала,
setup.fields.branchNameHint,For example: Al Barsha,مثال: البرشاء,जैसे: अल बरशा,مثلاً: البرشاء,Por ejemplo: Al Barsha,Par exemple : Al Barsha,Por exemplo: Al Barsha,Например: Al Barsha,
setup.fields.address,Address,العنوان,पता,پتہ,Dirección,Adresse,Endereço,Адрес,
setup.fields.phone,Phone,الهاتف,फ़ोन,فون,Teléfono,Téléphone,Telefone,Телефон,
setup.fields.opens,Opens,يفتح,खुलता है,کھلتا ہے,Abre,Ouverture,Abre,Открытие,
setup.fields.closes,Closes,يغلق,बंद होता है,بند ہوتا ہے,Cierra,Fermeture,Fecha,Закрытие,
setup.fields.days,Open days,أيام العمل,खुले दिन,کھلے دن,Días de apertura,Jours d’ouverture,Dias de funcionamento,Рабочие дни,
setup.fields.openingCash,Cash in the drawer now,النقد في الدرج الآن,अभी दराज़ में कैश,ابھی دراز میں نقد,Efectivo en la caja ahora,Espèces dans le tiroir maintenant,Dinheiro na gaveta agora,Наличные в кассе сейчас,
setup.fields.openingCashHint,Optional. You can set it later in branch settings.,اختياري. يمكنك تعيينه لاحقًا من إعدادات الفرع.,वैकल्पिक। बाद में ब्रांच सेटिंग में सेट कर सकते हैं।,اختیاری۔ بعد میں برانچ سیٹنگ میں رکھ سکتے ہیں۔,Opcional. Puedes definirlo más tarde en los ajustes de la sucursal.,Facultatif. Vous pourrez les saisir plus tard dans les paramètres de la succursale.,Opcional. Você pode definir depois nas configurações da filial.,Необязательно. Можно указать позже в настройках филиала.,
setup.tax.on,Registered for {{tax}},مسجل في {{tax}},{{tax}} में रजिस्टर्ड,{{tax}} میں رجسٹرڈ,Registrado para {{tax}},Assujetti à la {{tax}},Contribuinte de {{tax}},Плательщик {{tax}},
setup.tax.offDetail,Prices have no {{tax}}. Receipts do not show a {{taxId}}.,الأسعار بدون {{tax}}. لا يظهر {{taxId}} على الإيصالات.,कीमतों में {{tax}} नहीं। रसीद पर {{taxId}} नहीं दिखेगा।,قیمتوں میں {{tax}} نہیں۔ رسید پر {{taxId}} نہیں ہوگا۔,Los precios no llevan {{tax}}. Los recibos no muestran un {{taxId}}.,Les prix sont sans {{tax}}. Les reçus n’affichent pas de {{taxId}}.,Os preços não têm {{tax}}. Os recibos não mostram {{taxId}}.,Цены без {{tax}}. В чеках не указывается {{taxId}}.,
setup.tax.onDetail,Checkout charges it and receipts become tax invoices with your {{taxId}}. You can change all of this later in Branch settings.,يحتسبها الدفع وتصبح الإيصالات فواتير ضريبية تحمل {{taxId}}. يمكنك تغيير كل ذلك لاحقًا في إعدادات الفرع.,चेकआउट इसे लगाता है और रसीदें आपके {{taxId}} के साथ टैक्स इनवॉइस बनती हैं। यह सब बाद में ब्रांच सेटिंग्स में बदल सकते हैं।,چیک آؤٹ اسے لگاتا ہے اور رسیدیں آپ کے {{taxId}} کے ساتھ ٹیکس انوائس بنتی ہیں۔ یہ سب بعد میں برانچ سیٹنگز میں بدل سکتے ہیں۔,Al cobrar se aplica y los recibos pasan a ser facturas fiscales con tu {{taxId}}. Puedes cambiar todo esto más tarde en Ajustes de la sucursal.,La caisse l’applique et les reçus deviennent des factures fiscales avec votre {{taxId}}. Vous pourrez tout modifier plus tard dans les paramètres de la succursale.,O caixa cobra o imposto e os recibos viram faturas fiscais com seu {{taxId}}. Você pode mudar tudo isso depois em Configurações da filial.,"Налог начисляется при оплате, а чеки становятся налоговыми счетами-фактурами с вашим {{taxId}}. Всё это можно изменить позже в настройках филиала.",
validation.required,Required,مطلوب,ज़रूरी,ضروری,Obligatorio,Obligatoire,Obrigatório,Обязательное поле,
validation.email,Enter a valid email,أدخل بريدًا صحيحًا,सही ईमेल डालें,درست ای میل درج کریں,Escribe un correo válido,Saisissez un e-mail valide,Digite um e-mail válido,Введите правильный адрес эл. почты,
validation.passwordMin,At least 8 characters,8 أحرف على الأقل,कम से कम 8 अक्षर,کم از کم 8 حروف,Al menos 8 caracteres,Au moins 8 caractères,Pelo menos 8 caracteres,Не менее 8 символов,
validation.passwordLength,At least 8 characters,8 أحرف على الأقل,कम से कम 8 अक्षर,کم از کم 8 حروف,Al menos 8 caracteres,Au moins 8 caractères,Pelo menos 8 caracteres,Не менее 8 символов,
validation.passwordMatch,Passwords do not match,كلمتا المرور غير متطابقتين,पासवर्ड मेल नहीं खाते,پاس ورڈ مماثل نہیں,Las contraseñas no coinciden,Les mots de passe ne correspondent pas,As senhas não coincidem,Пароли не совпадают,
validation.code,Enter the code from the email,أدخل الرمز من البريد الإلكتروني,ईमेल से मिला कोड डालें,ای میل سے ملا کوڈ درج کریں,Escribe el código del correo,Saisissez le code reçu par e-mail,Digite o código do e-mail,Введите код из письма,
validation.salonCode,4 to 12 letters or numbers,من 4 إلى 12 حرفًا أو رقمًا,4 से 12 अक्षर या अंक,4 سے 12 حروف یا ہندسے,De 4 a 12 letras o números,4 à 12 lettres ou chiffres,De 4 a 12 letras ou números,От 4 до 12 букв или цифр,
validation.username,"3 to 20 letters, numbers, dots or dashes",من 3 إلى 20 حرفًا أو رقمًا أو نقطة أو شرطة,"3 से 20 अक्षर, अंक, डॉट या डैश",3 سے 20 حروف، ہندسے، نقطے یا ڈیش,"De 3 a 20 letras, números, puntos o guiones","3 à 20 lettres, chiffres, points ou tirets","De 3 a 20 letras, números, pontos ou hifens","От 3 до 20 букв, цифр, точек или дефисов",
validation.name,Enter a name,أدخل اسمًا,नाम डालें,نام درج کریں,Escribe un nombre,Saisissez un nom,Digite um nome,Введите имя,
validation.phone,"Enter a phone number: digits and spaces, with + and the country code if you like",أدخل رقم هاتف: أرقام ومسافات، مع + ورمز الدولة إن شئت,"फ़ोन नंबर डालें: अंक और स्पेस, चाहें तो + और देश कोड के साथ",فون نمبر درج کریں: ہندسے اور اسپیس، چاہیں تو + اور ملک کے کوڈ کے ساتھ,"Escribe un número de teléfono: dígitos y espacios, con + y el código de país si quieres","Saisissez un numéro de téléphone : chiffres et espaces, avec + et l’indicatif du pays si vous le souhaitez","Digite um telefone: dígitos e espaços, com + e o código do país, se quiser","Введите номер телефона: цифры и пробелы, при желании с + и кодом страны",
validation.trn,The TRN has 15 digits,الرقم الضريبي من 15 رقمًا,TRN 15 अंकों का होता है,TRN میں 15 ہندسے ہوتے ہیں,El TRN tiene 15 dígitos,Le TRN comporte 15 chiffres,O TRN tem 15 dígitos,TRN состоит из 15 цифр,
validation.time,"Use hh:mm, for example 09:00",استخدم س:د مثل 09:00,"hh:mm लिखें, जैसे 09:00",hh:mm لکھیں، جیسے 09:00,"Usa hh:mm, por ejemplo 09:00","Utilisez hh:mm, par exemple 09:00","Use hh:mm, por exemplo 09:00","Формат чч:мм, например 09:00",
validation.hours,Closing must be after opening,يجب أن يكون الإغلاق بعد الفتح,बंद होने का समय खुलने के बाद होना चाहिए,بند ہونے کا وقت کھلنے کے بعد ہو,La hora de cierre debe ser posterior a la de apertura,La fermeture doit être après l’ouverture,O fechamento deve ser depois da abertura,Время закрытия должно быть позже открытия,
validation.days,Pick at least one day,اختر يومًا واحدًا على الأقل,कम से कम एक दिन चुनें,کم از کم ایک دن چنیں,Elige al menos un día,Choisissez au moins un jour,Escolha pelo menos um dia,Выберите хотя бы один день,
validation.number,Whole numbers only,أرقام صحيحة فقط,सिर्फ़ पूरे अंक,صرف پورے ہندسے,Solo números enteros,Nombres entiers uniquement,Apenas números inteiros,Только целые числа,
validation.range,Out of range,خارج النطاق,सीमा से बाहर,حد سے باہر,Fuera de rango,Hors limites,Fora do intervalo permitido,Значение вне допустимого диапазона,
validation.percent,Enter a percentage like 10 or 12.5,أدخل نسبة مثل 10 أو 12.5,प्रतिशत डालें जैसे 10 या 12.5,فیصد درج کریں جیسے 10 یا 12.5,Escribe un porcentaje como 10 o 12.5,Saisissez un pourcentage comme 10 ou 12.5,Digite uma porcentagem como 10 ou 12.5,"Введите процент, например 10 или 12.5",
validation.pickCategory,Pick a category,اختر فئة,कैटेगरी चुनें,کیٹیگری چنیں,Elige una categoría,Choisissez une catégorie,Escolha uma categoria,Выберите категорию,
validation.recipeQty,Enter how much of each item is used,أدخل الكمية المستخدمة من كل منتج,हर प्रोडक्ट की मात्रा डालें,ہر پروڈکٹ کی مقدار درج کریں,Escribe cuánto se usa de cada artículo,Saisissez la quantité utilisée pour chaque article,Digite quanto de cada item é usado,"Укажите, сколько каждой позиции расходуется",
validation.tooLong,Too long,طويل جدًا,बहुत लंबा,بہت لمبا,Demasiado largo,Trop long,Muito longo,Слишком длинно,
validation.taxNumber,"Letters, numbers, spaces, dots, dashes or slashes",حروف وأرقام ومسافات ونقاط وشرطات أو خطوط مائلة,"अक्षर, अंक, स्पेस, बिंदु, डैश या स्लैश",حروف، ہندسے، اسپیس، نقطے، ڈیش یا سلیش,"Letras, números, espacios, puntos, guiones o barras","Lettres, chiffres, espaces, points, tirets ou barres obliques","Letras, números, espaços, pontos, hifens ou barras","Буквы, цифры, пробелы, точки, дефисы или косые черты",
validation.taxRate,"Enter a rate from 0 to 30, like 5 or 8.875",أدخل نسبة من 0 إلى 30، مثل 5 أو 8.875,"0 से 30 तक की दर डालें, जैसे 5 या 8.875",0 سے 30 تک شرح درج کریں، جیسے 5 یا 8.875,"Escribe una tasa de 0 a 30, como 5 o 8.875","Saisissez un taux de 0 à 30, comme 5 ou 8.875","Digite uma alíquota de 0 a 30, como 5 ou 8.875","Введите ставку от 0 до 30, например 5 или 8.875",
validation.timezone,Use a time zone name like Europe/London,استخدم اسم منطقة زمنية مثل Europe/London,"टाइम ज़ोन का नाम लिखें, जैसे Europe/London",ٹائم زون کا نام لکھیں، جیسے Europe/London,Usa un nombre de zona horaria como Europe/Madrid,Utilisez un nom de fuseau horaire comme Europe/Paris,"Use o nome de um fuso horário, como Europe/Lisbon","Укажите часовой пояс, например Europe/Moscow",
errors.not_signed_in,Your session ended. Please sign in again.,انتهت جلستك. سجّل الدخول مرة أخرى.,सेशन खत्म हो गया। फिर से साइन इन करें।,سیشن ختم ہو گیا۔ دوبارہ سائن ان کریں۔,Tu sesión terminó. Vuelve a iniciar sesión.,Votre session a expiré. Reconnectez-vous.,Sua sessão terminou. Entre novamente.,Сеанс завершён. Войдите снова.,
errors.not_allowed,Your role cannot do this. Ask the owner.,دورك لا يسمح بذلك. اسأل المالك.,आपका रोल यह नहीं कर सकता। मालिक से पूछें।,آپ کا کردار یہ نہیں کر سکتا۔ مالک سے پوچھیں۔,Tu rol no permite hacer esto. Pregúntale al dueño.,Votre rôle ne permet pas cette action. Demandez au propriétaire.,Sua função não permite fazer isso. Fale com o proprietário.,Вашей роли это недоступно. Обратитесь к владельцу.,
errors.already_has_business,This account already has a salon.,هذا الحساب لديه صالون بالفعل.,इस खाते का सैलून पहले से है।,اس اکاؤنٹ کا سیلون پہلے سے ہے۔,Esta cuenta ya tiene un salón.,Ce compte a déjà un salon.,Esta conta já tem um salão.,У этого аккаунта уже есть салон.,
errors.mode_required,Choose a salon type.,اختر نوع الصالون.,सैलून प्रकार चुनें।,سیلون کی قسم چنیں۔,Elige un tipo de salón.,Choisissez un type de salon.,Escolha um tipo de salão.,Выберите тип салона.,
errors.trn_required,{{tax}} needs a 15-digit {{taxId}}.,{{tax}} تحتاج {{taxId}} من 15 رقمًا.,{{tax}} के लिए 15 अंकों का {{taxId}} चाहिए।,{{tax}} کے لیے 15 ہندسوں کا {{taxId}} چاہیے۔,El {{tax}} requiere un {{taxId}} de 15 dígitos.,La {{tax}} exige un {{taxId}} à 15 chiffres.,{{tax}} exige um {{taxId}} de 15 dígitos.,Для {{tax}} нужен {{taxId}} из 15 цифр.,
errors.invalid_amount,Check the amount.,تحقق من المبلغ.,रकम जाँचें।,رقم چیک کریں۔,Revisa el monto.,Vérifiez le montant.,Confira o valor.,Проверьте сумму.,
errors.opening_cash_already_set,Opening cash is already recorded.,تم تسجيل النقد الافتتاحي بالفعل.,ओपनिंग कैश पहले से दर्ज है।,ابتدائی نقد پہلے سے درج ہے۔,El efectivo inicial ya está registrado.,Le fond de caisse initial est déjà enregistré.,O saldo inicial do caixa já foi registrado.,Наличные на начало уже указаны.,
errors.category_required,Pick a category.,اختر فئة.,कैटेगरी चुनें।,کیٹیگری چنیں۔,Elige una categoría.,Choisissez une catégorie.,Escolha uma categoria.,Выберите категорию.,
errors.not_found,This record no longer exists. Pull down to refresh.,هذا السجل لم يعد موجودًا. اسحب للتحديث.,यह रिकॉर्ड अब नहीं है। रिफ्रेश के लिए नीचे खींचें।,یہ ریکارڈ اب موجود نہیں۔ ریفریش کے لیے نیچے کھینچیں۔,Este registro ya no existe. Desliza hacia abajo para actualizar.,Cet élément n’existe plus. Tirez vers le bas pour actualiser.,Este registro não existe mais. Puxe para baixo para atualizar.,"Эта запись больше не существует. Потяните вниз, чтобы обновить.",
errors.service_unavailable,One of the services is archived. Pick another.,إحدى الخدمات مؤرشفة. اختر غيرها.,एक सर्विस आर्काइव है। दूसरी चुनें।,ایک سروس آرکائیو ہے۔ دوسری چنیں۔,Uno de los servicios está archivado. Elige otro.,L’un des services est archivé. Choisissez-en un autre.,Um dos serviços está arquivado. Escolha outro.,Одна из услуг в архиве. Выберите другую.,
errors.services_required,Pick at least one service.,اختر خدمة واحدة على الأقل.,कम से कम एक सर्विस चुनें।,کم از کم ایک سروس چنیں۔,Elige al menos un servicio.,Choisissez au moins un service.,Escolha pelo menos um serviço.,Выберите хотя бы одну услугу.,
errors.time_required,Pick a time.,اختر وقتًا.,समय चुनें।,وقت چنیں۔,Elige una hora.,Choisissez une heure.,Escolha um horário.,Выберите время.,
errors.slot_taken,That time was just booked. Pick another slot.,تم حجز هذا الوقت للتو. اختر وقتًا آخر.,यह समय अभी बुक हुआ। दूसरा चुनें।,یہ وقت ابھی بک ہوا۔ دوسرا چنیں۔,Alguien acaba de reservar esa hora. Elige otro horario.,Ce créneau vient d’être réservé. Choisissez-en un autre.,Esse horário acabou de ser agendado. Escolha outro.,Это время только что заняли. Выберите другое.,
errors.room_required,This service needs a room. Pick one.,هذه الخدمة تحتاج غرفة. اختر واحدة.,इस सर्विस के लिए कमरा चाहिए। एक चुनें।,اس سروس کے لیے کمرہ چاہیے۔ ایک چنیں۔,Este servicio necesita una sala. Elige una.,Ce service nécessite une cabine. Choisissez-en une.,Este serviço precisa de uma sala. Escolha uma.,Для этой услуги нужен кабинет. Выберите его.,
errors.deposit_method_required,Choose how the deposit was paid.,اختر طريقة دفع العربون.,"डिपॉज़िट कैसे मिला, चुनें।",ڈپازٹ کیسے ملا، چنیں۔,Elige cómo se pagó el anticipo.,Choisissez comment l’acompte a été payé.,Escolha como o sinal foi pago.,"Укажите, как была внесена предоплата.",
errors.invalid_status,Someone already changed this. Pull down to refresh.,غيّر أحدهم هذا بالفعل. اسحب للتحديث.,किसी ने इसे पहले ही बदल दिया। रिफ्रेश करें।,کسی نے اسے پہلے ہی بدل دیا۔ ریفریش کریں۔,Alguien ya cambió esto. Desliza hacia abajo para actualizar.,Quelqu’un a déjà modifié cet élément. Tirez vers le bas pour actualiser.,Alguém já alterou isto. Puxe para baixo para atualizar.,"Кто-то уже изменил эту запись. Потяните вниз, чтобы обновить.",
errors.reason_required,Write a reason (at least 3 characters).,اكتب سببًا (3 أحرف على الأقل).,कारण लिखें (कम से कम 3 अक्षर)।,وجہ لکھیں (کم از کم 3 حروف)۔,Escribe un motivo (al menos 3 caracteres).,Indiquez un motif (au moins 3 caractères).,Escreva um motivo (pelo menos 3 caracteres).,Укажите причину (не менее 3 символов).,
errors.lines_required,Add at least one service.,أضف خدمة واحدة على الأقل.,कम से कम एक सर्विस जोड़ें।,کم از کم ایک سروس شامل کریں۔,Agrega al menos un servicio.,Ajoutez au moins un service.,Adicione pelo menos um serviço.,Добавьте хотя бы одну услугу.,
errors.invalid_line,One of the lines is not valid.,أحد البنود غير صالح.,एक लाइन सही नहीं है।,ایک لائن درست نہیں۔,Una de las líneas no es válida.,L’une des lignes n’est pas valide.,Uma das linhas não é válida.,Одна из строк заполнена неверно.,
errors.invalid_qty,Check the quantities.,تحقق من الكميات.,मात्रा जाँचें।,مقدار چیک کریں۔,Revisa las cantidades.,Vérifiez les quantités.,Confira as quantidades.,Проверьте количество.,
errors.invalid_discount,The discount is more than the bill.,الخصم أكبر من الفاتورة.,डिस्काउंट बिल से ज़्यादा है।,رعایت بل سے زیادہ ہے۔,El descuento es mayor que la cuenta.,La remise dépasse le montant de la note.,O desconto é maior que a conta.,Скидка больше суммы счёта.,
errors.invalid_tip,Check the tip.,تحقق من البقشيش.,टिप जाँचें।,ٹپ چیک کریں۔,Revisa la propina.,Vérifiez le pourboire.,Confira a gorjeta.,Проверьте сумму чаевых.,
errors.invalid_payment,Check the payment method.,تحقق من طريقة الدفع.,पेमेंट तरीका जाँचें।,ادائیگی کا طریقہ چیک کریں۔,Revisa la forma de pago.,Vérifiez le moyen de paiement.,Confira a forma de pagamento.,Проверьте способ оплаты.,
errors.payment_mismatch,Payments must add up to the amount due.,يجب أن تساوي المدفوعات المبلغ المستحق.,पेमेंट का जोड़ बकाया रकम के बराबर हो।,ادائیگیوں کا مجموعہ واجب رقم کے برابر ہو۔,Los pagos deben sumar el total a pagar.,Le total des paiements doit être égal au montant dû.,Os pagamentos devem somar o valor a pagar.,Сумма платежей должна совпадать с суммой к оплате.,
errors.insufficient_stock,Not enough stock:,المخزون غير كافٍ:,स्टॉक कम है:,اسٹاک کم ہے:,No hay stock suficiente:,Stock insuffisant :,Estoque insuficiente:,Недостаточно на складе:,
errors.period_closed,That period is closed. Use today's date.,هذه الفترة مغلقة. استخدم تاريخ اليوم.,वह अवधि बंद है। आज की तारीख लें।,وہ مدت بند ہے۔ آج کی تاریخ لیں۔,Ese periodo está cerrado. Usa la fecha de hoy.,Cette période est clôturée. Utilisez la date du jour.,Esse período está fechado. Use a data de hoje.,Этот период закрыт. Укажите сегодняшнюю дату.,
errors.username_taken,That username is taken. Try another.,اسم المستخدم مستخدم. جرّب غيره.,यह यूज़रनेम लिया हुआ है। दूसरा आज़माएँ।,یہ یوزر نیم لیا جا چکا ہے۔ دوسرا آزمائیں۔,Ese usuario ya existe. Prueba con otro.,Ce nom d’utilisateur est déjà pris. Essayez-en un autre.,Esse nome de usuário já está em uso. Tente outro.,Этот логин занят. Выберите другой.,
errors.weak_password,Use at least 8 characters.,استخدم 8 أحرف على الأقل.,कम से कम 8 अक्षर रखें।,کم از کم 8 حروف رکھیں۔,Usa al menos 8 caracteres.,Utilisez au moins 8 caractères.,Use pelo menos 8 caracteres.,Используйте не менее 8 символов.,
errors.invalid_username,"Usernames are 3 to 20 letters, numbers, dots or dashes.",اسم المستخدم من 3 إلى 20 حرفًا أو رقمًا أو نقطة أو شرطة.,"यूज़रनेम 3 से 20 अक्षर, अंक, डॉट या डैश।",یوزر نیم 3 سے 20 حروف، ہندسے، نقطے یا ڈیش۔,"El usuario debe tener de 3 a 20 letras, números, puntos o guiones.","Un nom d’utilisateur comporte 3 à 20 lettres, chiffres, points ou tirets.","Nomes de usuário têm de 3 a 20 letras, números, pontos ou hifens.","Логин — от 3 до 20 букв, цифр, точек или дефисов.",
errors.name_required,Enter a name.,أدخل اسمًا.,नाम डालें।,نام درج کریں۔,Escribe un nombre.,Saisissez un nom.,Digite um nome.,Введите имя.,
errors.invalid_commission,Commission must be between 0 and 100%.,العمولة بين 0 و100%.,कमीशन 0 से 100% के बीच हो।,کمیشن 0 سے 100% کے درمیان ہو۔,La comisión debe estar entre 0 y 100%.,La commission doit être comprise entre 0 et 100 %.,A comissão deve ficar entre 0 e 100%.,Комиссия должна быть от 0 до 100%.,
errors.wrong_password,"Wrong email, username or password.",البريد أو اسم المستخدم أو كلمة المرور غير صحيحة.,"ईमेल, यूज़रनेम या पासवर्ड गलत है।",ای میل، یوزر نیم یا پاس ورڈ غلط ہے۔,"Correo, usuario o contraseña incorrectos.","E-mail, nom d’utilisateur ou mot de passe incorrect.","E-mail, nome de usuário ou senha incorretos.","Неверная почта, логин или пароль.",
errors.disabled,This login is disabled. Ask the owner.,هذا الحساب معطّل. اسأل المالك.,यह लॉगिन बंद है। मालिक से पूछें।,یہ لاگ ان بند ہے۔ مالک سے پوچھیں۔,Este acceso está desactivado. Pregúntale al dueño.,Cet accès est désactivé. Demandez au propriétaire.,Este login está desativado. Fale com o proprietário.,Этот вход отключён. Обратитесь к владельцу.,
errors.email_taken,An account with this email already exists. Sign in instead.,يوجد حساب بهذا البريد. سجّل الدخول بدلًا من ذلك.,इस ईमेल से खाता पहले से है। साइन इन करें।,اس ای میل سے اکاؤنٹ پہلے سے ہے۔ سائن ان کریں۔,Ya existe una cuenta con este correo. Inicia sesión.,Un compte existe déjà avec cet e-mail. Connectez-vous plutôt.,Já existe uma conta com este e-mail. Entre com ela.,Аккаунт с этой почтой уже существует. Войдите в него.,
errors.no_internet,No connection. Check your internet and try again.,لا يوجد اتصال. تحقق من الإنترنت وحاول مجددًا.,कनेक्शन नहीं। इंटरनेट जाँचकर फिर कोशिश करें।,کنکشن نہیں۔ انٹرنیٹ چیک کر کے دوبارہ کوشش کریں۔,Sin conexión. Revisa tu internet y vuelve a intentarlo.,Pas de connexion. Vérifiez votre accès internet et réessayez.,Sem conexão. Verifique sua internet e tente de novo.,Нет соединения. Проверьте интернет и попробуйте ещё раз.,
errors.rate_limited,Too many tries. Wait a minute and try again.,محاولات كثيرة. انتظر دقيقة وحاول مجددًا.,बहुत कोशिशें। एक मिनट रुककर फिर करें।,بہت زیادہ کوششیں۔ ایک منٹ رک کر دوبارہ کریں۔,Demasiados intentos. Espera un minuto y vuelve a intentarlo.,Trop de tentatives. Patientez une minute et réessayez.,Tentativas demais. Aguarde um minuto e tente de novo.,Слишком много попыток. Подождите минуту и попробуйте снова.,
errors.invalid_code,That code is wrong or expired. Send a new one.,الرمز خاطئ أو منتهٍ. أرسل رمزًا جديدًا.,कोड गलत या पुराना है। नया भेजें।,کوڈ غلط یا پرانا ہے۔ نیا بھیجیں۔,Ese código es incorrecto o ya venció. Pide uno nuevo.,Ce code est incorrect ou expiré. Demandez-en un nouveau.,Esse código está errado ou expirou. Peça um novo.,Код неверный или устарел. Запросите новый.,
errors.unknown_salon,No salon with that code. Check it with the owner.,لا يوجد صالون بهذا الرمز. تحقق منه مع المالك.,इस कोड का कोई सैलून नहीं। मालिक से जाँचें।,اس کوڈ کا کوئی سیلون نہیں۔ مالک سے تصدیق کریں۔,No hay ningún salón con ese código. Confírmalo con el dueño.,Aucun salon avec ce code. Vérifiez-le auprès du propriétaire.,Nenhum salão com esse código. Confirme com o proprietário.,Салона с таким кодом нет. Уточните код у владельца.,
errors.confirm_email,"Check your email to confirm your account, then sign in.",تحقق من بريدك لتأكيد حسابك ثم سجّل الدخول.,"खाता पक्का करने के लिए ईमेल देखें, फिर साइन इन करें।",اکاؤنٹ کی تصدیق کے لیے ای میل دیکھیں، پھر سائن ان کریں۔,Revisa tu correo para confirmar tu cuenta y luego inicia sesión.,"Consultez vos e-mails pour confirmer votre compte, puis connectez-vous.",Confira seu e-mail para confirmar sua conta e depois entre.,"Подтвердите аккаунт по ссылке из письма, затем войдите.",
errors.category_exists,A category with that name already exists.,توجد فئة بهذا الاسم.,इस नाम की कैटेगरी पहले से है।,اس نام کی کیٹیگری پہلے سے ہے۔,Ya existe una categoría con ese nombre.,Une catégorie porte déjà ce nom.,Já existe uma categoria com esse nome.,Категория с таким названием уже есть.,
errors.unknown_setting,That setting cannot be changed here.,لا يمكن تغيير هذا الإعداد هنا.,यह सेटिंग यहाँ नहीं बदल सकती।,یہ سیٹنگ یہاں نہیں بدل سکتی۔,Ese ajuste no se puede cambiar aquí.,Ce paramètre ne peut pas être modifié ici.,Essa configuração não pode ser alterada aqui.,Эту настройку здесь изменить нельзя.,
errors.invalid_role,Pick a role.,اختر دورًا.,रोल चुनें।,کردار چنیں۔,Elige un rol.,Choisissez un rôle.,Escolha uma função.,Выберите роль.,
errors.server_busy,The server is taking too long. Try again in a moment.,الخادم يستغرق وقتًا طويلًا. حاول مجددًا بعد قليل.,सर्वर को बहुत समय लग रहा है। थोड़ी देर में फिर कोशिश करें।,سرور بہت وقت لے رہا ہے۔ تھوڑی دیر میں دوبارہ کوشش کریں۔,El servidor está tardando demasiado. Vuelve a intentarlo en un momento.,Le serveur met trop de temps à répondre. Réessayez dans un instant.,O servidor está demorando demais. Tente de novo daqui a pouco.,Сервер долго не отвечает. Попробуйте через минуту.,
errors.unknown,Something went wrong. Try again.,حدث خطأ. حاول مجددًا.,कुछ गड़बड़ हुई। फिर कोशिश करें।,کچھ غلط ہو گیا۔ دوبارہ کوشش کریں۔,Algo salió mal. Vuelve a intentarlo.,Un problème est survenu. Réessayez.,Algo deu errado. Tente de novo.,Что-то пошло не так. Попробуйте ещё раз.,
errors.day_closed,"This day's cash is closed. Take card, or ask the owner to send the count back.",نقد هذا اليوم مغلق. اقبل البطاقة، أو اطلب من المالك إعادة العدّ.,"इस दिन का नकद बंद है। कार्ड लें, या मालिक से गिनती वापस भेजने को कहें।",اس دن کا نقد بند ہے۔ کارڈ لیں، یا مالک سے گنتی واپس بھیجنے کو کہیں۔,La caja de este día está cerrada. Cobra con tarjeta o pide al dueño que devuelva el conteo.,La caisse de cette journée est clôturée. Encaissez par carte ou demandez au propriétaire de renvoyer le comptage.,O caixa deste dia está fechado. Receba no cartão ou peça ao proprietário para devolver a contagem.,Касса за этот день закрыта. Примите оплату картой или попросите владельца вернуть пересчёт.,
errors.invalid_date,"That day cannot be closed. Days close in order, up to today.",لا يمكن إغلاق ذلك اليوم. تُغلق الأيام بالترتيب حتى اليوم.,"वह दिन बंद नहीं हो सकता। दिन क्रम से, आज तक बंद होते हैं।",وہ دن بند نہیں ہو سکتا۔ دن ترتیب سے، آج تک بند ہوتے ہیں۔,"Ese día no se puede cerrar. Los días se cierran en orden, hasta hoy.","Cette journée ne peut pas être clôturée. Les journées se clôturent dans l’ordre, jusqu’à aujourd’hui.","Esse dia não pode ser fechado. Os dias são fechados em ordem, até hoje.","Этот день нельзя закрыть. Дни закрываются по порядку, до сегодняшнего включительно.",
errors.count_required,Enter the cash you counted.,أدخل النقد الذي عددته.,गिना गया नकद दर्ज करें।,گنا گیا نقد درج کریں۔,Escribe el efectivo que contaste.,Saisissez les espèces comptées.,Digite o dinheiro que você contou.,Введите пересчитанную сумму наличных.,
errors.confirm_required,Tick the box to confirm the drawer was closed while counting.,ضع علامة للتأكيد أن الدرج كان مغلقًا أثناء العدّ.,पुष्टि का बॉक्स टिक करें कि गिनती के समय दराज़ बंद था।,تصدیق کا باکس ٹک کریں کہ گنتی کے وقت دراز بند تھا۔,Marca la casilla para confirmar que la caja estuvo cerrada mientras contabas.,Cochez la case pour confirmer que le tiroir était fermé pendant le comptage.,Marque a caixa para confirmar que a gaveta ficou fechada durante a contagem.,"Отметьте флажок, чтобы подтвердить, что касса была закрыта во время пересчёта.",
errors.previous_close_pending,An earlier close is waiting for the owner. It must be approved first.,إغلاق سابق بانتظار المالك. يجب اعتماده أولًا.,पिछली क्लोज़िंग मालिक के पास बाकी है। पहले उसे मंज़ूर करना होगा।,پچھلی کلوزنگ مالک کے پاس باقی ہے۔ پہلے اسے منظور کرنا ہوگا۔,Hay un cierre anterior esperando al dueño. Primero debe aprobarse.,Une clôture précédente attend le propriétaire. Elle doit d’abord être approuvée.,Um fechamento anterior está aguardando o proprietário. Ele precisa ser aprovado primeiro.,Предыдущее закрытие ждёт владельца. Сначала его нужно одобрить.,
errors.item_exists,An item with that name already exists.,يوجد صنف بهذا الاسم.,इस नाम का आइटम पहले से है।,اس نام کا آئٹم پہلے سے ہے۔,Ya existe un artículo con ese nombre.,Un article porte déjà ce nom.,Já existe um item com esse nome.,Позиция с таким названием уже есть.,
errors.price_required,Retail items need a selling price.,أصناف البيع تحتاج سعر بيع.,बिक्री वाले आइटम का दाम चाहिए।,فروخت والے آئٹم کی قیمت چاہیے۔,Los artículos de venta necesitan un precio de venta.,Les articles destinés à la vente doivent avoir un prix de vente.,Itens de revenda precisam de preço de venda.,Для товаров на продажу нужна цена продажи.,
errors.item_unavailable,That product is no longer for sale. Refresh and try again.,هذا المنتج لم يعد للبيع. حدّث وحاول مجددًا.,यह उत्पाद अब बिक्री में नहीं है। रिफ्रेश करें।,یہ چیز اب فروخت میں نہیں۔ ریفریش کریں۔,Ese producto ya no está a la venta. Actualiza y vuelve a intentarlo.,Ce produit n’est plus en vente. Actualisez et réessayez.,Esse produto não está mais à venda. Atualize e tente de novo.,Этот товар больше не продаётся. Обновите и попробуйте снова.,
errors.invalid_restock,Items go back to stock only when the whole sale is refunded.,تعود الأصناف إلى المخزون فقط عند استرداد البيع كاملًا.,पूरी बिक्री लौटाने पर ही सामान स्टॉक में वापस जाता है।,پوری فروخت واپس ہونے پر ہی سامان اسٹاک میں واپس جاتا ہے۔,Los artículos solo vuelven al stock cuando se reembolsa la venta completa.,Les articles ne reviennent en stock que si toute la vente est remboursée.,Os itens só voltam ao estoque quando a venda inteira é reembolsada.,"Товары возвращаются на склад, только если возвращается вся продажа.",
errors.receipt_exists,This already has a receipt photo.,يوجد صورة إيصال بالفعل.,इसकी रसीद फ़ोटो पहले से है।,اس کی رسید کی تصویر پہلے سے ہے۔,Esto ya tiene una foto del recibo.,Il y a déjà une photo de reçu.,Isto já tem uma foto do recibo.,Фото чека уже добавлено.,
errors.receipt_missing,The photo did not finish uploading. Try again.,لم يكتمل رفع الصورة. حاول مجددًا.,फ़ोटो पूरी अपलोड नहीं हुई। फिर कोशिश करें।,تصویر پوری اپ لوڈ نہیں ہوئی۔ دوبارہ کوشش کریں۔,La foto no terminó de subirse. Vuelve a intentarlo.,L’envoi de la photo n’est pas terminé. Réessayez.,O envio da foto não terminou. Tente de novo.,Фото не загрузилось до конца. Попробуйте ещё раз.,
errors.photo_too_large,That photo is over 5 MB. Choose a smaller one.,الصورة أكبر من 5 ميغابايت. اختر صورة أصغر.,फ़ोटो 5 MB से बड़ी है। छोटी फ़ोटो चुनें।,تصویر 5 MB سے بڑی ہے۔ چھوٹی تصویر چنیں۔,Esa foto pesa más de 5 MB. Elige una más pequeña.,Cette photo dépasse 5 Mo. Choisissez-en une plus petite.,Essa foto tem mais de 5 MB. Escolha uma menor.,Фото больше 5 МБ. Выберите фото поменьше.,
errors.camera_denied,"Camera access is off. Allow it in the phone settings, or choose a photo.",الوصول إلى الكاميرا متوقف. اسمح به من إعدادات الهاتف أو اختر صورة.,कैमरा की अनुमति बंद है। फ़ोन सेटिंग में चालू करें या फ़ोटो चुनें।,کیمرے کی اجازت بند ہے۔ فون کی سیٹنگ میں کھولیں یا تصویر چنیں۔,El acceso a la cámara está desactivado. Actívalo en los ajustes del teléfono o elige una foto.,L’accès à l’appareil photo est désactivé. Autorisez-le dans les réglages du téléphone ou choisissez une photo.,O acesso à câmera está desativado. Permita nas configurações do celular ou escolha uma foto.,Доступ к камере выключен. Разрешите его в настройках телефона или выберите фото.,
errors.invalid_roster,Each shift needs a start and an end time.,كل مناوبة تحتاج وقت بداية ونهاية.,हर शिफ़्ट का शुरू और खत्म होने का समय चाहिए।,ہر شفٹ کا شروع اور ختم ہونے کا وقت چاہیے۔,Cada turno necesita una hora de inicio y una de fin.,Chaque plage horaire doit avoir une heure de début et une heure de fin.,Cada turno precisa de horário de início e de fim.,У каждой смены должно быть время начала и окончания.,
errors.invalid_time,That time is not today or is in the future.,هذا الوقت ليس اليوم أو في المستقبل.,यह समय आज का नहीं है या भविष्य का है।,یہ وقت آج کا نہیں یا مستقبل کا ہے۔,Esa hora no es de hoy o está en el futuro.,Cette heure n’est pas d’aujourd’hui ou se situe dans le futur.,Esse horário não é de hoje ou está no futuro.,Это время не сегодня или ещё не наступило.,
errors.already_clocked_in,Already clocked in today.,تم تسجيل الحضور اليوم بالفعل.,आज की हाज़िरी पहले से लगी है।,آج کی حاضری پہلے سے لگی ہے۔,Ya registraste la entrada hoy.,Arrivée déjà pointée aujourd’hui.,A entrada de hoje já foi registrada.,Приход сегодня уже отмечен.,
errors.not_clocked_in,"Not clocked in, or already clocked out.",لم يُسجَّل الحضور أو تم الانصراف بالفعل.,"हाज़िरी नहीं लगी, या छुट्टी पहले से दर्ज है।",حاضری نہیں لگی، یا چھٹی پہلے سے درج ہے۔,No registraste la entrada o ya registraste la salida.,"Arrivée non pointée, ou départ déjà pointé.","A entrada não foi registrada, ou a saída já foi registrada.",Приход не отмечен или уход уже отмечен.,
errors.payroll_approved,That month is already approved. Changes go into next month.,هذا الشهر معتمد بالفعل. التغييرات تدخل الشهر التالي.,वह महीना पहले से मंज़ूर है। बदलाव अगले महीने में जाएँगे।,وہ مہینہ پہلے سے منظور ہے۔ تبدیلیاں اگلے مہینے میں جائیں گی۔,Ese mes ya está aprobado. Los cambios pasan al mes siguiente.,Ce mois est déjà approuvé. Les modifications passent sur le mois suivant.,Esse mês já foi aprovado. As alterações entram no próximo mês.,Этот месяц уже одобрен. Изменения попадут в следующий месяц.,
errors.evidence_required,A photo is required for the hygiene log.,الصورة مطلوبة لسجل النظافة.,स्वच्छता लॉग के लिए फ़ोटो ज़रूरी है।,صفائی لاگ کے لیے تصویر ضروری ہے۔,El registro de higiene necesita una foto.,Une photo est obligatoire pour le registre d’hygiène.,Uma foto é obrigatória para o registro de higiene.,Для журнала гигиены нужно фото.,
errors.already_signed,Today's hygiene log is already signed.,سجل النظافة لليوم موقّع بالفعل.,आज का स्वच्छता लॉग पहले से साइन है।,آج کا صفائی لاگ پہلے سے دستخط شدہ ہے۔,El registro de higiene de hoy ya está firmado.,Le registre d’hygiène du jour est déjà signé.,O registro de higiene de hoje já está assinado.,Журнал гигиены за сегодня уже подписан.,
errors.already_requested,A refund is already requested for this sale.,تم طلب استرداد لهذا البيع بالفعل.,इस बिक्री का रिफ़ंड पहले से माँगा गया है।,اس فروخت کا ریفنڈ پہلے سے مانگا گیا ہے۔,Ya se pidió un reembolso para esta venta.,Un remboursement est déjà demandé pour cette vente.,Já existe um pedido de reembolso para esta venda.,Возврат по этой продаже уже запрошен.,
errors.invalid_token,This phone could not sign up for notifications.,تعذر تسجيل هذا الهاتف للإشعارات.,यह फ़ोन सूचनाओं के लिए नहीं जुड़ सका।,یہ فون اطلاعات کے لیے رجسٹر نہ ہو سکا۔,Este teléfono no pudo activar las notificaciones.,Ce téléphone n’a pas pu s’inscrire aux notifications.,Este celular não conseguiu se inscrever para receber notificações.,Не удалось подключить уведомления на этом телефоне.,
errors.not_balanced,The books for that month do not balance. Check the trial balance first.,دفاتر ذلك الشهر غير متوازنة. راجع ميزان المراجعة أولًا.,उस महीने के खाते बराबर नहीं हैं। पहले ट्रायल बैलेंस देखें।,اس مہینے کے کھاتے برابر نہیں۔ پہلے ٹرائل بیلنس دیکھیں۔,Los libros de ese mes no cuadran. Revisa primero el balance de comprobación.,Les comptes de ce mois ne sont pas équilibrés. Vérifiez d’abord la balance.,Os livros desse mês não fecham. Confira primeiro o balancete.,Учёт за этот месяц не сходится. Сначала проверьте оборотно-сальдовую ведомость.,
errors.invalid_pin,Use 4 digits that are not all the same or in a row.,استخدم 4 أرقام ليست متشابهة كلها ولا متتالية.,4 अंक इस्तेमाल करें जो सब एक जैसे या क्रम में न हों।,4 ہندسے استعمال کریں جو سب ایک جیسے یا ترتیب میں نہ ہوں۔,Usa 4 dígitos que no sean todos iguales ni consecutivos.,Utilisez 4 chiffres ni tous identiques ni consécutifs.,Use 4 dígitos que não sejam todos iguais nem em sequência.,Введите 4 цифры: не все одинаковые и не подряд.,
errors.pin_locked,"Too many wrong PINs. Try again in 5 minutes, or sign in with the password.",رموز خاطئة كثيرة. حاول بعد 5 دقائق أو سجّل الدخول بكلمة المرور.,"बहुत सारे ग़लत पिन। 5 मिनट बाद कोशिश करें, या पासवर्ड से साइन इन करें।",بہت سے غلط پن۔ 5 منٹ بعد کوشش کریں، یا پاس ورڈ سے سائن ان کریں۔,Demasiados PIN incorrectos. Vuelve a intentarlo en 5 minutos o inicia sesión con la contraseña.,Trop de PIN incorrects. Réessayez dans 5 minutes ou connectez-vous avec le mot de passe.,PINs errados demais. Tente de novo em 5 minutos ou entre com a senha.,Слишком много неверных PIN. Попробуйте через 5 минут или войдите с паролем.,
errors.wrong_pin,That PIN is not right.,هذا الرمز غير صحيح.,यह पिन सही नहीं है।,یہ پن درست نہیں۔,Ese PIN no es correcto.,Ce PIN est incorrect.,Esse PIN não está correto.,Неверный PIN.,
errors.switch_expired,That person needs to sign in again with their password.,يجب على هذا الشخص تسجيل الدخول مجددًا بكلمة المرور.,उस व्यक्ति को पासवर्ड से फिर साइन इन करना होगा।,اس شخص کو پاس ورڈ سے دوبارہ سائن ان کرنا ہوگا۔,Esa persona debe volver a iniciar sesión con su contraseña.,Cette personne doit se reconnecter avec son mot de passe.,Essa pessoa precisa entrar de novo com a senha.,Этому человеку нужно снова войти с паролем.,
errors.plan_required,"Your salon’s plan isn’t active, so this can’t be saved yet. The owner can switch it on under More → Plan & billing.",خطة صالونك غير مفعّلة، لذا لا يمكن الحفظ الآن. يمكن للمالك تفعيلها من المزيد ← الخطة والفوترة.,"आपके सैलून का प्लान चालू नहीं है, इसलिए अभी सहेजा नहीं जा सकता। मालिक और → प्लान और बिलिंग में इसे चालू कर सकते हैं।",آپ کے سیلون کا پلان فعال نہیں، اس لیے ابھی محفوظ نہیں ہو سکتا۔ مالک مزید → پلان اور بلنگ میں فعال کر سکتے ہیں۔,"El plan de tu salón no está activo, así que esto aún no se puede guardar. El dueño puede activarlo en Más → Plan y facturación.",L’abonnement de votre salon n’est pas actif : impossible d’enregistrer pour l’instant. Le propriétaire peut l’activer dans Plus → Abonnement et facturation.,"O plano do seu salão não está ativo, então ainda não é possível salvar isto. O proprietário pode ativá-lo em Mais → Plano e cobrança.","Тариф салона не активен, поэтому сохранить это пока нельзя. Владелец может включить его в разделе «Ещё» → «Тариф и оплата».",
errors.employee_has_login,This person already has a login.,لدى هذا الشخص حساب دخول بالفعل.,इस व्यक्ति का पहले से लॉगिन है।,اس شخص کا پہلے سے لاگ اِن ہے۔,Esta persona ya tiene un acceso.,Cette personne a déjà un accès.,Esta pessoa já tem um login.,У этого человека уже есть логин.,
errors.account_deleted,Your account has been deleted.,تم حذف حسابك.,आपका खाता हटा दिया गया है।,آپ کا اکاؤنٹ حذف کر دیا گیا ہے۔,Tu cuenta se eliminó.,Votre compte a été supprimé.,Sua conta foi excluída.,Ваш аккаунт удалён.,
errors.on_break,Already on a break.,في استراحة بالفعل.,पहले से ब्रेक पर हैं।,پہلے سے وقفے پر ہیں۔,Ya estás en un descanso.,Déjà en pause.,Já está em intervalo.,Перерыв уже начат.,
errors.not_on_break,Not on a break.,ليس في استراحة.,ब्रेक पर नहीं हैं।,وقفے پر نہیں ہیں۔,No estás en un descanso.,Pas en pause.,Não está em intervalo.,Перерыв не начат.,
errors.invalid_country,"That country, currency or time zone isn’t recognised.",الدولة أو العملة أو المنطقة الزمنية غير معروفة.,"यह देश, मुद्रा या टाइम ज़ोन पहचाना नहीं गया।",یہ ملک، کرنسی یا ٹائم زون پہچانا نہیں گیا۔,"No reconocemos ese país, moneda o zona horaria.","Ce pays, cette devise ou ce fuseau horaire n’est pas reconnu.","Esse país, moeda ou fuso horário não foi reconhecido.","Такая страна, валюта или часовой пояс не распознаны.",
errors.invalid_tax_rate,Enter a tax rate from 0 to 30%.,أدخل نسبة ضريبة من 0 إلى 30%.,0 से 30% तक की टैक्स दर डालें।,0 سے 30% تک ٹیکس کی شرح درج کریں۔,Escribe una tasa de impuesto de 0 a 30%.,Saisissez un taux de taxe de 0 à 30 %.,Digite uma alíquota de 0 a 30%.,Введите ставку налога от 0 до 30%.,
errors.invalid_iban,"That IBAN does not look right. It starts with two letters and two numbers, like AE07 0331 2345 6789 0123 456.",رقم الآيبان غير صحيح. يبدأ بحرفين ورقمين، مثل AE07 0331 2345 6789 0123 456.,"यह IBAN सही नहीं लगता। यह दो अक्षर और दो अंकों से शुरू होता है, जैसे AE07 0331 2345 6789 0123 456।",یہ IBAN درست نہیں لگتا۔ یہ دو حروف اور دو ہندسوں سے شروع ہوتا ہے، جیسے AE07 0331 2345 6789 0123 456۔,"Ese IBAN no parece correcto. Empieza con dos letras y dos números, como AE07 0331 2345 6789 0123 456.","Cet IBAN ne semble pas correct. Il commence par deux lettres et deux chiffres, comme AE07 0331 2345 6789 0123 456.","Esse IBAN não parece correto. Ele começa com duas letras e dois números, como AE07 0331 2345 6789 0123 456.","IBAN выглядит неверно. Он начинается с двух букв и двух цифр, например AE07 0331 2345 6789 0123 456.",
errors.invalid_swift,A SWIFT / BIC code has 8 or 11 letters and numbers.,رمز SWIFT / BIC من 8 أو 11 حرفًا ورقمًا.,SWIFT / BIC कोड में 8 या 11 अक्षर और अंक होते हैं।,SWIFT / BIC کوڈ میں 8 یا 11 حروف اور ہندسے ہوتے ہیں۔,Un código SWIFT / BIC tiene 8 u 11 letras y números.,Un code SWIFT / BIC comporte 8 ou 11 lettres et chiffres.,Um código SWIFT / BIC tem 8 ou 11 letras e números.,Код SWIFT / BIC состоит из 8 или 11 букв и цифр.,
errors.invalid_link,The payment link must start with https://,يجب أن يبدأ رابط الدفع بـ https://,भुगतान लिंक https:// से शुरू होना चाहिए,ادائیگی لنک https:// سے شروع ہونا چاہیے,El enlace de pago debe empezar con https://,Le lien de paiement doit commencer par https://,O link de pagamento deve começar com https://,Ссылка на оплату должна начинаться с https://,
errors.document_exists,There is already a record with that name for them.,يوجد سجل بهذا الاسم لهم بالفعل.,उनके लिए इस नाम का रिकॉर्ड पहले से है।,ان کے لیے اس نام کا ریکارڈ پہلے سے موجود ہے۔,Ya hay un registro con ese nombre para esta persona.,Un document porte déjà ce nom pour cette personne.,Já existe um registro com esse nome para essa pessoa.,У этого владельца уже есть запись с таким названием.,
sales.title,Sales,المبيعات,बिक्री,فروخت,Ventas,Ventes,Vendas,Продажи,
sales.subtitle,Recent sales at this branch,أحدث مبيعات هذا الفرع,इस ब्रांच की हाल की बिक्री,اس برانچ کی حالیہ فروخت,Ventas recientes en esta sucursal,Ventes récentes de cette succursale,Vendas recentes nesta filial,Последние продажи в этом филиале,
sales.empty,No sales yet.,لا مبيعات بعد.,अभी कोई बिक्री नहीं।,ابھی کوئی فروخت نہیں۔,Aún no hay ventas.,Aucune vente pour l’instant.,Nenhuma venda ainda.,Продаж пока нет.,
sales.number,Sale #{{number}},بيع رقم {{number}},बिक्री #{{number}},فروخت #{{number}},Venta #{{number}},Vente n° {{number}},Venda nº {{number}},Продажа № {{number}},
sales.paidBy,Paid by {{method}},مدفوع {{method}},{{method}} से भुगतान,{{method}} سے ادائیگی,Pagado con {{method}},Paiement : {{method}},Pago com {{method}},Оплата: {{method}},
sales.refunds,Refunds,المبالغ المستردة,रिफंड,ریفنڈ,Reembolsos,Remboursements,Reembolsos,Возвраты,
sales.refund,Refund,استرداد,रिफंड,ریفنڈ,Reembolsar,Rembourser,Reembolsar,Возврат,
sales.refundTitle,Refund sale #{{number}},استرداد البيع رقم {{number}},बिक्री #{{number}} का रिफंड,فروخت #{{number}} کا ریفنڈ,Reembolsar venta #{{number}},Rembourser la vente n° {{number}},Reembolsar venda nº {{number}},Возврат по продаже № {{number}},
sales.refundable,Up to {{amount}} can be refunded.,يمكن استرداد حتى {{amount}}.,{{amount}} तक रिफंड हो सकता है।,{{amount}} تک ریفنڈ ہو سکتا ہے۔,Se pueden reembolsar hasta {{amount}}.,Jusqu’à {{amount}} remboursables.,Até {{amount}} pode ser reembolsado.,Можно вернуть до {{amount}}.,
sales.refundAmount,Amount to refund,المبلغ المسترد,रिफंड रकम,ریفنڈ رقم,Monto a reembolsar,Montant à rembourser,Valor a reembolsar,Сумма возврата,
sales.tooMuch,The most you can refund is {{amount}}.,الحد الأقصى للاسترداد {{amount}}.,ज़्यादा से ज़्यादा {{amount}} रिफंड हो सकता है।,زیادہ سے زیادہ {{amount}} ریفنڈ ہو سکتا ہے۔,Lo máximo que puedes reembolsar es {{amount}}.,Vous pouvez rembourser au maximum {{amount}}.,O máximo que você pode reembolsar é {{amount}}.,Максимальная сумма возврата — {{amount}}.,
sales.reason,Reason,السبب,कारण,وجہ,Motivo,Motif,Motivo,Причина,
sales.reasonHint,Required. The customer and the audit log see it.,مطلوب. يظهر للعميل وفي سجل التدقيق.,ज़रूरी। ग्राहक और ऑडिट लॉग में दिखेगा।,ضروری۔ گاہک اور آڈٹ لاگ میں نظر آئے گی۔,Obligatorio. Lo ven el cliente y el registro de auditoría.,Obligatoire. Le client et le journal d’audit le verront.,Obrigatório. O cliente e o registro de auditoria veem o motivo.,Обязательно. Её увидят клиент и журнал действий.,
sales.confirmRefund,Refund {{amount}},استرداد {{amount}},{{amount}} रिफंड करें,{{amount}} ریفنڈ کریں,Reembolsar {{amount}},Rembourser {{amount}},Reembolsar {{amount}},Вернуть {{amount}},
sales.refunded,Refunded {{amount}},تم استرداد {{amount}},{{amount}} रिफंड हुआ,{{amount}} ریفنڈ ہوا,Reembolsado {{amount}},{{amount}} remboursés,{{amount}} reembolsado,Возвращено {{amount}},
sales.status.completed,Paid,مدفوع,भुगतान हुआ,ادا شدہ,Pagada,Payée,Paga,Оплачено,
sales.status.partially_refunded,Part refunded,مسترد جزئيًا,आंशिक रिफंड,جزوی ریفنڈ,Reembolso parcial,Remboursée en partie,Reembolso parcial,Частичный возврат,
sales.status.refunded,Refunded,مسترد,रिफंड हुआ,ریفنڈ شدہ,Reembolsada,Remboursée,Reembolsada,Возвращено,
sales.restock,Put the products back in stock,أعد المنتجات إلى المخزون,उत्पाद वापस स्टॉक में रखें,چیزیں واپس اسٹاک میں رکھیں,Devolver los productos al stock,Remettre les produits en stock,Devolver os produtos ao estoque,Вернуть товары на склад,
sales.restockHint,Only when the whole sale is refunded and the products can be sold again.,فقط عند استرداد البيع كاملًا وإمكانية بيع المنتجات مجددًا.,तभी जब पूरी बिक्री लौटाई जाए और उत्पाद फिर बिक सकें।,صرف جب پوری فروخت واپس ہو اور چیزیں دوبارہ بک سکیں۔,Solo si se reembolsa la venta completa y los productos se pueden volver a vender.,Uniquement si toute la vente est remboursée et que les produits peuvent être revendus.,Só quando a venda inteira é reembolsada e os produtos podem ser vendidos de novo.,Только если возвращается вся продажа и товары можно продать снова.,
sales.by,by {{name}},بواسطة {{name}},{{name}} द्वारा,{{name}} نے کیا,por {{name}},par {{name}},por {{name}},сотрудник: {{name}},
receipt.receipt,Receipt,إيصال,रसीद,رسید,Recibo,Reçu,Recibo,Чек,
receipt.taxInvoice,Tax invoice,فاتورة ضريبية,टैक्स इनवॉइस,ٹیکس انوائس,Factura fiscal,Facture fiscale,Fatura fiscal,Налоговый счёт-фактура,
receipt.sale,Sale,بيع,बिक्री,فروخت,Venta,Vente,Venda,Продажа,
receipt.vatIncluded,{{tax}} included ({{rate}}),شاملة {{tax}} ({{rate}}),{{tax}} शामिल ({{rate}}),{{tax}} شامل ({{rate}}),{{tax}} incluido ({{rate}}),{{tax}} incluse ({{rate}}),{{tax}} incluído ({{rate}}),В т. ч. {{tax}} ({{rate}}),
receipt.deposit,Deposit used,العربون المستخدم,डिपॉज़िट इस्तेमाल,ڈپازٹ استعمال,Anticipo usado,Acompte utilisé,Sinal utilizado,Зачтена предоплата,
receipt.total,Total,الإجمالي,कुल,کل,Total,Total,Total,Итого,
receipt.paid,Paid,مدفوع,भुगतान,ادا,Pagado,Payé,Pago,Оплачено,
receipt.refunded,Refunded,مسترد,रिफंड,ریفنڈ,Reembolsado,Remboursé,Reembolsado,Возвращено,
receipt.trn,{{taxId}},{{taxId}},{{taxId}},{{taxId}},{{taxId}},{{taxId}},{{taxId}},{{taxId}},
receipt.thanks,Thank you for visiting.,شكرًا لزيارتكم.,आने के लिए धन्यवाद।,تشریف آوری کا شکریہ۔,Gracias por tu visita.,Merci de votre visite.,Obrigado pela visita.,Спасибо за визит.,
receipt.staff,Served by,قدّم الخدمة,सेवा दी,خدمت کی,Atendido por,Servi par,Atendido por,Обслуживал(а),
receipt.vatAdded,{{tax}} ({{rate}}),{{tax}} ({{rate}}),{{tax}} ({{rate}}),{{tax}} ({{rate}}),{{tax}} ({{rate}}),{{tax}} ({{rate}}),{{tax}} ({{rate}}),{{tax}} ({{rate}}),
services.title,Services,الخدمات,सर्विस,سروسز,Servicios,Services,Serviços,Услуги,
services.add,Add service,إضافة خدمة,सर्विस जोड़ें,سروس شامل کریں,Agregar servicio,Ajouter un service,Adicionar serviço,Добавить услугу,
services.active,Active,نشطة,चालू,فعال,Activos,Actifs,Ativos,Активные,
services.archived,Archived,مؤرشفة,आर्काइव,آرکائیو,Archivados,Archivés,Arquivados,В архиве,
services.empty,No services yet. Add your first one.,لا خدمات بعد. أضف أول خدمة.,अभी कोई सर्विस नहीं। पहली जोड़ें।,ابھی کوئی سروس نہیں۔ پہلی شامل کریں۔,Aún no hay servicios. Agrega el primero.,Aucun service pour l’instant. Ajoutez le premier.,Nenhum serviço ainda. Adicione o primeiro.,Услуг пока нет. Добавьте первую.,
services.noArchived,No archived services.,لا خدمات مؤرشفة.,कोई आर्काइव सर्विस नहीं।,کوئی آرکائیو سروس نہیں۔,No hay servicios archivados.,Aucun service archivé.,Nenhum serviço arquivado.,В архиве нет услуг.,
services.categories,Categories,الفئات,कैटेगरी,کیٹیگریز,Categorías,Catégories,Categorias,Категории,
services.needsRoom,Needs a room,تحتاج غرفة,कमरा चाहिए,کمرہ چاہیے,Necesita sala,Cabine requise,Precisa de sala,Нужен кабинет,
services.patchTest,Patch test,اختبار حساسية,पैच टेस्ट,پیچ ٹیسٹ,Prueba de alergia,Test cutané,Teste de alergia,Тест на аллергию,
services.newTitle,New service,خدمة جديدة,नई सर्विस,نئی سروس,Nuevo servicio,Nouveau service,Novo serviço,Новая услуга,
services.editTitle,Edit service,تعديل الخدمة,सर्विस बदलें,سروس میں ترمیم,Editar servicio,Modifier le service,Editar serviço,Редактировать услугу,
services.saved,Service saved,تم حفظ الخدمة,सर्विस सेव हुई,سروس محفوظ ہو گئی,Servicio guardado,Service enregistré,Serviço salvo,Услуга сохранена,
services.archive,Archive service,أرشفة الخدمة,सर्विस आर्काइव करें,سروس آرکائیو کریں,Archivar servicio,Archiver le service,Arquivar serviço,Архивировать услугу,
services.restore,Restore service,استعادة الخدمة,सर्विस वापस लाएँ,سروس بحال کریں,Restaurar servicio,Restaurer le service,Restaurar serviço,Восстановить услугу,
services.archivedToast,Service archived,تمت أرشفة الخدمة,सर्विस आर्काइव हुई,سروس آرکائیو ہو گئی,Servicio archivado,Service archivé,Serviço arquivado,Услуга перенесена в архив,
services.restoredToast,Service restored,تمت استعادة الخدمة,सर्विस वापस आई,سروس بحال ہو گئی,Servicio restaurado,Service restauré,Serviço restaurado,Услуга восстановлена,
services.fields.name,Service name,اسم الخدمة,सर्विस का नाम,سروس کا نام,Nombre del servicio,Nom du service,Nome do serviço,Название услуги,
services.fields.category,Category,الفئة,कैटेगरी,کیٹیگری,Categoría,Catégorie,Categoria,Категория,
services.fields.price,Price,السعر,कीमत,قیمت,Precio,Prix,Preço,Цена,
services.fields.duration,Minutes,الدقائق,मिनट,منٹ,Minutos,Durée (min),Minutos,"Длительность, мин",
services.fields.buffer,Clean-up minutes,دقائق التنظيف,सफ़ाई के मिनट,صفائی کے منٹ,Minutos de limpieza,Minutes de nettoyage,Minutos de limpeza,"Уборка после, мин",
services.fields.room,Needs a room,تحتاج غرفة,कमरा चाहिए,کمرہ چاہیے,Necesita sala,Cabine requise,Precisa de sala,Нужен кабинет,
services.fields.roomHint,Only rooms that are free can be booked.,لا تُحجز إلا الغرف المتاحة.,सिर्फ़ खाली कमरे बुक होंगे।,صرف خالی کمرے بک ہوں گے۔,Solo se pueden reservar las salas libres.,Seules les cabines libres peuvent être réservées.,Só salas livres podem ser agendadas.,Записать можно только в свободный кабинет.,
services.fields.patchTest,Needs a patch test first,تحتاج اختبار حساسية أولًا,पहले पैच टेस्ट ज़रूरी,پہلے پیچ ٹیسٹ ضروری,Necesita prueba de alergia antes,Test cutané requis avant,Exige teste de alergia antes,Сначала нужен тест на аллергию,
services.fields.recipe,Products used,المنتجات المستخدمة,इस्तेमाल होने वाले प्रोडक्ट,استعمال ہونے والی پروڈکٹس,Productos usados,Produits utilisés,Produtos usados,Расходуемые товары,
services.fields.recipeHint,Each sale takes these out of stock.,كل بيع يخصم هذه من المخزون.,हर बिक्री इन्हें स्टॉक से घटाती है।,ہر فروخت انہیں اسٹاک سے کم کرتی ہے۔,Cada venta los descuenta del stock.,Chaque vente les retire du stock.,Cada venda tira estes itens do estoque.,Каждая продажа списывает их со склада.,
services.fields.categoryName,Category name,اسم الفئة,कैटेगरी का नाम,کیٹیگری کا نام,Nombre de la categoría,Nom de la catégorie,Nome da categoria,Название категории,
services.fields.durationOptional,Optional,اختياري,वैकल्पिक,اختیاری,Opcional,Facultatif,Opcional,Необязательно,
services.recipeEmpty,No products yet.,لا منتجات بعد.,अभी कोई प्रोडक्ट नहीं।,ابھی کوئی پروڈکٹ نہیں۔,Aún no hay productos.,Aucun produit pour l’instant.,Nenhum produto ainda.,Товаров пока нет.,
services.newItem,New product,منتج جديد,नया प्रोडक्ट,نئی پروڈکٹ,Nuevo producto,Nouveau produit,Novo produto,Новый товар,
services.newItemButton,New product,منتج جديد,नया प्रोडक्ट,نئی پروڈکٹ,Nuevo producto,Nouveau produit,Novo produto,Новый товар,
services.itemName,Product name,اسم المنتج,प्रोडक्ट का नाम,پروڈکٹ کا نام,Nombre del producto,Nom du produit,Nome do produto,Название товара,
services.addItem,Add product,إضافة منتج,प्रोडक्ट जोड़ें,پروڈکٹ شامل کریں,Agregar producto,Ajouter un produit,Adicionar produto,Добавить товар,
services.qtyFor,How much {{item}},كمية {{item}},{{item}} कितना,{{item}} کتنی,Cantidad de {{item}},Quantité de {{item}},Quantidade de {{item}},Сколько расходуется: {{item}},
services.removeItem,Remove {{item}},إزالة {{item}},{{item}} हटाएँ,{{item}} ہٹائیں,Quitar {{item}},Retirer {{item}},Remover {{item}},Убрать: {{item}},
services.newCategory,New category,فئة جديدة,नई कैटेगरी,نئی کیٹیگری,Nueva categoría,Nouvelle catégorie,Nova categoria,Новая категория,
services.editCategory,Edit category,تعديل الفئة,कैटेगरी बदलें,کیٹیگری میں ترمیم,Editar categoría,Modifier la catégorie,Editar categoria,Редактировать категорию,
services.categorySaved,Category saved,تم حفظ الفئة,कैटेगरी सेव हुई,کیٹیگری محفوظ ہو گئی,Categoría guardada,Catégorie enregistrée,Categoria salva,Категория сохранена,
services.categoryArchived,Category archived,تمت أرشفة الفئة,कैटेगरी आर्काइव हुई,کیٹیگری آرکائیو ہو گئی,Categoría archivada,Catégorie archivée,Categoria arquivada,Категория перенесена в архив,
services.archiveCategory,Archive category,أرشفة الفئة,कैटेगरी आर्काइव करें,کیٹیگری آرکائیو کریں,Archivar categoría,Archiver la catégorie,Arquivar categoria,Архивировать категорию,
services.countInCategory,{{count}} services,{{count}} خدمات,{{count}} सर्विस,{{count}} سروسز,{{count}} servicios,{{count}} services,{{count}} serviços,Услуг: {{count}},
services.countInCategory_one,{{count}} service,{{count}} خدمات,{{count}} सर्विस,{{count}} سروسز,{{count}} servicio,{{count}} service,{{count}} serviço,{{count}} услуга,
services.iconOption,Icon {{n}},أيقونة {{n}},आइकन {{n}},آئیکن {{n}},Icono {{n}},Icône {{n}},Ícone {{n}},Значок {{n}},
team.codeExplain,Staff sign in with this salon code plus their username.,يسجّل الموظفون الدخول برمز الصالون هذا مع اسم المستخدم.,स्टाफ इस सैलून कोड और अपने यूज़रनेम से साइन इन करता है।,عملہ اس سیلون کوڈ اور اپنے یوزر نیم سے سائن ان کرتا ہے۔,El personal inicia sesión con este código de salón y su usuario.,Les employés se connectent avec ce code de salon et leur nom d’utilisateur.,A equipe entra com este código do salão e o próprio nome de usuário.,Сотрудники входят по этому коду салона и своему логину.,
team.create,Create login,إنشاء الحساب,लॉगिन बनाएँ,لاگ ان بنائیں,Crear acceso,Créer l’accès,Criar login,Создать логин,
team.created,Login created: {{username}} at salon {{code}},أُنشئ الحساب: {{username}} في الصالون {{code}},लॉगिन बना: सैलून {{code}} में {{username}},لاگ ان بن گیا: سیلون {{code}} میں {{username}},Acceso creado: {{username}} en el salón {{code}},Accès créé : {{username}} au salon {{code}},Login criado: {{username}} no salão {{code}},Логин создан: {{username}} в салоне {{code}},
team.fields.name,Full name,الاسم الكامل,पूरा नाम,پورا نام,Nombre completo,Nom complet,Nome completo,Полное имя,
team.fields.role,Role,الدور,रोल,کردار,Rol,Rôle,Função,Роль,
team.fields.username,Username,اسم المستخدم,यूज़रनेम,یوزر نیم,Usuario,Nom d’utilisateur,Nome de usuário,Логин,
team.fields.password,Password,كلمة المرور,पासवर्ड,پاس ورڈ,Contraseña,Mot de passe,Senha,Пароль,
team.fields.commission,Commission %,العمولة %,कमीशन %,کمیشن %,% de comisión,Commission %,Comissão %,"Комиссия, %",
team.usernameHint,They sign in with salon code {{code}} and this username.,يسجّلون الدخول برمز الصالون {{code}} وهذا الاسم.,वे सैलून कोड {{code}} और इस यूज़रनेम से साइन इन करेंगे।,وہ سیلون کوڈ {{code}} اور اس یوزر نیم سے سائن ان کریں گے۔,Inicia sesión con el código de salón {{code}} y este usuario.,Connexion avec le code de salon {{code}} et ce nom d’utilisateur.,A pessoa entra com o código do salão {{code}} e este nome de usuário.,Вход — по коду салона {{code}} и этому логину.,
team.roleHint.cashier,"Queue, sales and customers. No refunds or settings.",الانتظار والمبيعات والعملاء. بدون استرداد أو إعدادات.,"कतार, बिक्री और ग्राहक। रिफंड या सेटिंग नहीं।",قطار، فروخت اور گاہک۔ ریفنڈ یا سیٹنگ نہیں۔,"Fila, ventas y clientes. Sin reembolsos ni ajustes.","File, ventes et clients. Pas de remboursements ni de paramètres.","Fila, vendas e clientes. Sem reembolsos nem configurações.","Очередь, продажи и клиенты. Без возвратов и настроек.",
team.roleHint.staff,Their own queue and commission. No money screens.,انتظاره وعمولته فقط. بدون شاشات المال.,सिर्फ़ अपनी कतार और कमीशन। पैसे की स्क्रीन नहीं।,صرف اپنی قطار اور کمیشن۔ رقم کی اسکرینیں نہیں۔,Su propia fila y su comisión. Sin pantallas de dinero.,Sa propre file et sa commission. Aucun écran financier.,A própria fila e comissão. Sem telas financeiras.,Только своя очередь и комиссия. Без денежных разделов.,
team.roleHint.accountant,Reads money and reports. Cannot sell.,يطّلع على المال والتقارير. لا يبيع.,पैसा और रिपोर्ट देखता है। बेच नहीं सकता।,رقم اور رپورٹس دیکھتا ہے۔ فروخت نہیں کر سکتا۔,Consulta dinero e informes. No puede vender.,Consulte les finances et les rapports. Ne peut pas vendre.,Consulta finanças e relatórios. Não pode vender.,Просматривает финансы и отчёты. Не может продавать.,
team.commission,Commission {{rate}},العمولة {{rate}},कमीशन {{rate}},کمیشن {{rate}},Comisión {{rate}},Commission {{rate}},Comissão {{rate}},Комиссия {{rate}},
team.disabled,Disabled,معطّل,बंद,بند,Desactivado,Désactivé,Desativado,Отключён,
team.newPassword,New password,كلمة مرور جديدة,नया पासवर्ड,نیا پاس ورڈ,Nueva contraseña,Nouveau mot de passe,Nova senha,Новый пароль,
team.resetPassword,Set new password,تعيين كلمة مرور جديدة,नया पासवर्ड सेट करें,نیا پاس ورڈ رکھیں,Guardar nueva contraseña,Définir un nouveau mot de passe,Definir nova senha,Задать новый пароль,
team.passwordReset,Password changed,تم تغيير كلمة المرور,पासवर्ड बदल गया,پاس ورڈ بدل گیا,Contraseña cambiada,Mot de passe modifié,Senha alterada,Пароль изменён,
team.disable,Disable login,تعطيل الحساب,लॉगिन बंद करें,لاگ ان بند کریں,Desactivar acceso,Désactiver l’accès,Desativar login,Отключить вход,
team.enable,Enable login,تفعيل الحساب,लॉगिन चालू करें,لاگ ان چالو کریں,Activar acceso,Activer l’accès,Ativar login,Включить вход,
team.disabledToast,{{name}} can no longer sign in,لم يعد بإمكان {{name}} تسجيل الدخول,{{name}} अब साइन इन नहीं कर सकते,{{name}} اب سائن ان نہیں کر سکتے,{{name}} ya no puede iniciar sesión,{{name}} ne peut plus se connecter,{{name}} não pode mais entrar,{{name}} больше не может войти,
team.enabledToast,{{name}} can sign in again,يمكن لـ {{name}} تسجيل الدخول مجددًا,{{name}} फिर से साइन इन कर सकते हैं,{{name}} دوبارہ سائن ان کر سکتے ہیں,{{name}} puede volver a iniciar sesión,{{name}} peut de nouveau se connecter,{{name}} pode entrar de novo,{{name}} снова может войти,
team.loginFor,Login for {{name}},حساب دخول لـ {{name}},{{name}} के लिए लॉगिन,{{name}} کے لیے لاگ اِن,Acceso de {{name}},Accès pour {{name}},Login de {{name}},Логин для: {{name}},
team.fromStaff,"The login goes on {{name}}’s staff record, with their pay, roster and WPS.",يُضاف حساب الدخول إلى سجل {{name}} كموظف، مع راتبه وجدول دوامه ونظام حماية الأجور.,"लॉगिन {{name}} के स्टाफ़ रिकॉर्ड पर जुड़ता है, उनके वेतन, रोस्टर और WPS के साथ।",لاگ اِن {{name}} کے عملے کے ریکارڈ پر جڑتا ہے، ان کی تنخواہ، روسٹر اور WPS کے ساتھ۔,"El acceso se vincula a la ficha de personal de {{name}}, con su pago, turnos y WPS.","L’accès est lié à la fiche employé de {{name}}, avec sa paie, son planning et le WPS.","O login fica vinculado ao cadastro de {{name}} na equipe, com pagamento, escala e WPS.","Логин привязывается к карточке сотрудника ({{name}}) вместе с зарплатой, графиком и WPS.",
branch.title,Branch settings,إعدادات الفرع,ब्रांच सेटिंग,برانچ سیٹنگ,Ajustes de la sucursal,Paramètres de la succursale,Configurações da filial,Настройки филиала,
branch.saved,Settings saved,تم حفظ الإعدادات,सेटिंग सेव हुई,سیٹنگ محفوظ ہو گئی,Ajustes guardados,Paramètres enregistrés,Configurações salvas,Настройки сохранены,
branch.mode,Salon type,نوع الصالون,सैलून प्रकार,سیلون کی قسم,Tipo de salón,Type de salon,Tipo de salão,Тип салона,
branch.modeHint,Changes the look and wording for everyone signed in to this branch.,يغيّر الشكل والمصطلحات لكل من سجّل الدخول في هذا الفرع.,इस ब्रांच में साइन इन सभी के लिए रूप और शब्द बदलता है।,اس برانچ میں سائن ان سب کے لیے شکل اور الفاظ بدلتا ہے۔,Cambia el aspecto y los términos para todos los que usan esta sucursal.,Change l’apparence et le vocabulaire pour toutes les personnes connectées à cette succursale.,Muda o visual e os termos para todos que estão conectados nesta filial.,"Меняет оформление и формулировки для всех, кто вошёл в этот филиал.",
branch.switchTo,Switch to {{mode}},التحويل إلى {{mode}},{{mode}} पर बदलें,{{mode}} پر بدلیں,Cambiar a {{mode}},Passer à {{mode}},Mudar para {{mode}},Переключить на «{{mode}}»,
branch.modeSwitched,Switched to {{mode}},تم التحويل إلى {{mode}},{{mode}} पर बदला,{{mode}} پر بدل دیا,Cambiado a {{mode}},Type changé : {{mode}},Alterado para {{mode}},Тип салона изменён: {{mode}},
branch.details,Details,التفاصيل,विवरण,تفصیلات,Datos,Détails,Detalhes,Данные,
branch.tax,Tax,الضريبة,टैक्स,ٹیکس,Impuestos,Taxe,Imposto,Налог,
branch.queue,Queue and bookings,الانتظار والحجوزات,कतार और बुकिंग,قطار اور بکنگ,Fila y reservas,File et réservations,Fila e agendamentos,Очередь и записи,
branch.rules,Rules,القواعد,नियम,قواعد,Reglas,Règles,Regras,Правила,
branch.fields.name,Branch name,اسم الفرع,ब्रांच का नाम,برانچ کا نام,Nombre de la sucursal,Nom de la succursale,Nome da filial,Название филиала,
branch.fields.address,Address,العنوان,पता,پتہ,Dirección,Adresse,Endereço,Адрес,
branch.fields.phone,Phone,الهاتف,फ़ोन,فون,Teléfono,Téléphone,Telefone,Телефон,
branch.fields.vat,Registered for {{tax}},مسجل في {{tax}},{{tax}} में रजिस्टर्ड,{{tax}} میں رجسٹرڈ,Registrado para {{tax}},Assujetti à la {{tax}},Contribuinte de {{tax}},Плательщик {{tax}},
branch.fields.vatHint,Checkout charges it and receipts show your {{taxId}}.,يحتسبها الدفع وتُظهر الإيصالات {{taxId}}.,चेकआउट इसे लगाता है और रसीद पर आपका {{taxId}} दिखता है।,چیک آؤٹ اسے لگاتا ہے اور رسید پر آپ کا {{taxId}} ہوتا ہے۔,Al cobrar se aplica y los recibos muestran tu {{taxId}}.,La caisse l’applique et les reçus affichent votre {{taxId}}.,O caixa cobra o imposto e os recibos mostram seu {{taxId}}.,"Налог начисляется при оплате, а в чеках указывается ваш {{taxId}}.",
branch.fields.waitTarget,Wait target (min),هدف الانتظار (د),इंतज़ार लक्ष्य (मिनट),انتظار ہدف (منٹ),Meta de espera (min),Attente cible (min),Meta de espera (min),Целевое ожидание (мин),
branch.fields.cutoff,Free cancel (hours before),إلغاء مجاني (ساعات قبل),मुफ़्त रद्द (घंटे पहले),مفت منسوخی (گھنٹے پہلے),Cancelación gratis (horas antes),Annulation gratuite (heures avant),Cancelamento grátis (horas antes),Бесплатная отмена (за сколько часов),
branch.fields.deposit,Default deposit,العربون الافتراضي,डिफ़ॉल्ट डिपॉज़िट,طے شدہ ڈپازٹ,Anticipo predeterminado,Acompte par défaut,Sinal padrão,Предоплата по умолчанию,
branch.fields.staffCanSell,Staff can take payments,يمكن للموظفين استلام الدفع,स्टाफ पेमेंट ले सकता है,عملہ ادائیگی لے سکتا ہے,El personal puede cobrar,Les employés peuvent encaisser,A equipe pode receber pagamentos,Сотрудники могут принимать оплату,
branch.fields.blockStock,Block sales without stock,منع البيع دون مخزون,बिना स्टॉक बिक्री रोकें,اسٹاک کے بغیر فروخت روکیں,Bloquear ventas sin stock,Bloquer les ventes sans stock,Bloquear vendas sem estoque,Запрещать продажу без остатка,
branch.fields.blockStockHint,"When off, the sale goes through and shows a low-stock warning.",عند الإيقاف يتم البيع مع تنبيه انخفاض المخزون.,बंद होने पर बिक्री होगी और कम स्टॉक की चेतावनी दिखेगी।,بند ہونے پر فروخت ہو گی اور کم اسٹاک کا انتباہ دکھے گا۔,"Si está desactivado, la venta se registra y muestra un aviso de poco stock.","Si désactivé, la vente passe et affiche une alerte de stock bas.","Se desativado, a venda é concluída e mostra um aviso de estoque baixo.","Если выключено, продажа проходит, но показывается предупреждение о низком остатке.",
branch.fields.openingCash,Amount,المبلغ,रकम,رقم,Monto,Montant,Valor,Сумма,
branch.fields.lateGrace,Late after (minutes),متأخر بعد (دقائق),देर मानें (मिनट बाद),دیر مانیں (منٹ بعد),Tarde a partir de (minutos),En retard après (minutes),Atraso após (minutos),Опоздание после (мин),
branch.fields.lateGraceHint,Clocking in this long after the roster start counts as late.,تسجيل الحضور بعد بداية المناوبة بهذه المدة يُعد تأخيرًا.,रोस्टर शुरू होने के इतने बाद आना देर माना जाएगा।,روسٹر شروع ہونے کے اتنی دیر بعد آنا دیر مانا جائے گا۔,Registrar la entrada este tiempo después del inicio del turno cuenta como retraso.,Pointer l’arrivée au-delà de ce délai après le début du planning compte comme un retard.,Registrar a entrada esse tempo depois do início da escala conta como atraso.,Отметка прихода позже начала смены на это время считается опозданием.,
branch.fields.hygienePhoto,Hygiene log needs a photo,سجل النظافة يتطلب صورة,स्वच्छता लॉग के लिए फ़ोटो ज़रूरी,صفائی لاگ کے لیے تصویر ضروری,El registro de higiene requiere foto,Photo obligatoire pour le registre d’hygiène,Registro de higiene exige foto,Фото в журнале гигиены обязательно,
branch.fields.hygienePhotoHint,Whoever signs the daily checklist must add a photo.,من يوقّع القائمة اليومية يجب أن يضيف صورة.,रोज़ की सूची साइन करने वाले को फ़ोटो जोड़नी होगी।,روزانہ فہرست پر دستخط کرنے والے کو تصویر لگانی ہوگی۔,Quien firme la lista diaria debe agregar una foto.,La personne qui signe la liste de contrôle du jour doit ajouter une photo.,Quem assinar o checklist diário deve adicionar uma foto.,"Тот, кто подписывает ежедневный чек-лист, должен добавить фото.",
branch.openingCash,Opening cash,النقد الافتتاحي,ओपनिंग कैश,ابتدائی نقد,Efectivo inicial,Fond de caisse initial,Saldo inicial do caixa,Наличные на начало,
branch.openingCashHint,Cash in the drawer when you started using the app. Set once.,النقد في الدرج عند بدء استخدام التطبيق. يُحدد مرة واحدة.,ऐप शुरू करते समय दराज़ में कैश। एक बार सेट होता है।,ایپ شروع کرتے وقت دراز میں نقد۔ ایک بار رکھا جاتا ہے۔,Efectivo que había en la caja cuando empezaste a usar la app. Se define una sola vez.,Espèces dans le tiroir quand vous avez commencé à utiliser l’app. À saisir une seule fois.,Dinheiro na gaveta quando você começou a usar o app. Definido uma única vez.,Наличные в кассе на момент начала работы с приложением. Указываются один раз.,
branch.openingCashDone,Opening cash is recorded.,تم تسجيل النقد الافتتاحي.,ओपनिंग कैश दर्ज है।,ابتدائی نقد درج ہے۔,El efectivo inicial está registrado.,Le fond de caisse initial est enregistré.,O saldo inicial do caixa está registrado.,Наличные на начало записаны.,
branch.setOpeningCash,Save opening cash,حفظ النقد الافتتاحي,ओपनिंग कैश सेव करें,ابتدائی نقد محفوظ کریں,Guardar efectivo inicial,Enregistrer le fond de caisse,Salvar saldo inicial,Сохранить наличные на начало,
branch.openingCashSaved,Opening cash saved,تم حفظ النقد الافتتاحي,ओपनिंग कैश सेव हुआ,ابتدائی نقد محفوظ ہو گیا,Efectivo inicial guardado,Fond de caisse enregistré,Saldo inicial salvo,Наличные на начало сохранены,
branch.receipt,Customer receipt,إيصال العميل,ग्राहक रसीद,گاہک کی رسید,Recibo del cliente,Reçu client,Recibo do cliente,Чек для клиента,
branch.receiptHint,What the counter offers the customer after a sale.,ما يقدمه الكاونتر للعميل بعد البيع.,बिक्री के बाद काउंटर ग्राहक को क्या देता है।,فروخت کے بعد کاؤنٹر گاہک کو کیا دیتا ہے۔,Lo que el mostrador ofrece al cliente después de una venta.,Ce que la caisse propose au client après une vente.,O que o balcão oferece ao cliente após uma venda.,Что касса предлагает клиенту после продажи.,
branch.receiptModes.off,None,بدون,कोई नहीं,کوئی نہیں,Ninguno,Aucun,Nenhum,Нет,
branch.receiptModes.simple,Print / share,طباعة / مشاركة,प्रिंट / भेजें,پرنٹ / بھیجیں,Imprimir / compartir,Imprimer / partager,Imprimir / compartilhar,Печать / отправка,
branch.receiptModes.whatsapp,WhatsApp,واتساب,व्हाट्सऐप,واٹس ایپ,WhatsApp,WhatsApp,WhatsApp,WhatsApp,
accounts.title,Accounts & history,الحسابات والسجل,हिसाब और इतिहास,حسابات اور تاریخچہ,Cuentas e historial,Comptes et historique,Contas e histórico,Счета и история,
accounts.subtitle,How the numbers are calculated,كيف تُحسب الأرقام,आंकड़े कैसे बनते हैं,اعداد کیسے بنتے ہیں,Cómo se calculan los números,Comment les chiffres sont calculés,Como os números são calculados,Как считаются цифры,
accounts.tabs.overview,Overview,نظرة عامة,सारांश,خلاصہ,Resumen,Vue d’ensemble,Visão geral,Обзор,
accounts.tabs.journal,Journal,دفتر اليومية,जर्नल,روزنامچہ,Libro diario,Journal,Diário,Журнал,
accounts.tabs.balance,Trial balance,ميزان المراجعة,ट्रायल बैलेंस,میزانِ آزمائش,Balance de comprobación,Balance,Balancete,Оборотная ведомость,
accounts.tabs.history,History,السجل,इतिहास,تاریخچہ,Historial,Historique,Histórico,История,
accounts.cashToday,Expected cash today — how it is made up,النقد المتوقع اليوم — مكوناته,आज का अपेक्षित कैश — कैसे बना,آج کا متوقع نقد — کیسے بنا,Efectivo esperado hoy: cómo se compone,Espèces attendues aujourd’hui — leur composition,Dinheiro esperado hoje — como é composto,Ожидаемые наличные сегодня — из чего складываются,
accounts.broughtForward,Cash brought forward,النقد المرحّل,पिछला कैश,پچھلا نقد,Efectivo del día anterior,Espèces reportées,Saldo anterior em caixa,Остаток наличных с прошлого дня,
accounts.kindCount,{{kind}} ({{n}}),{{kind}} ({{n}}),{{kind}} ({{n}}),{{kind}} ({{n}}),{{kind}} ({{n}}),{{kind}} ({{n}}),{{kind}} ({{n}}),{{kind}} ({{n}}),
accounts.noCashToday,No cash in or out yet today.,لا حركة نقدية اليوم بعد.,आज अभी कोई कैश आया-गया नहीं।,آج ابھی کوئی نقد آمد و رفت نہیں۔,Hoy aún no ha entrado ni salido efectivo.,Aucune entrée ni sortie d’espèces aujourd’hui pour l’instant.,Nenhuma entrada ou saída de dinheiro hoje ainda.,Сегодня наличные ещё не поступали и не выдавались.,
accounts.expectedCash,Expected cash in the drawer,النقد المتوقع في الدرج,दराज़ में अपेक्षित कैश,دراز میں متوقع نقد,Efectivo esperado en la caja,Espèces attendues dans le tiroir,Dinheiro esperado na gaveta,Ожидаемые наличные в кассе,
accounts.cashNote,"Card and wallet payments are not in the drawer, so they are not part of this.",مدفوعات البطاقة والمحفظة ليست في الدرج، لذا لا تدخل هنا.,"कार्ड और वॉलेट भुगतान दराज़ में नहीं होते, इसलिए यहाँ शामिल नहीं।",کارڈ اور والیٹ ادائیگیاں دراز میں نہیں ہوتیں، اس لیے یہاں شامل نہیں۔,"Los pagos con tarjeta y billetera no están en la caja, así que no forman parte de esto.",Les paiements par carte et par portefeuille ne sont pas dans le tiroir : ils ne sont donc pas comptés ici.,"Pagamentos com cartão e carteira digital não ficam na gaveta, por isso não entram aqui.","Оплаты картой и через кошелёк не попадают в кассу, поэтому здесь не учитываются.",
accounts.month,Month,الشهر,महीना,مہینہ,Mes,Mois,Mês,Месяц,
accounts.revenue,Revenue,الإيرادات,आय,آمدنی,Ingresos,Recettes,Receitas,Выручка,
accounts.costs,Costs,التكاليف,लागत,اخراجات,Costos,Charges,Custos,Затраты,
accounts.result,Result (revenue − costs),النتيجة (الإيرادات − التكاليف),नतीजा (आय − लागत),نتیجہ (آمدنی − اخراجات),Resultado (ingresos − costos),Résultat (recettes − charges),Resultado (receitas − custos),Результат (выручка − затраты),
accounts.vatCollected,{{tax}} collected (owed to the tax office),{{tax}} المحصّلة (مستحقة لمصلحة الضرائب),वसूला गया {{tax}} (टैक्स विभाग को देय),وصول شدہ {{tax}} (ٹیکس محکمے کو واجب),{{tax}} cobrado (se debe a la autoridad fiscal),{{tax}} collectée (due à l’administration fiscale),{{tax}} cobrado (devido ao fisco),Собранный {{tax}} (к уплате в налоговую),
accounts.tipsCollected,Tips collected (owed to staff),البقشيش المحصّل (مستحق للموظفين),वसूली गई टिप (स्टाफ को देय),وصول شدہ ٹپ (عملے کو واجب),Propinas cobradas (se deben al personal),Pourboires encaissés (dus à l’équipe),Gorjetas recebidas (devidas à equipe),Собранные чаевые (к выплате сотрудникам),
accounts.balancedYes,Balanced: Yes,متوازن: نعم,संतुलित: हाँ,متوازن: ہاں,Cuadra: sí,Équilibré : oui,Equilibrado: sim,Баланс сходится: да,
accounts.balancedNo,Balanced: No,متوازن: لا,संतुलित: नहीं,متوازن: نہیں,Cuadra: no,Équilibré : non,Equilibrado: não,Баланс сходится: нет,
accounts.balanceHint,All debits equal all credits.,مجموع المدين يساوي مجموع الدائن.,कुल डेबिट कुल क्रेडिट के बराबर है।,کل ڈیبٹ کل کریڈٹ کے برابر ہے۔,El total del debe es igual al total del haber.,Le total des débits est égal au total des crédits.,A soma dos débitos é igual à soma dos créditos.,Сумма дебета равна сумме кредита.,
accounts.account,Account,الحساب,खाता,کھاتہ,Cuenta,Compte,Conta,Счёт,
accounts.debit,Debit,مدين,डेबिट,ڈیبٹ,Debe,Débit,Débito,Дебет,
accounts.credit,Credit,دائن,क्रेडिट,کریڈٹ,Haber,Crédit,Crédito,Кредит,
accounts.total,Total,الإجمالي,कुल,کل,Total,Total,Total,Итого,
accounts.noJournal,No entries yet.,لا قيود بعد.,अभी कोई एंट्री नहीं।,ابھی کوئی اندراج نہیں۔,Aún no hay asientos.,Aucune écriture pour l’instant.,Nenhum lançamento ainda.,Проводок пока нет.,
accounts.activity,Activity,النشاط,गतिविधि,سرگرمی,Actividad,Activité,Atividade,Действия,
accounts.signIns,Sign-ins,تسجيلات الدخول,साइन इन,سائن اِن,Inicios de sesión,Connexions,Logins,Входы,
accounts.noHistory,Nothing yet.,لا شيء بعد.,अभी कुछ नहीं।,ابھی کچھ نہیں۔,Aún no hay nada.,Rien pour l’instant.,Nada ainda.,Пока ничего нет.,
accounts.system,System,النظام,सिस्टम,سسٹم,Sistema,Système,Sistema,Система,
accounts.signedIn,Signed in,سجّل الدخول,साइन इन,سائن اِن,Inició sesión,Connecté,Entrou,Вход,
accounts.signedOut,Signed out,سجّل الخروج,साइन आउट,سائن آؤٹ,Cerró sesión,Déconnecté,Saiu,Выход,
accounts.names.cash,Cash,النقد,कैश,نقد,Efectivo,Caisse,Caixa,Касса,
accounts.names.card_clearing,Card payments to settle,مدفوعات بطاقة قيد التسوية,कार्ड भुगतान (सेटलमेंट बाकी),کارڈ ادائیگیاں (تصفیہ باقی),Pagos con tarjeta por liquidar,Paiements carte à recevoir,Pagamentos com cartão a liquidar,Оплаты картой к зачислению,
accounts.names.wallet_clearing,Wallet payments to settle,مدفوعات محفظة قيد التسوية,वॉलेट भुगतान (सेटलमेंट बाकी),والیٹ ادائیگیاں (تصفیہ باقی),Pagos con billetera por liquidar,Paiements portefeuille à recevoir,Pagamentos com carteira digital a liquidar,Оплаты кошельком к зачислению,
accounts.names.bank,Bank,البنك,बैंक,بینک,Banco,Banque,Banco,Банк,
accounts.names.inventory,Stock,المخزون,स्टॉक,اسٹاک,Stock,Stock,Estoque,Запасы,
accounts.names.staff_advances,Staff advances,سُلف الموظفين,स्टाफ एडवांस,عملے کو پیشگی,Adelantos al personal,Avances au personnel,Adiantamentos à equipe,Авансы сотрудникам,
accounts.names.supplier_payable,Owed to suppliers,مستحق للموردين,सप्लायरों को देय,سپلائرز کو واجب,Deudas con proveedores,Dû aux fournisseurs,Fornecedores a pagar,Долг поставщикам,
accounts.names.deposits_held,Deposits held,العرابين المحتفظ بها,रखे गए डिपॉज़िट,رکھے گئے ڈپازٹ,Anticipos retenidos,Acomptes détenus,Sinais de clientes a utilizar,Полученные предоплаты,
accounts.names.tips_payable,Tips owed to staff,بقشيش مستحق للموظفين,स्टाफ को देय टिप,عملے کو واجب ٹپ,Propinas por pagar al personal,Pourboires dus à l’équipe,Gorjetas a pagar à equipe,Чаевые к выплате сотрудникам,
accounts.names.salaries_payable,Salaries owed,رواتب مستحقة,देय वेतन,واجب تنخواہیں,Sueldos por pagar,Salaires dus,Salários a pagar,Зарплата к выплате,
accounts.names.vat_payable,{{tax}} owed,{{tax}} مستحقة,देय {{tax}},واجب {{tax}},{{tax}} por pagar,{{tax}} due,{{tax}} a recolher,{{tax}} к уплате,
accounts.names.owner_equity,Owner's capital,رأس مال المالك,मालिक की पूंजी,مالک کا سرمایہ,Capital del dueño,Capital du propriétaire,Capital do proprietário,Капитал владельца,
accounts.names.owner_drawings,Owner drawings,مسحوبات المالك,मालिक की निकासी,مالک کی نکاسی,Retiros del dueño,Prélèvements du propriétaire,Retiradas do proprietário,Изъятия владельца,
accounts.names.service_revenue,Service revenue,إيرادات الخدمات,सर्विस आय,سروس آمدنی,Ingresos por servicios,Recettes des services,Receita de serviços,Выручка от услуг,
accounts.names.product_revenue,Product revenue,إيرادات المنتجات,प्रोडक्ट आय,پروڈکٹ آمدنی,Ingresos por productos,Recettes des produits,Receita de produtos,Выручка от товаров,
accounts.names.other_income,Other income (kept deposits),إيرادات أخرى (عرابين محتفظ بها),अन्य आय (रखे गए डिपॉज़िट),دیگر آمدنی (رکھے گئے ڈپازٹ),Otros ingresos (anticipos retenidos),Autres produits (acomptes conservés),Outras receitas (sinais retidos),Прочие доходы (удержанные предоплаты),
accounts.names.consumables_used,Products used in services,منتجات مستخدمة في الخدمات,सर्विस में लगे प्रोडक्ट,سروس میں استعمال شدہ پروڈکٹس,Productos usados en servicios,Produits utilisés pour les services,Produtos usados nos serviços,"Товары, израсходованные на услуги",
accounts.names.cost_of_goods_sold,Cost of products sold,تكلفة المنتجات المباعة,बेचे गए प्रोडक्ट की लागत,فروخت شدہ پروڈکٹس کی لاگت,Costo de los productos vendidos,Coût des produits vendus,Custo dos produtos vendidos,Себестоимость проданных товаров,
accounts.names.salaries_expense,Salaries,الرواتب,वेतन,تنخواہیں,Sueldos,Salaires,Salários,Зарплата,
accounts.names.commission_expense,Commission,العمولة,कमीशन,کمیشن,Comisiones,Commissions,Comissões,Комиссия,
accounts.names.cash_over_short,Cash over / short,زيادة / عجز النقد,कैश अधिक / कम,نقد زیادہ / کم,Sobrante / faltante de caja,Écarts de caisse,Sobra / falta de caixa,Излишки / недостачи кассы,
accounts.names.supplies_expense,Supplies,المستلزمات,सप्लाई,سامان,Suministros,Fournitures,Materiais,Расходные материалы,
accounts.sources.sale,Sales,المبيعات,बिक्री,فروخت,Ventas,Ventes,Vendas,Продажи,
accounts.sources.refund,Refunds,المبالغ المستردة,रिफंड,ریفنڈ,Reembolsos,Remboursements,Reembolsos,Возвраты,
accounts.sources.deposit,Deposits taken,عرابين مستلمة,लिए गए डिपॉज़िट,وصول شدہ ڈپازٹ,Anticipos cobrados,Acomptes reçus,Sinais recebidos,Полученные предоплаты,
accounts.sources.deposit_refund,Deposits refunded,عرابين مستردة,लौटाए गए डिपॉज़िट,واپس کیے گئے ڈپازٹ,Anticipos devueltos,Acomptes remboursés,Sinais reembolsados,Возвращённые предоплаты,
accounts.sources.deposit_forfeit,Deposits kept,عرابين محتفظ بها,रखे गए डिपॉज़िट,رکھے گئے ڈپازٹ,Anticipos retenidos,Acomptes conservés,Sinais retidos,Удержанные предоплаты,
accounts.sources.opening_cash,Opening cash,النقد الافتتاحي,ओपनिंग कैश,ابتدائی نقد,Efectivo inicial,Fond de caisse initial,Saldo inicial do caixa,Наличные на начало,
accounts.sources.opening_stock,Opening stock,المخزون الافتتاحي,ओपनिंग स्टॉक,ابتدائی اسٹاک,Stock inicial,Stock initial,Estoque inicial,Начальные остатки,
accounts.sources.brought_forward,Brought forward,مرحّل,पिछला,پچھلا,Saldo anterior,Report,Saldo transportado,Остаток с прошлого дня,
accounts.sources.expense,Expenses,المصروفات,खर्चे,اخراجات,Gastos,Dépenses,Despesas,Расходы,
accounts.sources.expense_reversal,Reversed expenses,مصروفات معكوسة,रिवर्स खर्चे,واپس شدہ اخراجات,Gastos revertidos,Dépenses contrepassées,Despesas estornadas,Аннулированные расходы,
accounts.sources.purchase_bill,Supplier bills,فواتير الموردين,सप्लायर बिल,سپلائر بل,Facturas de proveedores,Factures fournisseurs,Contas de fornecedores,Счета поставщиков,
accounts.sources.purchase_bill_reversal,Reversed bills,فواتير معكوسة,रिवर्स बिल,واپس شدہ بل,Facturas revertidas,Factures contrepassées,Contas estornadas,Аннулированные счета,
accounts.sources.supplier_payment,Supplier payments,مدفوعات الموردين,सप्लायर भुगतान,سپلائر ادائیگیاں,Pagos a proveedores,Paiements fournisseurs,Pagamentos a fornecedores,Оплаты поставщикам,
accounts.sources.cash_close,Cash close,إغلاق الصندوق,कैश क्लोज़,کیش کلوز,Cierre de caja,Clôture de caisse,Fechamento de caixa,Закрытие кассы,
accounts.sources.tip_payout,Tips paid,بقشيش مصروف,दी गई टिप्स,دی گئی ٹپس,Propinas pagadas,Pourboires versés,Gorjetas pagas,Выплаченные чаевые,
accounts.sources.stock_adjustment,Stock adjustments,تعديلات المخزون,स्टॉक बदलाव,اسٹاک تبدیلیاں,Ajustes de stock,Ajustements de stock,Ajustes de estoque,Корректировки остатков,
accounts.sources.stock_count,Stock counts,جرد المخزون,स्टॉक गिनती,اسٹاک گنتی,Conteos de stock,Comptages de stock,Contagens de estoque,Инвентаризации,
accounts.sources.staff_advance,Staff advances,سلف الموظفين,स्टाफ़ एडवांस,عملے کے ایڈوانس,Adelantos al personal,Avances au personnel,Adiantamentos à equipe,Авансы сотрудникам,
accounts.sources.staff_advance_reversal,Reversed advances,سلف معكوسة,पलटे एडवांस,واپس ایڈوانس,Adelantos revertidos,Avances contrepassées,Adiantamentos estornados,Аннулированные авансы,
accounts.sources.payroll,Payroll,الرواتب,पेरोल,پے رول,Nómina,Paie,Folha de pagamento,Начисление зарплаты,
accounts.sources.payroll_payment,Salaries paid,رواتب مدفوعة,दिए गए वेतन,ادا کی گئی تنخواہیں,Sueldos pagados,Salaires versés,Salários pagos,Выплаченная зарплата,
accounts.sources.deposit_forfeit_reversal,Deposits kept (undone),عربون محتفظ به (تم التراجع),रखी गई जमा राशि (वापस ली गई),رکھی گئی جمع رقم (واپس لی گئی),Anticipos retenidos (deshecho),Acomptes conservés (annulé),Sinais retidos (desfeito),Удержанные предоплаты (отменено),
accounts.months,Months,الأشهر,महीने,مہینے,Meses,Mois,Meses,Месяцы,
accounts.exportLedger,Export ledger CSV,تصدير دفتر الأستاذ CSV,लेजर CSV निर्यात,لیجر CSV برآمد,Exportar libro mayor en CSV,Exporter le grand livre en CSV,Exportar razão em CSV,Экспорт главной книги в CSV,
accounts.ledgerExported,Ledger exported ({{count}} lines),تم تصدير الدفتر (الأسطر: {{count}}),लेजर निर्यात (पंक्तियाँ: {{count}}),لیجر برآمد (سطریں: {{count}}),Libro mayor exportado ({{count}} líneas),Grand livre exporté ({{count}} lignes),Razão exportado ({{count}} linhas),Главная книга выгружена (строк: {{count}}),
accounts.ledgerExported_one,Ledger exported ({{count}} line),تم تصدير الدفتر (الأسطر: {{count}}),लेजर निर्यात (पंक्तियाँ: {{count}}),لیجر برآمد (سطریں: {{count}}),Libro mayor exportado ({{count}} línea),Grand livre exporté ({{count}} ligne),Razão exportado ({{count}} linha),Главная книга выгружена ({{count}} строка),
accounts.csv.date,Date,التاريخ,तारीख,تاریخ,Fecha,Date,Data,Дата,
accounts.csv.source,Source,المصدر,स्रोत,ماخذ,Origen,Origine,Origem,Источник,
accounts.csv.memo,Memo,البيان,विवरण,تفصیل,Concepto,Libellé,Histórico,Примечание,
accounts.csv.code,Code,الرمز,कोड,کوڈ,Código,Code,Código,Код,
accounts.csv.account,Account,الحساب,खाता,کھاتہ,Cuenta,Compte,Conta,Счёт,
accounts.period.title,Close month,إغلاق الشهر,महीना बंद करें,مہینہ بند کریں,Cerrar mes,Clôturer le mois,Fechar mês,Закрытие месяца,
accounts.period.subtitle,Lock a finished month so nothing more is posted into it,اقفل شهرًا منتهيًا فلا يُسجَّل فيه شيء بعد ذلك,पूरा हुआ महीना लॉक करें ताकि उसमें कुछ और दर्ज न हो,مکمل مہینہ لاک کریں تاکہ اس میں مزید کچھ درج نہ ہو,Bloquea un mes terminado para que no se registre nada más en él,Verrouillez un mois terminé pour que plus rien n’y soit comptabilisé,Bloqueie um mês encerrado para que nada mais seja lançado nele,"Заблокируйте завершённый месяц, чтобы в него больше ничего не проводилось",
accounts.period.empty,No postings yet.,لا قيود بعد.,अभी कोई प्रविष्टि नहीं।,ابھی کوئی اندراج نہیں۔,Aún no hay registros.,Aucune écriture pour l’instant.,Nenhum lançamento ainda.,Проводок пока нет.,
accounts.period.entries,Entries: {{count}},القيود: {{count}},प्रविष्टियाँ: {{count}},اندراجات: {{count}},Asientos: {{count}},Écritures : {{count}},Lançamentos: {{count}},Проводок: {{count}},
accounts.period.closedBy,Closed by {{name}} · {{date}},أغلقه {{name}} · {{date}},{{name}} ने बंद किया · {{date}},{{name}} نے بند کیا · {{date}},Cerrado por {{name}} · {{date}},Clôturé par {{name}} · {{date}},Fechado por {{name}} · {{date}},Закрыл(а) {{name}} · {{date}},
accounts.period.status.open,Open,مفتوح,खुला,کھلا,Abierto,Ouvert,Aberto,Открыт,
accounts.period.status.closed,Closed,مغلق,बंद,بند,Cerrado,Clôturé,Fechado,Закрыт,
accounts.period.close,Close,إغلاق,बंद करें,بند کریں,Cerrar,Clôturer,Fechar,Закрыть,
accounts.period.reopen,Reopen,إعادة فتح,फिर खोलें,دوبارہ کھولیں,Reabrir,Rouvrir,Reabrir,Открыть снова,
accounts.period.closeTitle,Close {{month}}?,إغلاق {{month}}؟,{{month}} बंद करें?,{{month}} بند کریں؟,¿Cerrar {{month}}?,Clôturer {{month}} ?,Fechar {{month}}?,Закрыть {{month}}?,
accounts.period.reopenTitle,Reopen {{month}},إعادة فتح {{month}},{{month}} फिर खोलें,{{month}} دوبارہ کھولیں,Reabrir {{month}},Rouvrir {{month}},Reabrir {{month}},Открыть {{month}} снова,
accounts.period.closeBody,"Nothing can be posted into this month after it is closed: no sales, costs or corrections dated in it. You can reopen it later with a reason.",بعد الإغلاق لا يمكن تسجيل أي شيء بتاريخ هذا الشهر: لا مبيعات ولا تكاليف ولا تصحيحات. يمكنك إعادة فتحه لاحقًا مع ذكر السبب.,"बंद होने के बाद इस महीने की तारीख़ में कुछ दर्ज नहीं हो सकता: न बिक्री, न लागत, न सुधार। बाद में कारण देकर इसे फिर खोल सकते हैं।",بند ہونے کے بعد اس مہینے کی تاریخ میں کچھ درج نہیں ہو سکتا: نہ فروخت، نہ لاگت، نہ درستی۔ بعد میں وجہ بتا کر اسے دوبارہ کھول سکتے ہیں۔,"Una vez cerrado, no se puede registrar nada en este mes: ni ventas, ni costos, ni correcciones con fecha de ese mes. Puedes reabrirlo más tarde indicando un motivo.","Une fois le mois clôturé, plus rien ne peut y être comptabilisé : ni ventes, ni charges, ni corrections datées de ce mois. Vous pourrez le rouvrir plus tard en indiquant un motif.","Depois de fechado, nada pode ser lançado neste mês: nenhuma venda, custo ou correção com data nele. Você pode reabri-lo depois, informando um motivo.","После закрытия в этот месяц ничего нельзя провести: ни продажи, ни затраты, ни исправления с его датой. Позже его можно открыть снова, указав причину.",
accounts.period.reopenBody,Reopening lets entries be posted into this month again. The reason is kept in the history.,إعادة الفتح تسمح بتسجيل قيود في هذا الشهر مرة أخرى. يُحفظ السبب في السجل.,फिर खोलने से इस महीने में दोबारा प्रविष्टियाँ हो सकेंगी। कारण इतिहास में रहता है।,دوبارہ کھولنے سے اس مہینے میں پھر اندراج ہو سکیں گے۔ وجہ تاریخ میں محفوظ رہتی ہے۔,Al reabrirlo se pueden volver a registrar asientos en este mes. El motivo queda guardado en el historial.,La réouverture permet de comptabiliser de nouveau des écritures dans ce mois. Le motif est conservé dans l’historique.,Reabrir permite fazer lançamentos neste mês de novo. O motivo fica guardado no histórico.,После повторного открытия в этот месяц снова можно проводить записи. Причина сохранится в истории.,
accounts.period.reason,Reason,السبب,कारण,وجہ,Motivo,Motif,Motivo,Причина,
accounts.period.confirmClose,Close the month,أغلق الشهر,महीना बंद करें,مہینہ بند کریں,Cerrar el mes,Clôturer le mois,Fechar o mês,Закрыть месяц,
accounts.period.confirmReopen,Reopen the month,أعد فتح الشهر,महीना फिर खोलें,مہینہ دوبارہ کھولیں,Reabrir el mes,Rouvrir le mois,Reabrir o mês,Открыть месяц снова,
accounts.period.closedToast,{{month}} is closed,تم إغلاق {{month}},{{month}} बंद हो गया,{{month}} بند ہو گیا,{{month}} está cerrado,{{month}} est clôturé,{{month}} está fechado,{{month}}: месяц закрыт,
accounts.period.reopenedToast,{{month}} is open again,{{month}} مفتوح مجددًا,{{month}} फिर खुल गया,{{month}} دوبارہ کھل گیا,{{month}} está abierto de nuevo,{{month}} est rouvert,{{month}} está aberto de novo,{{month}}: месяц снова открыт,
accounts.period.hint,Only finished months can be closed. The books must balance.,تُغلق الأشهر المنتهية فقط، ويجب أن تكون الدفاتر متوازنة.,सिर्फ़ पूरे हुए महीने बंद होते हैं। खाते बराबर होने चाहिए।,صرف مکمل مہینے بند ہوتے ہیں۔ کھاتے برابر ہونے چاہییں۔,Solo se pueden cerrar los meses terminados. Los libros deben cuadrar.,Seuls les mois terminés peuvent être clôturés. Les comptes doivent être équilibrés.,Só meses já encerrados podem ser fechados. Os livros precisam estar equilibrados.,Закрыть можно только завершённые месяцы. Учёт должен сходиться.,
settingUp.title,{{name}} is being set up,يجري إعداد {{name}},{{name}} तैयार किया जा रहा है,{{name}} تیار کیا جا رہا ہے,{{name}} se está configurando,{{name}} est en cours de configuration,Estamos configurando {{name}},Раздел «{{name}}» готовится,
settingUp.body,It will be ready here soon. Please check back later.,سيكون جاهزًا هنا قريبًا. يرجى العودة لاحقًا.,यह जल्द ही यहाँ उपलब्ध होगा। कृपया बाद में देखें।,یہ جلد یہاں دستیاب ہوگا۔ براہ کرم بعد میں دیکھیں۔,Pronto estará listo aquí. Vuelve a consultar más tarde.,Ce sera bientôt prêt ici. Revenez un peu plus tard.,Ficará pronto em breve. Volte mais tarde.,Скоро он появится здесь. Загляните позже.,
expenses.title,Expenses,المصروفات,खर्चे,اخراجات,Gastos,Dépenses,Despesas,Расходы,
expenses.add,Add expense,إضافة مصروف,खर्च जोड़ें,خرچ شامل کریں,Agregar gasto,Ajouter une dépense,Adicionar despesa,Добавить расход,
expenses.empty,No expenses this month.,لا مصروفات هذا الشهر.,इस महीने कोई खर्च नहीं।,اس ماہ کوئی خرچ نہیں۔,No hay gastos este mes.,Aucune dépense ce mois-ci.,Nenhuma despesa neste mês.,В этом месяце расходов нет.,
expenses.today,Today,اليوم,आज,آج,Hoy,Aujourd’hui,Hoje,Сегодня,
expenses.thisMonth,This month,هذا الشهر,इस महीने,اس ماہ,Este mes,Ce mois-ci,Este mês,Этот месяц,
expenses.lastMonth,Last month {{amount}},الشهر الماضي {{amount}},पिछला महीना {{amount}},پچھلا مہینہ {{amount}},Mes anterior {{amount}},Mois dernier {{amount}},Mês passado {{amount}},Прошлый месяц {{amount}},
expenses.biggest,Biggest: {{category}} · {{amount}},الأكبر: {{category}} · {{amount}},सबसे बड़ा: {{category}} · {{amount}},سب سے بڑا: {{category}} · {{amount}},Mayor: {{category}} · {{amount}},Plus gros poste : {{category}} · {{amount}},Maior: {{category}} · {{amount}},Больше всего: {{category}} · {{amount}},
expenses.newTitle,New expense,مصروف جديد,नया खर्च,نیا خرچ,Nuevo gasto,Nouvelle dépense,Nova despesa,Новый расход,
expenses.amount,Amount,المبلغ,रकम,رقم,Monto,Montant,Valor,Сумма,
expenses.category,Category,الفئة,श्रेणी,زمرہ,Categoría,Catégorie,Categoria,Категория,
expenses.paidBy,Paid by,طريقة الدفع,भुगतान का तरीका,ادائیگی کا طریقہ,Pagado con,Payé par,Pago com,Способ оплаты,
expenses.date,Date,التاريخ,तारीख,تاریخ,Fecha,Date,Data,Дата,
expenses.note,Note,ملاحظة,नोट,نوٹ,Nota,Note,Observação,Примечание,
expenses.noteHint,"For example: DEWA bill, tea and sugar, 3 uniforms",مثال: فاتورة ديوا، شاي وسكر، 3 زي موحد,"जैसे: DEWA बिल, चाय और चीनी, 3 यूनिफ़ॉर्म",مثلاً: DEWA بل، چائے اور چینی، 3 یونیفارم,"Por ejemplo: factura de DEWA, té y azúcar, 3 uniformes","Par exemple : facture DEWA, thé et sucre, 3 uniformes","Por exemplo: conta da DEWA, chá e açúcar, 3 uniformes","Например: счёт DEWA, чай и сахар, 3 комплекта формы",
expenses.save,Save expense,حفظ المصروف,खर्च सेव करें,خرچ محفوظ کریں,Guardar gasto,Enregistrer la dépense,Salvar despesa,Сохранить расход,
expenses.saved,Expense saved,تم حفظ المصروف,खर्च सेव हुआ,خرچ محفوظ ہو گیا,Gasto guardado,Dépense enregistrée,Despesa salva,Расход сохранён,
expenses.cashOnly,Cash from the drawer,نقد من الدرج,दराज़ से कैश,دراز سے نقد,Efectivo de la caja,Espèces du tiroir,Dinheiro da gaveta,Наличные из кассы,
expenses.cashHint,"Comes out of the drawer, so it lowers expected cash.",يُخصم من الدرج فيقل النقد المتوقع.,"दराज़ से निकलता है, इसलिए अपेक्षित कैश घटता है।",دراز سے نکلتا ہے، اس لیے متوقع نقد کم ہوتا ہے۔,"Sale de la caja, así que reduce el efectivo esperado.","Sort du tiroir, donc réduit les espèces attendues.","Sai da gaveta, então reduz o dinheiro esperado.","Берутся из кассы, поэтому уменьшают ожидаемые наличные.",
expenses.bankHint,Paid from the bank; the drawer is not affected.,مدفوع من البنك؛ لا يتأثر الدرج.,बैंक से भुगतान; दराज़ पर असर नहीं।,بینک سے ادائیگی؛ دراز پر اثر نہیں۔,Pagado desde el banco; no afecta a la caja.,Payé depuis la banque ; le tiroir n’est pas concerné.,Pago pelo banco; a gaveta não é afetada.,Оплачено с банковского счёта; касса не затрагивается.,
expenses.newCategory,New category,فئة جديدة,नई श्रेणी,نیا زمرہ,Nueva categoría,Nouvelle catégorie,Nova categoria,Новая категория,
expenses.categoryName,Category name,اسم الفئة,श्रेणी का नाम,زمرے کا نام,Nombre de la categoría,Nom de la catégorie,Nome da categoria,Название категории,
expenses.detailTitle,Expense,المصروف,खर्च,خرچ,Gasto,Dépense,Despesa,Расход,
expenses.recordedBy,Recorded by,سجّله,दर्ज किया,درج کیا,Registrado por,Enregistré par,Registrado por,Записал(а),
expenses.reverse,Reverse expense,عكس المصروف,खर्च रिवर्स करें,خرچ واپس کریں,Revertir gasto,Contrepasser la dépense,Estornar despesa,Аннулировать расход,
expenses.reverseHint,"The expense stays on record, marked reversed, and the money goes back into the books.",يبقى المصروف في السجل موسومًا كمعكوس، وتعود القيمة إلى الدفاتر.,"खर्च रिकॉर्ड में रहता है, रिवर्स लिखा जाता है, और रकम खातों में वापस आती है।",خرچ ریکارڈ میں رہتا ہے، واپس شدہ لکھا جاتا ہے، اور رقم کھاتوں میں لوٹ آتی ہے۔,"El gasto queda registrado, marcado como revertido, y el dinero vuelve a los libros.","La dépense reste enregistrée, marquée comme contrepassée, et le montant est réintégré dans les comptes.","A despesa continua registrada, marcada como estornada, e o valor volta para os livros.","Расход остаётся в истории с пометкой «аннулирован», а деньги возвращаются в учёт.",
expenses.reverseReason,Reason,السبب,कारण,وجہ,Motivo,Motif,Motivo,Причина,
expenses.reversed,Expense reversed,تم عكس المصروف,खर्च रिवर्स हुआ,خرچ واپس ہو گیا,Gasto revertido,Dépense contrepassée,Despesa estornada,Расход аннулирован,
expenses.methods.cash,Cash,نقد,कैश,نقد,Efectivo,Espèces,Dinheiro,Наличные,
expenses.methods.card,Card,بطاقة,कार्ड,کارڈ,Tarjeta,Carte,Cartão,Карта,
expenses.methods.bank,Bank transfer,تحويل بنكي,बैंक ट्रांसफ़र,بینک ٹرانسفر,Transferencia bancaria,Virement bancaire,Transferência bancária,Банковский перевод,
expenses.categories.tea_food,Tea & Food,شاي وطعام,चाय और खाना,چائے اور کھانا,Té y comida,Thé et repas,Chá e alimentação,Чай и еда,
expenses.categories.electricity,Electricity,الكهرباء,बिजली,بجلی,Electricidad,Électricité,Energia elétrica,Электричество,
expenses.categories.water,Water,الماء,पानी,پانی,Agua,Eau,Água,Вода,
expenses.categories.internet_phone,Internet & Phone,الإنترنت والهاتف,इंटरनेट और फ़ोन,انٹرنیٹ اور فون,Internet y teléfono,Internet et téléphone,Internet e telefone,Интернет и телефон,
expenses.categories.rent,Rent,الإيجار,किराया,کرایہ,Alquiler,Loyer,Aluguel,Аренда,
expenses.categories.uniforms,Uniforms,الزي الموحد,यूनिफ़ॉर्म,یونیفارم,Uniformes,Uniformes,Uniformes,Униформа,
expenses.categories.dry_cleaning,Dry Cleaning & Laundry,التنظيف الجاف والغسيل,ड्राई क्लीनिंग और लॉन्ड्री,ڈرائی کلیننگ اور دھلائی,Tintorería y lavandería,Pressing et blanchisserie,Lavanderia,Химчистка и прачечная,
expenses.categories.cleaning,Cleaning Supplies,مواد التنظيف,सफ़ाई का सामान,صفائی کا سامان,Productos de limpieza,Produits d’entretien,Produtos de limpeza,Чистящие средства,
expenses.categories.repairs,Repairs & Maintenance,الإصلاح والصيانة,मरम्मत और रखरखाव,مرمت اور دیکھ بھال,Reparaciones y mantenimiento,Réparations et entretien,Reparos e manutenção,Ремонт и обслуживание,
expenses.categories.transport,Transport & Fuel,النقل والوقود,यातायात और ईंधन,ٹرانسپورٹ اور ایندھن,Transporte y combustible,Transport et carburant,Transporte e combustível,Транспорт и топливо,
expenses.categories.marketing,Marketing & Ads,التسويق والإعلانات,मार्केटिंग और विज्ञापन,مارکیٹنگ اور اشتہارات,Marketing y publicidad,Marketing et publicité,Marketing e anúncios,Маркетинг и реклама,
expenses.categories.licences,"Licences, Visas & Gov. Fees",الرخص والتأشيرات والرسوم الحكومية,"लाइसेंस, वीज़ा और सरकारी शुल्क",لائسنس، ویزا اور سرکاری فیس,"Licencias, visas y tasas oficiales","Licences, visas et frais administratifs","Licenças, vistos e taxas do governo","Лицензии, визы и госпошлины",
expenses.categories.bank_fees,Bank & Card Fees,رسوم البنك والبطاقات,बैंक और कार्ड शुल्क,بینک اور کارڈ فیس,Comisiones bancarias y de tarjeta,Frais bancaires et de carte,Tarifas bancárias e de cartão,Комиссии банка и за карты,
expenses.categories.staff_accommodation,Staff Accommodation,سكن الموظفين,स्टाफ़ आवास,عملے کی رہائش,Alojamiento del personal,Logement du personnel,Moradia da equipe,Жильё для сотрудников,
expenses.categories.staff_welfare,Staff Welfare,رعاية الموظفين,स्टाफ़ कल्याण,عملے کی بہبود,Bienestar del personal,Bien-être du personnel,Bem-estar da equipe,Забота о сотрудниках,
expenses.categories.other,Other,أخرى,अन्य,دیگر,Otros,Autre,Outros,Прочее,
expenses.withVat,The bill includes {{tax}} ({{rate}}),الفاتورة تشمل {{tax}} ({{rate}}),बिल में {{tax}} ({{rate}}) शामिल है,بل میں {{tax}} ({{rate}}) شامل ہے,La factura incluye {{tax}} ({{rate}}),La facture inclut la {{tax}} ({{rate}}),A conta inclui {{tax}} ({{rate}}),Счёт включает {{tax}} ({{rate}}),
expenses.withVatHint,From a tax invoice. You can claim it back in your {{tax}} return.,من فاتورة ضريبية. يمكنك استردادها في إقرار {{tax}}.,टैक्स इनवॉइस से। आप इसे अपने {{tax}} रिटर्न में वापस ले सकते हैं।,ٹیکس انوائس سے۔ آپ اسے اپنے {{tax}} ریٹرن میں واپس لے سکتے ہیں۔,De una factura fiscal. Puedes recuperarlo en tu declaración de {{tax}}.,Sur une facture fiscale. Vous pouvez la récupérer dans votre déclaration de {{tax}}.,De uma fatura fiscal. Você pode recuperar esse valor na sua declaração de {{tax}}.,По налоговому счёту-фактуре. Эту сумму можно вернуть через декларацию по {{tax}}.,
expenses.vatAmount,{{tax}} included,{{tax}} المشمولة,शामिल {{tax}},شامل {{tax}},{{tax}} incluido,{{tax}} incluse,{{tax}} incluído,В т. ч. {{tax}},
purchases.title,Purchases & suppliers,المشتريات والموردون,ख़रीद और सप्लायर,خریداری اور سپلائرز,Compras y proveedores,Achats et fournisseurs,Compras e fornecedores,Закупки и поставщики,
purchases.bills,Bills,الفواتير,बिल,بل,Facturas,Factures,Contas,Счета,
purchases.suppliers,Suppliers,الموردون,सप्लायर,سپلائرز,Proveedores,Fournisseurs,Fornecedores,Поставщики,
purchases.newBill,New bill,فاتورة جديدة,नया बिल,نیا بل,Nueva factura,Nouvelle facture,Nova conta,Новый счёт,
purchases.owed,Owed to suppliers,المستحق للموردين,सप्लायरों को देय,سپلائرز کو واجب,Deuda con proveedores,Dû aux fournisseurs,Devido a fornecedores,Долг поставщикам,
purchases.overdue,Overdue,متأخرة,बकाया,واجب الادا,Vencidas,En retard,Em atraso,Просрочено,
purchases.thisMonth,Bills this month,فواتير هذا الشهر,इस महीने के बिल,اس ماہ کے بل,Facturas de este mes,Factures du mois,Contas deste mês,Счета за этот месяц,
purchases.noBills,No bills yet.,لا فواتير بعد.,अभी कोई बिल नहीं।,ابھی کوئی بل نہیں۔,Aún no hay facturas.,Aucune facture pour l’instant.,Nenhuma conta ainda.,Счетов пока нет.,
purchases.noSuppliers,No suppliers yet.,لا موردين بعد.,अभी कोई सप्लायर नहीं।,ابھی کوئی سپلائر نہیں۔,Aún no hay proveedores.,Aucun fournisseur pour l’instant.,Nenhum fornecedor ainda.,Поставщиков пока нет.,
purchases.dueOn,Due {{date}},تستحق {{date}},देय {{date}},واجب {{date}},Vence el {{date}},À payer le {{date}},Vence em {{date}},Оплатить до {{date}},
purchases.overdueSince,Overdue since {{date}},متأخرة منذ {{date}},{{date}} से बकाया,{{date}} سے واجب الادا,Vencida desde el {{date}},En retard depuis le {{date}},Em atraso desde {{date}},Просрочен с {{date}},
purchases.termsDays,{{count}} days to pay,{{count}} يوم للدفع,भुगतान के {{count}} दिन,ادائیگی کے {{count}} دن,{{count}} días para pagar,{{count}} jours pour payer,{{count}} dias para pagar,Отсрочка {{count}} дн.,
purchases.termsDays_one,{{count}} day to pay,{{count}} يوم للدفع,भुगतान के {{count}} दिन,ادائیگی کے {{count}} دن,{{count}} día para pagar,{{count}} jour pour payer,{{count}} dia para pagar,Отсрочка {{count}} день,
purchases.newSupplier,New supplier,مورد جديد,नया सप्लायर,نیا سپلائر,Nuevo proveedor,Nouveau fournisseur,Novo fornecedor,Новый поставщик,
purchases.editSupplier,Edit supplier,تعديل المورد,सप्लायर बदलें,سپلائر میں ترمیم,Editar proveedor,Modifier le fournisseur,Editar fornecedor,Редактировать поставщика,
purchases.supplierName,Supplier name,اسم المورد,सप्लायर का नाम,سپلائر کا نام,Nombre del proveedor,Nom du fournisseur,Nome do fornecedor,Название поставщика,
purchases.supplierPhone,Phone,الهاتف,फ़ोन,فون,Teléfono,Téléphone,Telefone,Телефон,
purchases.terms,Days to pay,أيام الدفع,भुगतान के दिन,ادائیگی کے دن,Días para pagar,Délai de paiement (jours),Prazo para pagar (dias),"Отсрочка оплаты, дней",
purchases.termsHint,0 = pay on delivery. The due date is the bill date plus these days.,0 = الدفع عند الاستلام. تاريخ الاستحقاق هو تاريخ الفاتورة مضافًا إليه هذه الأيام.,0 = डिलीवरी पर भुगतान। देय तारीख = बिल तारीख + ये दिन।,0 = ڈیلیوری پر ادائیگی۔ واجب تاریخ = بل کی تاریخ + یہ دن۔,0 = pago contra entrega. La fecha de vencimiento es la fecha de la factura más estos días.,0 = paiement à la livraison. L’échéance est la date de la facture plus ce nombre de jours.,0 = pagamento na entrega. O vencimento é a data da conta mais esses dias.,0 — оплата при доставке. Срок оплаты — дата счёта плюс эти дни.,
purchases.supplierSaved,Supplier saved,تم حفظ المورد,सप्लायर सेव हुआ,سپلائر محفوظ ہو گیا,Proveedor guardado,Fournisseur enregistré,Fornecedor salvo,Поставщик сохранён,
purchases.supplier,Supplier,المورد,सप्लायर,سپلائر,Proveedor,Fournisseur,Fornecedor,Поставщик,
purchases.invoiceRef,Supplier's invoice number (optional),رقم فاتورة المورد (اختياري),सप्लायर का इनवॉइस नंबर (वैकल्पिक),سپلائر کا انوائس نمبر (اختیاری),Número de factura del proveedor (opcional),N° de facture du fournisseur (facultatif),Número da fatura do fornecedor (opcional),Номер счёта поставщика (необязательно),
purchases.billDate,Bill date,تاريخ الفاتورة,बिल की तारीख,بل کی تاریخ,Fecha de la factura,Date de la facture,Data da conta,Дата счёта,
purchases.lines,What was bought,ما تم شراؤه,क्या ख़रीदा,کیا خریدا,Qué se compró,Ce qui a été acheté,O que foi comprado,Что куплено,
purchases.paidNow,Paid now,مدفوعة الآن,अभी भुगतान किया,ابھی ادا کیا,Pagado ahora,Payé maintenant,Pago agora,Оплачено сразу,
purchases.paidNowHint,Record the payment together with the bill.,سجّل الدفع مع الفاتورة.,बिल के साथ भुगतान दर्ज करें।,بل کے ساتھ ادائیگی درج کریں۔,Registra el pago junto con la factura.,Enregistrez le paiement en même temps que la facture.,Registre o pagamento junto com a conta.,Записать оплату вместе со счётом.,
purchases.amountPaid,Amount paid,المبلغ المدفوع,भुगतान की रकम,ادا شدہ رقم,Monto pagado,Montant payé,Valor pago,Оплаченная сумма,
purchases.ownerPays,The owner records payments to suppliers.,يسجّل المالك مدفوعات الموردين.,सप्लायरों को भुगतान मालिक दर्ज करते हैं।,سپلائرز کو ادائیگی مالک درج کرتے ہیں۔,El dueño registra los pagos a proveedores.,Le propriétaire enregistre les paiements aux fournisseurs.,O proprietário registra os pagamentos aos fornecedores.,Оплаты поставщикам записывает владелец.,
purchases.saveBill,Save bill · {{amount}},حفظ الفاتورة · {{amount}},बिल सेव करें · {{amount}},بل محفوظ کریں · {{amount}},Guardar factura · {{amount}},Enregistrer la facture · {{amount}},Salvar conta · {{amount}},Сохранить счёт · {{amount}},
purchases.billSaved,{{number}} saved,تم حفظ {{number}},{{number}} सेव हो गया,{{number}} محفوظ ہو گیا,{{number}} guardada,{{number}} enregistrée,{{number}} salva,Закупка {{number}} сохранена,
purchases.lineDescription,What,الصنف,क्या,کیا,Qué,Désignation,O quê,Что,
purchases.qty,Qty,الكمية,मात्रा,مقدار,Cant.,Qté,Qtd.,Кол-во,
purchases.addToStock,Add to stock,إضافة إلى المخزون,स्टॉक में जोड़ें,اسٹاک میں شامل کریں,Agregar al stock,Ajouter au stock,Adicionar ao estoque,На склад,
purchases.notStock,Not stock (a cost),ليس مخزونًا (تكلفة),स्टॉक नहीं (लागत),اسٹاک نہیں (لاگت),No es stock (un costo),Hors stock (une charge),Não é estoque (um custo),Не на склад (затраты),
purchases.removeLine,Remove line,إزالة السطر,लाइन हटाएँ,لائن ہٹائیں,Quitar línea,Supprimer la ligne,Remover linha,Удалить строку,
purchases.addStockItem,Stock item,صنف مخزون,स्टॉक आइटम,اسٹاک آئٹم,Artículo de stock,Article en stock,Item de estoque,Товар со склада,
purchases.addOtherLine,Other,أخرى,अन्य,دیگر,Otro,Autre,Outro,Другое,
purchases.inStock,added to stock,أُضيف إلى المخزون,स्टॉक में जोड़ा,اسٹاک میں شامل,agregado al stock,ajouté au stock,adicionado ao estoque,добавлено на склад,
purchases.paid,Paid,المدفوع,भुगतान,ادا شدہ,Pagado,Payé,Pago,Оплачено,
purchases.due,Due,الاستحقاق,देय,واجب,Pendiente,Échéance,A pagar,К оплате,
purchases.payments,Payments,المدفوعات,भुगतान,ادائیگیاں,Pagos,Paiements,Pagamentos,Оплаты,
purchases.pay,Pay supplier,دفع للمورد,सप्लायर को भुगतान,سپلائر کو ادائیگی,Pagar al proveedor,Payer le fournisseur,Pagar fornecedor,Оплатить поставщику,
purchases.payAmount,Pay {{amount}},دفع {{amount}},{{amount}} का भुगतान,{{amount}} ادا کریں,Pagar {{amount}},Payer {{amount}},Pagar {{amount}},Оплатить {{amount}},
purchases.leftToPay,{{amount}} left to pay.,المتبقي للدفع {{amount}}.,{{amount}} बाकी है।,{{amount}} باقی ہیں۔,Quedan {{amount}} por pagar.,Reste à payer : {{amount}}.,Faltam {{amount}} para pagar.,Осталось оплатить {{amount}}.,
purchases.tooMuch,The most you can pay is {{amount}}.,أقصى مبلغ يمكن دفعه {{amount}}.,अधिकतम {{amount}} का भुगतान हो सकता है।,زیادہ سے زیادہ {{amount}} ادا ہو سکتے ہیں۔,Lo máximo que puedes pagar es {{amount}}.,Vous pouvez payer au maximum {{amount}}.,O máximo que você pode pagar é {{amount}}.,Максимум к оплате — {{amount}}.,
purchases.paidToast,Paid {{amount}},تم دفع {{amount}},{{amount}} का भुगतान हुआ,{{amount}} ادا ہو گئے,Pagado {{amount}},{{amount}} payés,{{amount}} pago,Оплачено {{amount}},
purchases.reverse,Reverse bill,عكس الفاتورة,बिल रिवर्स करें,بل واپس کریں,Revertir factura,Contrepasser la facture,Estornar conta,Аннулировать счёт,
purchases.reverseHint,Only unpaid bills can be reversed. Stock it added goes back out; the bill stays on record.,لا تُعكس إلا الفواتير غير المدفوعة. يُخصم المخزون الذي أضافته وتبقى الفاتورة في السجل.,केवल बिना भुगतान वाले बिल रिवर्स होते हैं। जोड़ा गया स्टॉक वापस निकलता है; बिल रिकॉर्ड में रहता है।,صرف غیر ادا شدہ بل واپس ہوتے ہیں۔ شامل کیا گیا اسٹاک واپس نکلتا ہے؛ بل ریکارڈ میں رہتا ہے۔,Solo se pueden revertir las facturas sin pagar. El stock que agregó vuelve a salir; la factura queda registrada.,Seules les factures impayées peuvent être contrepassées. Le stock ajouté ressort ; la facture reste enregistrée.,Só contas não pagas podem ser estornadas. O estoque que ela adicionou sai de novo; a conta continua registrada.,"Аннулировать можно только неоплаченные счета. Поступивший по счёту товар спишется со склада, а сам счёт останется в истории.",
purchases.reversedToast,Bill reversed,تم عكس الفاتورة,बिल रिवर्स हुआ,بل واپس ہو گیا,Factura revertida,Facture contrepassée,Conta estornada,Счёт аннулирован,
purchases.reversedBecause,Reversed: {{reason}},معكوسة: {{reason}},रिवर्स: {{reason}},واپس: {{reason}},Revertida: {{reason}},Contrepassée : {{reason}},Estornada: {{reason}},Аннулирован: {{reason}},
purchases.status.unpaid,Unpaid,غير مدفوعة,बकाया,غیر ادا شدہ,Sin pagar,Impayée,Não paga,Не оплачен,
purchases.status.partial,Part paid,مدفوعة جزئيًا,आंशिक भुगतान,جزوی ادا,Pago parcial,Payée en partie,Paga em parte,Оплачен частично,
purchases.status.paid,Paid,مدفوعة,भुगतान हुआ,ادا شدہ,Pagada,Payée,Paga,Оплачен,
purchases.status.reversed,Reversed,معكوسة,रिवर्स,واپس شدہ,Revertida,Contrepassée,Estornada,Аннулирован,
purchases.perUnit,= {{amount}} per {{unit}},= {{amount}} لكل {{unit}},= {{amount}} प्रति {{unit}},= {{amount}} فی {{unit}},= {{amount}} por {{unit}},= {{amount}} par {{unit}},= {{amount}} por {{unit}},= {{amount}} за {{unit}},
purchases.perUnitAbout,≈ {{amount}} per {{unit}},≈ {{amount}} لكل {{unit}},≈ {{amount}} प्रति {{unit}},≈ {{amount}} فی {{unit}},≈ {{amount}} por {{unit}},≈ {{amount}} par {{unit}},≈ {{amount}} por {{unit}},≈ {{amount}} за {{unit}},
purchases.withVat,The supplier charges {{tax}} ({{rate}}),المورد يحتسب {{tax}} ({{rate}}),सप्लायर {{tax}} ({{rate}}) लेता है,سپلائر {{tax}} ({{rate}}) لیتا ہے,El proveedor cobra {{tax}} ({{rate}}),Le fournisseur facture la {{tax}} ({{rate}}),O fornecedor cobra {{tax}} ({{rate}}),Поставщик начисляет {{tax}} ({{rate}}),
purchases.withVatHint,From their tax invoice. You can claim it back in your {{tax}} return.,من فاتورته الضريبية. يمكنك استردادها في إقرار {{tax}}.,उनके टैक्स इनवॉइस से। आप इसे अपने {{tax}} रिटर्न में वापस ले सकते हैं।,ان کی ٹیکس انوائس سے۔ آپ اسے اپنے {{tax}} ریٹرن میں واپس لے سکتے ہیں۔,De su factura fiscal. Puedes recuperarlo en tu declaración de {{tax}}.,Sur sa facture fiscale. Vous pouvez la récupérer dans votre déclaration de {{tax}}.,Da fatura fiscal do fornecedor. Você pode recuperar esse valor na sua declaração de {{tax}}.,По его налоговому счёту-фактуре. Эту сумму можно вернуть через декларацию по {{tax}}.,
purchases.numberLater,The purchase number is given when you save,يُعطى رقم الشراء عند الحفظ,खरीद नंबर सेव करने पर मिलता है,خریداری نمبر محفوظ کرنے پر ملتا ہے,El número de compra se asigna al guardar,Le numéro d’achat est attribué à l’enregistrement,O número da compra é gerado ao salvar,Номер закупки присвоится при сохранении,
purchases.qtyPacks,Qty (packs),الكمية (عبوات),मात्रा (पैक),مقدار (پیک),Cant. (paquetes),Qté (paquets),Qtd. (embalagens),Кол-во (упаковок),
purchases.packHolds,One pack holds ({{unit}}),تحتوي العبوة ({{unit}}),एक पैक में ({{unit}}),ایک پیک میں ({{unit}}),Un paquete contiene ({{unit}}),Un paquet contient ({{unit}}),Uma embalagem contém ({{unit}}),В одной упаковке ({{unit}}),
purchases.unitPrice,Unit price,سعر الوحدة,यूनिट मूल्य,فی یونٹ قیمت,Precio unitario,Prix unitaire,Preço unitário,Цена за единицу,
purchases.lineVat,{{tax}} {{rate}},{{tax}} {{rate}},{{tax}} {{rate}},{{tax}} {{rate}},{{tax}} {{rate}},{{tax}} {{rate}},{{tax}} {{rate}},{{tax}} {{rate}},
purchases.vatTooMuch,More than the line itself,أكثر من قيمة البند نفسه,लाइन की राशि से ज़्यादा,لائن کی رقم سے زیادہ,Es más que la propia línea,Plus que la ligne elle-même,Maior que a própria linha,Больше суммы самой строки,
purchases.intoStock,{{qty}} into stock,{{qty}} إلى المخزون,{{qty}} स्टॉक में,{{qty}} اسٹاک میں,{{qty}} al stock,{{qty}} entrent en stock,{{qty}} para o estoque,{{qty}} на склад,
purchases.lineTotal,Total,الإجمالي,कुल,کل,Total,Total,Total,Итого,
purchases.lineTotalVat,Total (incl. {{tax}}),الإجمالي (شامل {{tax}}),कुल ({{tax}} सहित),کل ({{tax}} سمیت),Total (con {{tax}}),Total ({{tax}} incluse),Total (com {{tax}}),Итого (с {{tax}}),
purchases.payment.title,Payment,الدفع,भुगतान,ادائیگی,Pago,Paiement,Pagamento,Оплата,
purchases.payment.credit,Credit,آجل,उधार,ادھار,A crédito,À crédit,A prazo,В долг,
purchases.payment.creditHint,Pay later: the amount is added to what you owe this supplier.,الدفع لاحقاً: يُضاف المبلغ إلى ما تدين به لهذا المورد.,बाद में भुगतान: राशि इस सप्लायर की बकाया में जुड़ जाती है।,بعد میں ادائیگی: رقم اس سپلائر کے واجبات میں شامل ہو جاتی ہے۔,Pagar después: el monto se suma a lo que le debes a este proveedor.,Payer plus tard : le montant s’ajoute à ce que vous devez à ce fournisseur.,Pagar depois: o valor é somado ao que você deve a este fornecedor.,Оплата позже: сумма добавится к долгу перед этим поставщиком.,
purchases.payment.paidHint,Paid now: recorded as a payment to the supplier.,مدفوع الآن: يُسجَّل كدفعة للمورد.,अभी भुगतान: सप्लायर को भुगतान के रूप में दर्ज होता है।,ابھی ادائیگی: سپلائر کو ادائیگی کے طور پر درج ہوتی ہے۔,Pagado ahora: se registra como pago al proveedor.,Payé maintenant : enregistré comme paiement au fournisseur.,Pago agora: registrado como pagamento ao fornecedor.,Оплачено сразу: записывается как платёж поставщику.,
purchases.withVatCostHint,"Your salon isn’t registered for {{tax}}, so the {{tax}} is part of what the goods cost.",صالونك غير مسجل في {{tax}}، لذلك تُعد {{tax}} جزءًا من تكلفة البضاعة.,"आपका सैलून {{tax}} में पंजीकृत नहीं है, इसलिए {{tax}} सामान की लागत का हिस्सा है।",آپ کا سیلون {{tax}} میں رجسٹرڈ نہیں ہے، اس لیے {{tax}} سامان کی لاگت کا حصہ ہے۔,"Tu salón no está registrado para {{tax}}, así que el {{tax}} forma parte del costo de la mercancía.",Votre salon n’est pas assujetti à la {{tax}} : la {{tax}} fait donc partie du coût des marchandises.,"Seu salão não é contribuinte de {{tax}}, então o {{tax}} faz parte do custo das mercadorias.","Ваш салон не зарегистрирован как плательщик {{tax}}, поэтому {{tax}} входит в стоимость товаров.",
purchases.photo,Photo of the supplier’s invoice,صورة فاتورة المورد,सप्लायर के बिल की फ़ोटो,سپلائر کے بل کی تصویر,Foto de la factura del proveedor,Photo de la facture du fournisseur,Foto da fatura do fornecedor,Фото счёта поставщика,
purchases.summary,Purchase summary,ملخص الشراء,खरीद सारांश,خریداری کا خلاصہ,Resumen de la compra,Récapitulatif de l’achat,Resumo da compra,Итоги закупки,
purchases.subtotal,Subtotal,المجموع الفرعي,उप-योग,ذیلی کل,Subtotal,Sous-total,Subtotal,Подытог,
purchases.vatTotal,{{tax}} {{rate}},{{tax}} {{rate}},{{tax}} {{rate}},{{tax}} {{rate}},{{tax}} {{rate}},{{tax}} {{rate}},{{tax}} {{rate}},{{tax}} {{rate}},
purchases.grandTotal,Grand total,الإجمالي الكلي,कुल योग,مجموعی کل,Total general,Total général,Total geral,Всего,
purchases.balance,Supplier balance,رصيد المورد,सप्लायर बकाया,سپلائر بقایا,Saldo del proveedor,Solde fournisseur,Saldo do fornecedor,Баланс поставщика,
purchases.afterSave,"When you save: stock goes up, the supplier’s balance is updated, the purchase cost and the {{tax}} are recorded, and the invoice photo is kept with the bill.",عند الحفظ: يزيد المخزون، ويُحدَّث رصيد المورد، وتُسجَّل تكلفة الشراء و{{tax}}، وتُحفظ صورة الفاتورة مع الفاتورة.,"सेव करने पर: स्टॉक बढ़ता है, सप्लायर का बकाया अपडेट होता है, खरीद की लागत और {{tax}} दर्ज होते हैं, और बिल की फ़ोटो बिल के साथ रखी जाती है।",محفوظ کرنے پر: اسٹاک بڑھتا ہے، سپلائر کا بقایا اپ ڈیٹ ہوتا ہے، خریداری کی لاگت اور {{tax}} درج ہوتے ہیں، اور بل کی تصویر بل کے ساتھ رکھی جاتی ہے۔,"Al guardar: sube el stock, se actualiza el saldo del proveedor, se registran el costo de la compra y el {{tax}}, y la foto de la factura queda guardada con ella.","À l’enregistrement : le stock augmente, le solde du fournisseur est mis à jour, le coût d’achat et la {{tax}} sont comptabilisés, et la photo de la facture est conservée avec la facture.","Ao salvar: o estoque aumenta, o saldo do fornecedor é atualizado, o custo da compra e o {{tax}} são registrados e a foto da fatura fica guardada com a conta.","При сохранении: остатки на складе увеличатся, баланс поставщика обновится, стоимость закупки и {{tax}} будут учтены, а фото счёта сохранится вместе с ним.",
purchases.packsOf,{{n}} × {{pack}},{{n}} × {{pack}},{{n}} × {{pack}},{{n}} × {{pack}},{{n}} × {{pack}},{{n}} × {{pack}},{{n}} × {{pack}},{{n}} × {{pack}},
purchases.each,{{amount}} each,{{amount}} للواحدة,{{amount}} प्रति,{{amount}} فی,{{amount}} c/u,{{amount}} l’unité,{{amount}} cada,по {{amount}},
purchases.print,Print / PDF,طباعة / PDF,प्रिंट / PDF,پرنٹ / PDF,Imprimir / PDF,Imprimer / PDF,Imprimir / PDF,Печать / PDF,
purchases.entryTitle,Purchase entry,قيد شراء,खरीद प्रविष्टि,خریداری اندراج,Registro de compra,Bon d’achat,Lançamento de compra,Приход товара,
purchases.number,Purchase no.,رقم الشراء,खरीद नंबर,خریداری نمبر,N.º de compra,N° d’achat,Compra nº,№ закупки,
purchases.invoiceNo,Invoice no.,رقم الفاتورة,बिल नंबर,بل نمبر,N.º de factura,N° de facture,Fatura nº,№ счёта,
purchases.product,Product,المنتج,उत्पाद,پروڈکٹ,Producto,Produit,Produto,Товар,
closing.title,Cash closing,إغلاق الصندوق,कैश क्लोज़िंग,کیش کلوزنگ,Cierre de caja,Clôture de caisse,Fechamento de caixa,Закрытие кассы,
closing.expectedOn,Expected cash · {{date}},النقد المتوقع · {{date}},अपेक्षित नकद · {{date}},متوقع نقد · {{date}},Efectivo esperado · {{date}},Espèces attendues · {{date}},Dinheiro esperado · {{date}},Ожидаемые наличные · {{date}},
closing.opening,Brought forward,رصيد مُرحّل,पिछला शेष,پچھلا بقایا,Saldo anterior,Report,Saldo anterior,Остаток с прошлого дня,
closing.expected,Expected cash,النقد المتوقع,अपेक्षित नकद,متوقع نقد,Efectivo esperado,Espèces attendues,Dinheiro esperado,Ожидаемые наличные,
closing.noCashMoves,No cash in or out yet.,لا يوجد نقد داخل أو خارج بعد.,अभी तक कोई नकद आया या गया नहीं।,ابھی تک کوئی نقد آیا یا گیا نہیں۔,Aún no ha entrado ni salido efectivo.,Aucune entrée ni sortie d’espèces pour l’instant.,Nenhuma entrada ou saída de dinheiro ainda.,Наличные ещё не поступали и не выдавались.,
closing.count,Count the drawer,عُدّ الدرج,दराज़ गिनें,دراز گنیں,Contar la caja,Compter le tiroir,Contar a gaveta,Пересчёт кассы,
closing.counted,Actual cash counted,النقد المعدود فعليًا,असल गिना गया नकद,اصل گنا گیا نقد,Efectivo contado real,Espèces réellement comptées,Dinheiro contado,Фактически пересчитано,
closing.countNotes,Count notes & coins,عُدّ الأوراق والعملات,नोट और सिक्के गिनें,نوٹ اور سکے گنیں,Contar billetes y monedas,Compter billets et pièces,Contar cédulas e moedas,Пересчитать купюры и монеты,
closing.denominations,Notes & coins,الأوراق والعملات,नोट और सिक्के,نوٹ اور سکے,Billetes y monedas,Billets et pièces,Cédulas e moedas,Купюры и монеты,
closing.note,{{currency}} {{value}} notes,أوراق {{value}} {{currency}},{{currency}} {{value}} के नोट,{{currency}} {{value}} کے نوٹ,Billetes de {{currency}} {{value}},Billets de {{value}} {{currency}},Cédulas de {{currency}} {{value}},Купюры {{currency}} {{value}},
closing.coin,{{currency}} {{value}} coins,عملات {{value}} {{currency}},{{currency}} {{value}} के सिक्के,{{currency}} {{value}} کے سکے,Monedas de {{currency}} {{value}},Pièces de {{value}} {{currency}},Moedas de {{currency}} {{value}},Монеты {{currency}} {{value}},
closing.denominationTotal,Total {{amount}},الإجمالي {{amount}},कुल {{amount}},کل {{amount}},Total {{amount}},Total {{amount}},Total {{amount}},Итого {{amount}},
closing.useCount,Use this count,استخدم هذا العدّ,यह गिनती लें,یہ گنتی لیں,Usar este conteo,Utiliser ce comptage,Usar esta contagem,Использовать этот пересчёт,
closing.variance.short,Short by {{amount}},ناقص {{amount}},{{amount}} कम,{{amount}} کم,Faltan {{amount}},Manquant : {{amount}},Faltam {{amount}},Недостача {{amount}},
closing.variance.over,Over by {{amount}},زائد {{amount}},{{amount}} ज़्यादा,{{amount}} زیادہ,Sobran {{amount}},Excédent : {{amount}},Sobram {{amount}},Излишек {{amount}},
closing.variance.balanced,Balanced,مطابق,बराबर,برابر,Cuadra,Équilibré,Confere,Сходится,
closing.reason,Reason for the difference,سبب الفرق,अंतर का कारण,فرق کی وجہ,Motivo de la diferencia,Motif de l’écart,Motivo da diferença,Причина расхождения,
closing.reasonHint,Needed when the count does not match.,مطلوب عندما لا يطابق العدّ.,गिनती मेल न खाए तो ज़रूरी।,گنتی نہ ملے تو ضروری ہے۔,Obligatorio cuando el conteo no coincide.,Obligatoire si le comptage ne correspond pas.,Obrigatório quando a contagem não confere.,"Нужна, если пересчёт не совпадает.",
closing.reasonWas,Reason: {{reason}},السبب: {{reason}},कारण: {{reason}},وجہ: {{reason}},Motivo: {{reason}},Motif : {{reason}},Motivo: {{reason}},Причина: {{reason}},
closing.countedBy,Counted by,عدّه,किसने गिना,کس نے گنا,Contado por,Compté par,Contado por,Пересчитал(а),
closing.countedByName,Counted by {{name}},عدّه {{name}},{{name}} ने गिना,{{name}} نے گنا,Contado por {{name}},Compté par {{name}},Contado por {{name}},Пересчитал(а): {{name}},
closing.takenOut,Cash taken out after close,نقد مسحوب بعد الإغلاق,क्लोज़ के बाद निकाला गया नकद,کلوز کے بعد نکالا گیا نقد,Efectivo retirado después del cierre,Espèces retirées après la clôture,Dinheiro retirado após o fechamento,Изъято наличных после закрытия,
closing.takenOutHint,Optional. Tomorrow opens with counted cash minus this.,اختياري. يبدأ الغد بالنقد المعدود ناقص هذا المبلغ.,वैकल्पिक। कल की शुरुआत गिने गए नकद में से यह घटाकर होगी।,اختیاری۔ کل کا آغاز گنے گئے نقد میں سے یہ رقم نکال کر ہوگا۔,Opcional. Mañana se abre con el efectivo contado menos esto.,Facultatif. Demain commence avec les espèces comptées moins ce montant.,Opcional. Amanhã abre com o dinheiro contado menos este valor.,Необязательно. Завтрашний день начнётся с пересчитанной суммы минус эта.,
closing.takenTooMuch,You cannot take out more than was counted ({{amount}}).,لا يمكن سحب أكثر مما عُدّ ({{amount}}).,गिने गए नकद ({{amount}}) से ज़्यादा नहीं निकाल सकते।,گنے گئے نقد ({{amount}}) سے زیادہ نہیں نکال سکتے۔,No puedes retirar más de lo contado ({{amount}}).,Vous ne pouvez pas retirer plus que le montant compté ({{amount}}).,Você não pode retirar mais do que foi contado ({{amount}}).,"Нельзя изъять больше, чем пересчитано ({{amount}}).",
closing.takenTo.bank,To the bank,إلى البنك,बैंक में,بینک میں,Al banco,Vers la banque,Para o banco,В банк,
closing.takenTo.owner,To the owner,إلى المالك,मालिक को,مالک کو,Al dueño,Au propriétaire,Para o proprietário,Владельцу,
closing.takenOutTo.bank,Taken out to the bank,مسحوب إلى البنك,बैंक में जमा के लिए निकाला,بینک کے لیے نکالا,Retirado al banco,Retiré pour la banque,Retirado para o banco,Сдано в банк,
closing.takenOutTo.owner,Taken out by the owner,سحبه المالك,मालिक ने निकाला,مالک نے نکالا,Retirado por el dueño,Retiré par le propriétaire,Retirado pelo proprietário,Забрал владелец,
closing.confirm,I confirm the count was done with the drawer closed to sales,أؤكد أن العدّ تم والدرج مغلق أمام المبيعات,मैं पुष्टि करता/करती हूँ कि गिनती बिक्री के लिए दराज़ बंद करके की गई,میں تصدیق کرتا/کرتی ہوں کہ گنتی فروخت کے لیے دراز بند کر کے کی گئی,Confirmo que el conteo se hizo con la caja cerrada a las ventas,Je confirme que le comptage a été fait avec le tiroir fermé aux ventes,Confirmo que a contagem foi feita com a gaveta fechada para vendas,"Подтверждаю, что пересчёт проводился, когда касса была закрыта для продаж",
closing.saveDraft,Save draft,حفظ كمسودة,ड्राफ़्ट सहेजें,ڈرافٹ محفوظ کریں,Guardar borrador,Enregistrer le brouillon,Salvar rascunho,Сохранить черновик,
closing.submit,Submit for approval,إرسال للموافقة,मंज़ूरी के लिए भेजें,منظوری کے لیے بھیجیں,Enviar para aprobación,Envoyer pour approbation,Enviar para aprovação,Отправить на одобрение,
closing.approve,Approve closing,اعتماد الإغلاق,क्लोज़िंग मंज़ूर करें,کلوزنگ منظور کریں,Aprobar cierre,Approuver la clôture,Aprovar fechamento,Одобрить закрытие,
closing.done.draft,Draft saved,تم حفظ المسودة,ड्राफ़्ट सहेजा गया,ڈرافٹ محفوظ ہو گیا,Borrador guardado,Brouillon enregistré,Rascunho salvo,Черновик сохранён,
closing.done.submit,Sent to the owner for approval,أُرسل إلى المالك للموافقة,मंज़ूरी के लिए मालिक को भेजा गया,منظوری کے لیے مالک کو بھیج دیا گیا,Enviado al dueño para su aprobación,Envoyé au propriétaire pour approbation,Enviado ao proprietário para aprovação,Отправлено владельцу на одобрение,
closing.done.approve,Day closed and locked,أُغلق اليوم وقُفل,दिन बंद और लॉक हो गया,دن بند اور لاک ہو گیا,Día cerrado y bloqueado,Journée clôturée et verrouillée,Dia fechado e bloqueado,День закрыт и заблокирован,
closing.done.sentBack,Sent back for a recount,أُعيد لإعادة العدّ,दोबारा गिनती के लिए वापस भेजा,دوبارہ گنتی کے لیے واپس بھیجا,Devuelto para volver a contar,Renvoyé pour un nouveau comptage,Devolvido para recontagem,Возвращено на пересчёт,
closing.locked,Locked. No more cash can be recorded for this day.,مقفل. لا يمكن تسجيل نقد آخر لهذا اليوم.,लॉक है। इस दिन के लिए और नकद दर्ज नहीं हो सकता।,لاک ہے۔ اس دن کے لیے مزید نقد درج نہیں ہو سکتا۔,Bloqueado. Ya no se puede registrar efectivo en este día.,Verrouillé. Plus aucune opération en espèces ne peut être enregistrée pour cette journée.,Bloqueado. Não é possível registrar mais dinheiro neste dia.,Заблокировано. Наличные за этот день больше нельзя записывать.,
closing.waiting,Waiting for the owner. Cash is closed for this day.,بانتظار المالك. النقد مغلق لهذا اليوم.,मालिक का इंतज़ार। इस दिन का नकद बंद है।,مالک کا انتظار۔ اس دن کا نقد بند ہے۔,Esperando al dueño. La caja de este día está cerrada.,En attente du propriétaire. La caisse est clôturée pour cette journée.,Aguardando o proprietário. O caixa deste dia está fechado.,Ждёт владельца. Касса за этот день закрыта.,
closing.sendBack,Send back,إعادة,वापस भेजें,واپس بھیجیں,Devolver,Renvoyer,Devolver,Вернуть,
closing.sendBackHint,The cashier counts again. The day opens for cash until it is submitted again.,يعيد الكاشير العدّ. يُفتح اليوم للنقد حتى يُرسل مجددًا.,कैशियर फिर से गिनेगा। दोबारा भेजे जाने तक दिन नकद के लिए खुला रहेगा।,کیشیئر دوبارہ گنے گا۔ دوبارہ بھیجے جانے تک دن نقد کے لیے کھلا رہے گا۔,El cajero vuelve a contar. El día queda abierto para efectivo hasta que se envíe de nuevo.,Le caissier recompte. La journée est rouverte aux espèces jusqu’au nouvel envoi.,O caixa conta de novo. O dia volta a aceitar dinheiro até ser enviado de novo.,Кассир пересчитает снова. До повторной отправки день открыт для наличных.,
closing.sendBackReason,What should be checked?,ما الذي يجب التحقق منه؟,क्या जाँचना है?,کیا چیک کرنا ہے؟,¿Qué hay que revisar?,Que faut-il vérifier ?,O que deve ser conferido?,Что нужно проверить?,
closing.sentBack,Sent back,مُعاد,वापस भेजा गया,واپس بھیجا گیا,Devuelto,Renvoyé,Devolvido,Возвращено,
closing.sentBackBecause,The owner sent this count back: {{reason}},أعاد المالك هذا العدّ: {{reason}},मालिक ने यह गिनती वापस भेजी: {{reason}},مالک نے یہ گنتی واپس بھیجی: {{reason}},El dueño devolvió este conteo: {{reason}},Le propriétaire a renvoyé ce comptage : {{reason}},O proprietário devolveu esta contagem: {{reason}},Владелец вернул этот пересчёт: {{reason}},
closing.notCounted,Not counted yet.,لم يُعدّ بعد.,अभी गिना नहीं गया।,ابھی گنا نہیں گیا۔,Aún no se ha contado.,Pas encore compté.,Ainda não contado.,Ещё не пересчитано.,
closing.tips,Pay out tips,صرف البقشيش,टिप्स का भुगतान,ٹپس کی ادائیگی,Pagar propinas,Verser les pourboires,Pagar gorjetas,Выплата чаевых,
closing.noTips,No tips owed.,لا يوجد بقشيش مستحق.,कोई टिप बकाया नहीं।,کوئی ٹپ واجب نہیں۔,No hay propinas pendientes.,Aucun pourboire dû.,Nenhuma gorjeta a pagar.,Невыплаченных чаевых нет.,
closing.tipsOwed,Owed {{amount}},مستحق {{amount}},बकाया {{amount}},واجب {{amount}},Pendiente {{amount}},Dû : {{amount}},A pagar {{amount}},К выплате {{amount}},
closing.payTips,Pay tips,صرف البقشيش,टिप दें,ٹپ دیں,Pagar propinas,Verser les pourboires,Pagar gorjetas,Выплатить чаевые,
closing.payTipsHint,{{name}} is owed {{amount}}. Paid in cash from the drawer.,{{name}} مستحق له {{amount}}. يُدفع نقدًا من الدرج.,{{name}} का {{amount}} बकाया है। दराज़ से नकद दिया जाएगा।,{{name}} کا {{amount}} واجب ہے۔ دراز سے نقد دیا جائے گا۔,Se le deben {{amount}} a {{name}}. Se paga en efectivo de la caja.,{{name}} doit recevoir {{amount}}. Versé en espèces depuis le tiroir.,{{name}} tem {{amount}} a receber. Pago em dinheiro da gaveta.,К выплате ({{name}}): {{amount}}. Выдаётся наличными из кассы.,
closing.tipsAmount,Amount,المبلغ,राशि,رقم,Monto,Montant,Valor,Сумма,
closing.payTipsAmount,Pay {{amount}},ادفع {{amount}},{{amount}} दें,{{amount}} دیں,Pagar {{amount}},Verser {{amount}},Pagar {{amount}},Выплатить {{amount}},
closing.tipsPaid,Paid {{amount}} tips to {{name}},صُرف بقشيش {{amount}} إلى {{name}},{{name}} को {{amount}} टिप दी गई,{{name}} کو {{amount}} ٹپ دی گئی,Pagaste {{amount}} de propinas a {{name}},{{amount}} de pourboires versés à {{name}},{{amount}} em gorjetas pagos a {{name}},Чаевые {{amount}} выплачены: {{name}},
closing.history,Close history,سجل الإغلاق,क्लोज़िंग इतिहास,کلوزنگ کی تاریخ,Historial de cierres,Historique des clôtures,Histórico de fechamentos,История закрытий,
closing.noHistory,No days to show yet.,لا توجد أيام لعرضها بعد.,अभी दिखाने को कोई दिन नहीं।,ابھی دکھانے کو کوئی دن نہیں۔,Aún no hay días para mostrar.,Aucune journée à afficher pour l’instant.,Nenhum dia para mostrar ainda.,Дней пока нет.,
closing.historyExpected,Expected {{amount}},المتوقع {{amount}},अपेक्षित {{amount}},متوقع {{amount}},Esperado {{amount}},Attendu {{amount}},Esperado {{amount}},Ожидалось {{amount}},
closing.historyCounted,Counted {{amount}},المعدود {{amount}},गिना {{amount}},گنا {{amount}},Contado {{amount}},Compté {{amount}},Contado {{amount}},Пересчитано {{amount}},
closing.status.open,Not closed,غير مغلق,बंद नहीं,بند نہیں,Sin cerrar,Non clôturée,Não fechado,Не закрыт,
closing.status.draft,Draft,مسودة,ड्राफ़्ट,ڈرافٹ,Borrador,Brouillon,Rascunho,Черновик,
closing.status.pending_approval,Pending approval,بانتظار الموافقة,मंज़ूरी बाकी,منظوری باقی,Pendiente de aprobación,À approuver,Aguardando aprovação,Ждёт одобрения,
closing.status.approved,Approved,معتمد,मंज़ूर,منظور,Aprobado,Approuvée,Aprovado,Одобрено,
inventory.title,Inventory & tools,المخزون والأدوات,स्टॉक और औज़ार,اسٹاک اور اوزار,Inventario y herramientas,Stock et outils,Estoque e ferramentas,Склад и инструменты,
inventory.subtitle,"Levels, value and every movement",الكميات والقيمة وكل حركة,"मात्रा, मूल्य और हर बदलाव",مقدار، مالیت اور ہر تبدیلی,"Niveles, valor y cada movimiento","Niveaux, valeur et tous les mouvements","Níveis, valor e cada movimentação","Остатки, стоимость и все движения",
inventory.add,Add item,إضافة صنف,आइटम जोड़ें,آئٹم شامل کریں,Agregar artículo,Ajouter un article,Adicionar item,Добавить позицию,
inventory.filters.all,All,الكل,सभी,سب,Todos,Tous,Todos,Все,
inventory.filters.low,Low stock,مخزون منخفض,कम स्टॉक,کم اسٹاک,Poco stock,Stock bas,Estoque baixo,Мало,
inventory.filters.consumable,Consumables,مستهلكات,खपत का सामान,استعمال کا سامان,Consumibles,Consommables,Consumíveis,Расходники,
inventory.filters.retail,Retail,للبيع,बिक्री का सामान,فروخت کا سامان,Venta,Revente,Revenda,На продажу,
inventory.filters.tool,Tools,أدوات,औज़ार,اوزار,Herramientas,Outils,Ferramentas,Инструменты,
inventory.kinds.consumable,Consumable,مستهلك,खपत,استعمال,Consumible,Consommable,Consumível,Расходный материал,
inventory.kinds.retail,Retail product,منتج للبيع,बिक्री उत्पाद,فروخت کی چیز,Producto de venta,Produit de revente,Produto de revenda,Товар на продажу,
inventory.kinds.tool,Tool,أداة,औज़ार,اوزار,Herramienta,Outil,Ferramenta,Инструмент,
inventory.units.pcs,Pieces,قطع,पीस,پیس,Unidades,Pièces,Unidades,Штуки,
inventory.units.ml,Millilitres,ملليلتر,मिलीलीटर,ملی لیٹر,Mililitros,Millilitres,Mililitros,Миллилитры,
inventory.units.g,Grams,غرام,ग्राम,گرام,Gramos,Grammes,Gramas,Граммы,
inventory.units.pairs,Pairs,أزواج,जोड़े,جوڑے,Pares,Paires,Pares,Пары,
inventory.value,Stock value,قيمة المخزون,स्टॉक मूल्य,اسٹاک کی مالیت,Valor del stock,Valeur du stock,Valor do estoque,Стоимость запасов,
inventory.lowCount,Low stock,مخزون منخفض,कम स्टॉक,کم اسٹاک,Poco stock,Stock bas,Estoque baixo,Мало на складе,
inventory.activeItems,Active items,أصناف نشطة,सक्रिय आइटम,فعال آئٹم,Artículos activos,Articles actifs,Itens ativos,Активные позиции,
inventory.movements,Movements,الحركات,बदलाव,تبدیلیاں,Movimientos,Mouvements,Movimentações,Движения,
inventory.movementsSub,Last 30 days,آخر 30 يومًا,पिछले 30 दिन,پچھلے 30 دن,Últimos 30 días,30 derniers jours,Últimos 30 dias,Последние 30 дней,
inventory.count,Stock count,جرد المخزون,स्टॉक गिनती,اسٹاک گنتی,Conteo de stock,Comptage du stock,Contagem de estoque,Инвентаризация,
inventory.order,Order,طلب,ऑर्डर,آرڈر,Pedir,Commander,Pedir,Заказать,
inventory.search,Search items,ابحث في الأصناف,आइटम खोजें,آئٹم تلاش کریں,Buscar artículos,Rechercher un article,Pesquisar itens,Поиск позиций,
inventory.empty,No items here yet.,لا توجد أصناف هنا بعد.,यहाँ अभी कोई आइटम नहीं।,یہاں ابھی کوئی آئٹم نہیں۔,Aún no hay artículos aquí.,Aucun article ici pour l’instant.,Nenhum item aqui ainda.,Здесь пока нет позиций.,
inventory.noLow,Nothing is low. Well stocked!,لا شيء منخفض. المخزون جيد!,कुछ भी कम नहीं है।,کچھ بھی کم نہیں۔,No hay nada con poco stock. ¡Todo bien abastecido!,Rien en stock bas. Tout est bien approvisionné.,Nada com estoque baixo. Tudo abastecido.,"Всего достаточно, склад в порядке.",
inventory.assignedTo,With {{name}},مع {{name}},{{name}} के पास,{{name}} کے پاس,Lo tiene {{name}},Attribué à {{name}},Com {{name}},Закреплено: {{name}},
inventory.serviceOn,Service {{date}},صيانة {{date}},सर्विस {{date}},سروس {{date}},Mantenimiento {{date}},Entretien le {{date}},Manutenção {{date}},Обслуживание {{date}},
inventory.conditions.good,Good,جيدة,ठीक,ٹھیک,Buen estado,Bon état,Bom,Исправен,
inventory.conditions.needs_service,Needs service,تحتاج صيانة,सर्विस चाहिए,سروس چاہیے,Necesita mantenimiento,À entretenir,Precisa de manutenção,Нужно обслуживание,
inventory.onHand,On hand,المتوفر,मौजूद,موجود,En existencia,En stock,Em estoque,В наличии,
inventory.avgCost,Average cost,متوسط التكلفة,औसत लागत,اوسط لاگت,Costo promedio,Coût moyen,Custo médio,Средняя себестоимость,
inventory.reorderLevel,Reorder at,إعادة الطلب عند,दोबारा ऑर्डर पर,دوبارہ آرڈر پر,Pedir al llegar a,Recommander à,Repor em,Заказать при,
inventory.sellPrice,Selling price,سعر البيع,बिक्री मूल्य,فروخت کی قیمت,Precio de venta,Prix de vente,Preço de venda,Цена продажи,
inventory.location,Kept at,مكانه,कहाँ रखा है,کہاں رکھا ہے,Ubicación,Emplacement,Guardado em,Место хранения,
inventory.condition,Condition,الحالة,हालत,حالت,Estado,État,Estado,Состояние,
inventory.nextService,Next service date,موعد الصيانة التالية,अगली सर्विस की तारीख,اگلی سروس کی تاریخ,Próximo mantenimiento,Prochain entretien,Próxima manutenção,Дата следующего обслуживания,
inventory.assigned,Assigned to,مخصصة لـ,किसे दिया,کس کو دیا,Asignado a,Attribué à,Atribuído a,Закреплено за,
inventory.adjust,Adjust stock,تعديل المخزون,स्टॉक बदलें,اسٹاک بدلیں,Ajustar stock,Ajuster le stock,Ajustar estoque,Скорректировать остаток,
inventory.adjustHint,On hand now: {{qty}}. Every change needs a reason.,المتوفر الآن: {{qty}}. كل تغيير يحتاج سببًا.,अभी मौजूद: {{qty}}। हर बदलाव का कारण चाहिए।,ابھی موجود: {{qty}}۔ ہر تبدیلی کی وجہ چاہیے۔,En existencia ahora: {{qty}}. Cada cambio necesita un motivo.,En stock actuellement : {{qty}}. Chaque modification nécessite un motif.,Em estoque agora: {{qty}}. Toda alteração precisa de um motivo.,Сейчас в наличии: {{qty}}. Для каждого изменения нужна причина.,
inventory.adjustOut,Take out,إخراج,घटाएँ,کم کریں,Sacar,Retirer,Retirar,Списать,
inventory.adjustIn,Add in,إضافة,जोड़ें,شامل کریں,Agregar,Ajouter,Adicionar,Добавить,
inventory.adjustQty,Quantity ({{unit}}),الكمية ({{unit}}),मात्रा ({{unit}}),مقدار ({{unit}}),Cantidad ({{unit}}),Quantité ({{unit}}),Quantidade ({{unit}}),Количество ({{unit}}),
inventory.adjustTooMuch,Only {{qty}} on hand.,المتوفر {{qty}} فقط.,सिर्फ़ {{qty}} मौजूद है।,صرف {{qty}} موجود ہے۔,Solo hay {{qty}} en existencia.,Seulement {{qty}} en stock.,Só há {{qty}} em estoque.,В наличии только {{qty}}.,
inventory.adjustReason,"Reason (broken, expired, found…)",السبب (مكسور، منتهي، وُجد…),"कारण (टूटा, एक्सपायर, मिला…)",وجہ (ٹوٹا، ایکسپائر، ملا…),"Motivo (roto, caducado, encontrado…)","Motif (cassé, périmé, retrouvé…)","Motivo (quebrado, vencido, encontrado…)","Причина (сломано, просрочено, найдено…)",
inventory.adjustSave,Save adjustment,حفظ التعديل,बदलाव सहेजें,تبدیلی محفوظ کریں,Guardar ajuste,Enregistrer l’ajustement,Salvar ajuste,Сохранить корректировку,
inventory.adjusted,Stock adjusted,تم تعديل المخزون,स्टॉक बदला गया,اسٹاک بدل گیا,Stock ajustado,Stock ajusté,Estoque ajustado,Остаток скорректирован,
inventory.history,Movements,الحركات,बदलाव,تبدیلیاں,Movimientos,Mouvements,Movimentações,Движения,
inventory.noMovements,No movements yet.,لا توجد حركات بعد.,अभी कोई बदलाव नहीं।,ابھی کوئی تبدیلی نہیں۔,Aún no hay movimientos.,Aucun mouvement pour l’instant.,Nenhuma movimentação ainda.,Движений пока нет.,
inventory.reasons.purchase,Received,استلام,आया,آیا,Recibido,Reçu,Recebido,Поступление,
inventory.reasons.service_use,Used in a service,استُخدم في خدمة,सर्विस में लगा,سروس میں لگا,Usado en un servicio,Utilisé pour un service,Usado em serviço,Израсходовано на услугу,
inventory.reasons.retail_sale,Sold,مباع,बेचा,فروخت,Vendido,Vendu,Vendido,Продано,
inventory.reasons.adjustment,Adjusted,تعديل,बदला,تبدیل,Ajustado,Ajusté,Ajustado,Корректировка,
inventory.reasons.count,Stock count,جرد,गिनती,گنتی,Conteo de stock,Comptage du stock,Contagem de estoque,Инвентаризация,
inventory.reasons.reversal,Returned,مُرجع,वापस,واپس,Devuelto,Retourné,Devolvido,Возвращено,
inventory.reasons.opening,Opening stock,مخزون افتتاحي,शुरुआती स्टॉक,ابتدائی اسٹاک,Stock inicial,Stock initial,Estoque inicial,Начальный остаток,
inventory.newTitle,New item,صنف جديد,नया आइटम,نیا آئٹم,Nuevo artículo,Nouvel article,Novo item,Новая позиция,
inventory.editTitle,Edit item,تعديل صنف,आइटम बदलें,آئٹم بدلیں,Editar artículo,Modifier l’article,Editar item,Редактировать позицию,
inventory.saved,Item saved,تم حفظ الصنف,आइटम सहेजा गया,آئٹم محفوظ ہو گیا,Artículo guardado,Article enregistré,Item salvo,Позиция сохранена,
inventory.fields.name,Item name,اسم الصنف,आइटम का नाम,آئٹم کا نام,Nombre del artículo,Nom de l’article,Nome do item,Название позиции,
inventory.fields.kind,Type,النوع,प्रकार,قسم,Tipo,Type,Tipo,Тип,
inventory.fields.unit,Counted in,يُعدّ بـ,किसमें गिनें,کس میں گنیں,Se cuenta en,Compté en,Contado em,Единица учёта,
inventory.fields.reorder,Reorder level,حد إعادة الطلب,दोबारा ऑर्डर स्तर,دوبارہ آرڈر کی حد,Nivel de reposición,Seuil de réapprovisionnement,Nível de reposição,Минимальный остаток,
inventory.fields.reorderHint,At or below this it shows as low stock.,عند هذا الحد أو أقل يظهر كمخزون منخفض.,इतना या कम होने पर कम स्टॉक दिखेगा।,اتنا یا کم ہونے پر کم اسٹاک دکھے گا۔,"Al llegar a este nivel o menos, aparece como poco stock.","À ce niveau ou en dessous, il apparaît en stock bas.","Igual ou abaixo disso, aparece como estoque baixo.",При таком остатке и ниже позиция помечается как заканчивающаяся.,
inventory.fields.price,Selling price,سعر البيع,बिक्री मूल्य,فروخت کی قیمت,Precio de venta,Prix de vente,Preço de venda,Цена продажи,
inventory.fields.location,Kept at,مكانه,कहाँ रखा है,کہاں رکھا ہے,Ubicación,Emplacement,Guardado em,Место хранения,
inventory.fields.locationHint,"Store room, colour station…",المخزن، ركن الصبغة…,"स्टोर रूम, कलर स्टेशन…",اسٹور روم، کلر اسٹیشن…,"Almacén, puesto de color…","Réserve, poste coloration…","Depósito, estação de coloração…","Склад, место колориста…",
inventory.fields.assignedHint,"Chair 2, the team…",الكرسي 2، الفريق…,"कुर्सी 2, टीम…",کرسی 2، ٹیم…,"Sillón 2, el equipo…","Fauteuil 2, l’équipe…","Cadeira 2, a equipe…","Кресло 2, вся команда…",
inventory.fields.dateFormat,"Use year-month-day, like 2026-10-31.",استخدم سنة-شهر-يوم، مثل 2026-10-31.,"साल-महीना-दिन लिखें, जैसे 2026-10-31।",سال-مہینہ-دن لکھیں، جیسے 2026-10-31۔,"Usa año-mes-día, como 2026-10-31.","Utilisez année-mois-jour, comme 2026-10-31.","Use ano-mês-dia, como 2026-10-31.","Формат год-месяц-день, например 2026-10-31.",
inventory.fields.active,In use,قيد الاستخدام,उपयोग में,استعمال میں,En uso,En usage,Em uso,Используется,
inventory.fields.activeHint,Items no longer used are hidden but keep their history.,الأصناف غير المستخدمة تُخفى وتحتفظ بسجلها.,"बंद आइटम छिप जाते हैं, इतिहास रहता है।",بند آئٹم چھپ جاتے ہیں، تاریخ رہتی ہے۔,"Los artículos que ya no se usan se ocultan, pero conservan su historial.",Les articles qui ne sont plus utilisés sont masqués mais gardent leur historique.,"Itens que não são mais usados ficam ocultos, mas mantêm o histórico.","Неиспользуемые позиции скрываются, но их история сохраняется.",
inventory.fields.montaji,Montaji registration no.,رقم التسجيل في منتجي,Montaji पंजीकरण नंबर,Montaji رجسٹریشن نمبر,N.º de registro Montaji,N° d’enregistrement Montaji,Nº de registro Montaji,Регистрационный № Montaji,
inventory.fields.montajiHint,For cosmetic products (compliance).,لمنتجات التجميل (الامتثال).,कॉस्मेटिक उत्पादों के लिए (अनुपालन)।,کاسمیٹک مصنوعات کے لیے (تعمیل)۔,Para productos cosméticos (cumplimiento).,Pour les produits cosmétiques (conformité).,Para produtos cosméticos (conformidade).,Для косметических средств (требования регулятора).,
inventory.fields.packSize,Pack size ({{unit}}),حجم العبوة ({{unit}}),पैक का आकार ({{unit}}),پیک کا سائز ({{unit}}),Tamaño del paquete ({{unit}}),Contenance du paquet ({{unit}}),Tamanho da embalagem ({{unit}}),Объём упаковки ({{unit}}),
inventory.fields.packSizeHint,"How much one pack or bottle holds as the supplier sells it: a 1 L bottle is 1000 ml, a box of 10 is 10. Purchases start from this.",كم تحتوي العبوة أو الزجاجة كما يبيعها المورد: زجاجة 1 لتر = 1000 مل، وعلبة من 10 = 10. تبدأ المشتريات من هذه القيمة.,"सप्लायर जिस तरह बेचता है, एक पैक या बोतल में कितना होता है: 1 लीटर की बोतल = 1000 ml, 10 का डिब्बा = 10। खरीद इसी से शुरू होती है।",سپلائر جس طرح بیچتا ہے، ایک پیک یا بوتل میں کتنا ہوتا ہے: 1 لیٹر کی بوتل = 1000 ml، 10 کا ڈبہ = 10۔ خریداری اسی سے شروع ہوتی ہے۔,"Cuánto contiene un paquete o botella tal como lo vende el proveedor: una botella de 1 L son 1000 ml, una caja de 10 son 10. Las compras parten de este dato.","Ce que contient un paquet ou un flacon tel que le fournisseur le vend : un flacon de 1 L fait 1000 ml, une boîte de 10 fait 10. Les achats partent de cette valeur.","Quanto cabe em uma embalagem ou frasco como o fornecedor vende: um frasco de 1 L tem 1000 ml, uma caixa com 10 tem 10. As compras partem deste valor.","Сколько содержится в одной упаковке или флаконе, как их продаёт поставщик: флакон 1 л — это 1000 мл, коробка из 10 штук — 10. Закупки начинаются с этого значения.",
inventory.countHint,Type what is on the shelf. Leave blank to skip.,اكتب ما على الرف. اتركه فارغًا للتخطي.,शेल्फ़ पर जो है वह लिखें। छोड़ने के लिए खाली रखें।,شیلف پر جو ہے وہ لکھیں۔ چھوڑنے کے لیے خالی رکھیں۔,Escribe lo que hay en el estante. Déjalo vacío para omitirlo.,Saisissez ce qui est en rayon. Laissez vide pour passer.,Digite o que está na prateleira. Deixe em branco para pular.,"Введите, сколько есть на полке. Оставьте пустым, чтобы пропустить.",
inventory.system,Books say {{qty}},في السجل {{qty}},रिकॉर्ड में {{qty}},ریکارڈ میں {{qty}},Los libros dicen {{qty}},Selon les comptes : {{qty}},Nos livros: {{qty}},По учёту: {{qty}},
inventory.countedFor,Counted {{name}},المعدود من {{name}},{{name}} की गिनती,{{name}} کی گنتی,Contado: {{name}},Compté : {{name}},Contado: {{name}},Пересчитано: {{name}},
inventory.countNote,Note (optional),ملاحظة (اختياري),नोट (वैकल्पिक),نوٹ (اختیاری),Nota (opcional),Note (facultatif),Observação (opcional),Примечание (необязательно),
inventory.countSave,Save count ({{n}}),حفظ الجرد ({{n}}),गिनती सहेजें ({{n}}),گنتی محفوظ کریں ({{n}}),Guardar conteo ({{n}}),Enregistrer le comptage ({{n}}),Salvar contagem ({{n}}),Сохранить пересчёт ({{n}}),
inventory.counted,"Count saved: {{n}} changed, {{value}}",حُفظ الجرد: {{n}} تغيّر، {{value}},"गिनती सहेजी: {{n}} बदले, {{value}}",گنتی محفوظ: {{n}} بدلے، {{value}},"Conteo guardado: {{n}} cambios, {{value}}","Comptage enregistré : {{n}} modifiés, {{value}}","Contagem salva: {{n}} alterados, {{value}}","Пересчёт сохранён: изменено {{n}}, {{value}}",
inventory.opening.title,Opening stock,المخزون الافتتاحي,शुरुआती स्टॉक,ابتدائی اسٹاک,Stock inicial,Stock initial,Estoque inicial,Начальные остатки,
inventory.opening.hint,"What is on the shelves now, and what each one cost",ما على الرفوف الآن وتكلفة كل صنف,अभी शेल्फ़ पर क्या है और हर एक की लागत,ابھی شیلف پر کیا ہے اور ہر ایک کی لاگت,Lo que hay ahora en los estantes y cuánto costó cada cosa,Ce qui est en rayon maintenant et le coût de chaque article,O que está nas prateleiras agora e quanto custou cada item,Что сейчас на полках и сколько стоила каждая позиция,
inventory.opening.qty,Quantity ({{unit}}),الكمية ({{unit}}),मात्रा ({{unit}}),مقدار ({{unit}}),Cantidad ({{unit}}),Quantité ({{unit}}),Quantidade ({{unit}}),Количество ({{unit}}),
inventory.opening.cost,Cost each,تكلفة الواحدة,प्रति नग लागत,فی عدد لاگت,Costo unitario,Coût unitaire,Custo unitário,Цена за единицу,
inventory.opening.save,Save opening stock · {{value}},حفظ المخزون الافتتاحي · {{value}},शुरुआती स्टॉक सहेजें · {{value}},ابتدائی اسٹاک محفوظ کریں · {{value}},Guardar stock inicial · {{value}},Enregistrer le stock initial · {{value}},Salvar estoque inicial · {{value}},Сохранить начальные остатки · {{value}},
inventory.opening.saved,Opening stock saved for {{n}} item(s),حُفظ المخزون الافتتاحي لـ {{n}} صنف,{{n}} आइटम का शुरुआती स्टॉक सहेजा गया,{{n}} آئٹم کا ابتدائی اسٹاک محفوظ ہو گیا,Stock inicial guardado para {{n}} artículo(s),Stock initial enregistré pour {{n}} article(s),Estoque inicial salvo para {{n}} item(ns),"Начальные остатки сохранены, позиций: {{n}}",
receipts.photo,Receipt photo,صورة الإيصال,रसीद की फ़ोटो,رسید کی تصویر,Foto del recibo,Photo du reçu,Foto do recibo,Фото чека,
receipts.takePhoto,Take photo,التقاط صورة,फ़ोटो लें,تصویر لیں,Tomar foto,Prendre une photo,Tirar foto,Сфотографировать,
receipts.choosePhoto,Choose photo,اختيار صورة,फ़ोटो चुनें,تصویر چنیں,Elegir foto,Choisir une photo,Escolher foto,Выбрать фото,
receipts.remove,Remove photo,إزالة الصورة,फ़ोटो हटाएँ,تصویر ہٹائیں,Quitar foto,Supprimer la photo,Remover foto,Удалить фото,
receipts.view,Open the receipt photo,فتح صورة الإيصال,रसीद की फ़ोटो खोलें,رسید کی تصویر کھولیں,Abrir la foto del recibo,Ouvrir la photo du reçu,Abrir a foto do recibo,Открыть фото чека,
receipts.none,No photo yet. Add one so the paper receipt can be thrown away.,لا توجد صورة بعد. أضف واحدة حتى يمكن التخلص من الإيصال الورقي.,अभी कोई फ़ोटो नहीं। फ़ोटो जोड़ें ताकि काग़ज़ी रसीद रखनी न पड़े।,ابھی کوئی تصویر نہیں۔ تصویر لگائیں تاکہ کاغذی رسید رکھنی نہ پڑے۔,Aún no hay foto. Agrega una para poder tirar el recibo en papel.,Pas encore de photo. Ajoutez-en une pour pouvoir jeter le reçu papier.,Ainda sem foto. Adicione uma para poder jogar fora o recibo em papel.,"Фото пока нет. Добавьте его, и бумажный чек можно будет выбросить.",
receipts.added,Receipt photo added,أُضيفت صورة الإيصال,रसीद की फ़ोटो जुड़ गई,رسید کی تصویر لگ گئی,Foto del recibo agregada,Photo du reçu ajoutée,Foto do recibo adicionada,Фото чека добавлено,
receipts.failedLater,Saved. The photo did not upload — add it from the details.,تم الحفظ. لم تُرفع الصورة — أضفها من التفاصيل.,सहेजा गया। फ़ोटो अपलोड नहीं हुई — विवरण से जोड़ें।,محفوظ ہو گیا۔ تصویر اپ لوڈ نہیں ہوئی — تفصیل سے لگائیں۔,Guardado. La foto no se subió; agrégala desde los detalles.,Enregistré. La photo n’a pas été envoyée — ajoutez-la depuis les détails.,Salvo. A foto não foi enviada — adicione-a nos detalhes.,"Сохранено, но фото не загрузилось. Добавьте его в подробностях.",
staff.title,Staff,الموظفون,स्टाफ़,عملہ,Personal,Équipe,Equipe,Сотрудники,
staff.subtitle,"Pay, shifts and app logins",الرواتب والمناوبات وحسابات الدخول,"वेतन, शिफ़्ट और ऐप लॉगिन",تنخواہ، شفٹیں اور ایپ لاگ اِن,"Pagos, turnos y accesos a la app","Paie, horaires et accès à l’app","Pagamento, turnos e logins do app","Зарплата, смены и вход в приложение",
staff.add,Add staff,إضافة موظف,स्टाफ़ जोड़ें,عملہ شامل کریں,Agregar personal,Ajouter un employé,Adicionar funcionário,Добавить сотрудника,
staff.empty,No staff yet.,لا يوجد موظفون بعد.,अभी कोई स्टाफ़ नहीं।,ابھی کوئی عملہ نہیں۔,Aún no hay personal.,Aucun employé pour l’instant.,Nenhum funcionário ainda.,Сотрудников пока нет.,
staff.people,People,الأشخاص,लोग,لوگ,Personas,Personnes,Pessoas,Люди,
staff.inToday,In now,موجود الآن,अभी मौजूद,ابھی موجود,Presentes,Présents,Presentes agora,Сейчас на месте,
staff.salaries,Base salaries / month,الرواتب الأساسية / شهر,मूल वेतन / माह,بنیادی تنخواہیں / ماہ,Sueldos base / mes,Salaires de base / mois,Salários-base / mês,Оклады в месяц,
staff.login,Login: {{username}},الدخول: {{username}},लॉगिन: {{username}},لاگ اِن: {{username}},Acceso: {{username}},Accès : {{username}},Login: {{username}},Логин: {{username}},
staff.noLogin,No login,بدون دخول,लॉगिन नहीं,لاگ اِن نہیں,Sin acceso,Pas d’accès,Sem login,Нет логина,
staff.inactive,Archived,مؤرشف,आर्काइव,آرکائیو,Archivado,Archivé,Arquivado,В архиве,
staff.wps,WPS,نظام حماية الأجور,WPS,WPS,WPS,WPS,WPS,WPS,
staff.wpsYes,Paid through WPS,يُدفع عبر نظام حماية الأجور,WPS से भुगतान,WPS کے ذریعے ادائیگی,Cobra por WPS,Payé via le WPS,Pago pelo WPS,Выплаты через WPS,
staff.wpsNo,Not on WPS,ليس ضمن نظام حماية الأجور,WPS पर नहीं,WPS پر نہیں,Sin WPS,Hors WPS,Fora do WPS,Без WPS,
staff.noRoster,No roster,بلا جدول,रोस्टर नहीं,روسٹر نہیں,Sin horario,Pas de planning,Sem escala,Нет графика,
staff.commissionShort,{{pct}} commission,عمولة {{pct}},{{pct}} कमीशन,{{pct}} کمیشن,{{pct}} de comisión,Commission {{pct}},{{pct}} de comissão,Комиссия {{pct}},
staff.roster,Weekly roster,الجدول الأسبوعي,साप्ताहिक रोस्टर,ہفتہ وار روسٹر,Horario semanal,Planning hebdomadaire,Escala semanal,График на неделю,
staff.editRoster,Edit,تعديل,बदलें,بدلیں,Editar,Modifier,Editar,Изменить,
staff.rosterHint,Bookings for this person follow these hours. Late = clocking in more than 10 minutes after the start.,الحجوزات لهذا الشخص تتبع هذه الساعات. التأخير = تسجيل الحضور بعد البداية بأكثر من 10 دقائق.,इस व्यक्ति की बुकिंग इन्हीं घंटों में होंगी। देर = शुरू होने के 10 मिनट बाद आना।,اس شخص کی بکنگ انہی گھنٹوں میں ہوں گی۔ دیر = شروع ہونے کے 10 منٹ بعد آنا۔,Las reservas de esta persona siguen este horario. Retraso = registrar la entrada más de 10 minutos después del inicio.,Les réservations pour cette personne suivent ces horaires. Retard = arrivée pointée plus de 10 minutes après le début.,Os agendamentos desta pessoa seguem estes horários. Atraso = registrar a entrada mais de 10 minutos depois do início.,Запись к этому сотруднику идёт по этим часам. Опоздание — отметка прихода более чем через 10 минут после начала.,
staff.noRosterHint,"No roster: can be booked any time the salon is open, and is never marked late.",بلا جدول: يمكن حجزه في أي وقت يفتح فيه الصالون ولا يُسجَّل متأخرًا.,"रोस्टर नहीं: सैलून खुले रहने पर कभी भी बुकिंग, देर कभी नहीं।",روسٹر نہیں: سیلون کھلا ہو تو کبھی بھی بکنگ، دیر کبھی نہیں۔,Sin horario: se puede reservar a cualquier hora en que el salón esté abierto y nunca se marca como retraso.,"Pas de planning : réservable à tout moment pendant les heures d’ouverture, et jamais marqué en retard.",Sem escala: pode ser agendado a qualquer hora em que o salão estiver aberto e nunca é marcado como atrasado.,"Без графика: записать можно в любое время работы салона, опоздания не отмечаются.",
staff.worksOn,Works on {{day}},يعمل يوم {{day}},{{day}} को काम,{{day}} کو کام,Trabaja el {{day}},Travaille le {{day}},Dia de trabalho: {{day}},Рабочий день: {{day}},
staff.from,From,من,से,سے,Desde,De,De,С,
staff.to,To,إلى,तक,تک,Hasta,À,Até,До,
staff.off,Off,إجازة,छुट्टी,چھٹی,Libre,Repos,Folga,Выходной,
staff.timeFormat,Use 24-hour times like 09:00 and 18:30.,استخدم نظام 24 ساعة مثل 09:00 و18:30.,"24 घंटे का समय लिखें, जैसे 09:00 और 18:30।",24 گھنٹے کا وقت لکھیں، جیسے 09:00 اور 18:30۔,"Usa el formato de 24 horas, como 09:00 y 18:30.","Utilisez le format 24 h, comme 09:00 et 18:30.","Use o formato 24 horas, como 09:00 e 18:30.","Время в 24-часовом формате, например 09:00 и 18:30.",
staff.saveRoster,Save roster,حفظ الجدول,रोस्टर सहेजें,روسٹر محفوظ کریں,Guardar horario,Enregistrer le planning,Salvar escala,Сохранить график,
staff.rosterSaved,Roster saved,تم حفظ الجدول,रोस्टर सहेजा गया,روسٹر محفوظ ہو گیا,Horario guardado,Planning enregistré,Escala salva,График сохранён,
staff.recentDays,Recent days,الأيام الأخيرة,हाल के दिन,حالیہ دن,Últimos días,Derniers jours,Dias recentes,Последние дни,
staff.noAttendance,No clock-ins yet.,لا يوجد تسجيل حضور بعد.,अभी कोई हाज़िरी नहीं।,ابھی کوئی حاضری نہیں۔,Aún no hay entradas registradas.,Aucun pointage pour l’instant.,Nenhum registro de ponto ainda.,Отметок прихода пока нет.,
staff.newTitle,Add staff,إضافة موظف,स्टाफ़ जोड़ें,عملہ شامل کریں,Agregar personal,Ajouter un employé,Adicionar funcionário,Добавить сотрудника,
staff.editTitle,Edit staff,تعديل موظف,स्टाफ़ बदलें,عملہ بدلیں,Editar personal,Modifier l’employé,Editar funcionário,Редактировать сотрудника,
staff.saved,Staff saved,تم حفظ الموظف,स्टाफ़ सहेजा गया,عملہ محفوظ ہو گیا,Personal guardado,Employé enregistré,Funcionário salvo,Сотрудник сохранён,
staff.roles.therapist,Therapist,معالجة,थेरेपिस्ट,تھیراپسٹ,Terapeuta,Thérapeute,Terapeuta,Мастер,
staff.roles.cashier,Cashier,كاشير,कैशियर,کیشیئر,Cajero,Caissier,Caixa,Кассир,
staff.roles.manager,Manager,مدير,मैनेजर,مینیجر,Gerente,Responsable,Gerente,Управляющий,
staff.fields.name,Full name,الاسم الكامل,पूरा नाम,پورا نام,Nombre completo,Nom complet,Nome completo,Полное имя,
staff.fields.title,Job,الوظيفة,काम,کام,Puesto,Poste,Cargo,Должность,
staff.fields.code,Employee ID,رقم الموظف,कर्मचारी ID,ملازم ID,N.º de empleado,Matricule,Matrícula,Табельный номер,
staff.fields.salary,Base salary per month,الراتب الأساسي شهريًا,मासिक मूल वेतन,ماہانہ بنیادی تنخواہ,Sueldo base mensual,Salaire de base mensuel,Salário-base mensal,Оклад в месяц,
staff.fields.salaryHint,Only you and the accountant see this.,لا يراه إلا أنت والمحاسب.,इसे सिर्फ़ आप और अकाउंटेंट देखते हैं।,اسے صرف آپ اور اکاؤنٹنٹ دیکھتے ہیں۔,Solo lo ven tú y el contador.,Seuls vous et le comptable le voyez.,Só você e o contador veem isto.,Это видите только вы и бухгалтер.,
staff.fields.commission,Commission %,العمولة %,कमीशन %,کمیشن %,% de comisión,Commission %,Comissão %,"Комиссия, %",
staff.fields.commissionHint,"On services, after discount and without {{tax}}. Never on tips: the whole tip goes to them.",على الخدمات، بعد الخصم ومن دون {{tax}}. لا عمولة على الإكراميات أبداً: الإكرامية كاملة له.,"सेवाओं पर, छूट के बाद और {{tax}} के बिना। टिप पर कभी नहीं: पूरी टिप उन्हीं की होती है।",سروسز پر، رعایت کے بعد اور {{tax}} کے بغیر۔ ٹپ پر کبھی نہیں: پوری ٹپ انہی کی ہوتی ہے۔,"Sobre servicios, después del descuento y sin {{tax}}. Nunca sobre propinas: la propina es toda para la persona.","Sur les services, après remise et hors {{tax}}. Jamais sur les pourboires : le pourboire revient entièrement à l’employé.","Sobre serviços, após o desconto e sem {{tax}}. Nunca sobre gorjetas: a gorjeta inteira fica com a pessoa.","С услуг, после скидки и без {{tax}}. С чаевых — никогда: все чаевые получает сотрудник.",
staff.fields.wpsHint,Salary goes through the bank; payroll asks for the transfer proof.,الراتب عبر البنك؛ الرواتب تطلب إثبات التحويل.,वेतन बैंक से; पेरोल ट्रांसफ़र का सबूत माँगेगा।,تنخواہ بینک سے؛ پے رول ٹرانسفر کا ثبوت مانگے گا۔,El sueldo se paga por el banco; la nómina pide el comprobante de la transferencia.,Le salaire passe par la banque ; la paie demande la preuve de virement.,O salário passa pelo banco; a folha de pagamento pede o comprovante da transferência.,Зарплата идёт через банк; при расчёте зарплаты нужно подтверждение перевода.,
staff.fields.phone,Phone,الهاتف,फ़ोन,فون,Teléfono,Téléphone,Telefone,Телефон,
staff.createLogin,Create login,إنشاء حساب دخول,लॉगिन बनाएँ,لاگ اِن بنائیں,Crear acceso,Créer un accès,Criar login,Создать логин,
staff.who.staff,Staff member,موظف,स्टाफ़ सदस्य,عملے کا رکن,Miembro del personal,Membre de l’équipe,Membro da equipe,Сотрудник,
staff.who.accountant,Accountant (login only),محاسب (حساب دخول فقط),अकाउंटेंट (केवल लॉगिन),اکاؤنٹنٹ (صرف لاگ اِن),Contador (solo acceso),Comptable (accès seulement),Contador (só login),Бухгалтер (только логин),
staff.accountantHint,"For an accountant who is not on your payroll: they can read money and reports, and cannot sell.",لمحاسب ليس ضمن رواتبك: يطّلع على الأموال والتقارير ولا يستطيع البيع.,"ऐसे अकाउंटेंट के लिए जो आपके पेरोल पर नहीं है: वे पैसे और रिपोर्ट देख सकते हैं, बिक्री नहीं कर सकते।",ایسے اکاؤنٹنٹ کے لیے جو آپ کے پے رول پر نہیں: وہ رقم اور رپورٹیں دیکھ سکتے ہیں، فروخت نہیں کر سکتے۔,"Para un contador que no está en tu nómina: puede consultar dinero e informes, pero no puede vender.","Pour un comptable qui n’est pas sur votre fiche de paie : il peut consulter les finances et les rapports, mais ne peut pas vendre.","Para um contador que não está na sua folha de pagamento: pode consultar finanças e relatórios, e não pode vender.","Для бухгалтера, которому вы не платите зарплату: он видит финансы и отчёты, но не может продавать.",
staff.canLogin,Can sign in to the app,يستطيع الدخول إلى التطبيق,ऐप में साइन इन कर सकते हैं,ایپ میں سائن اِن کر سکتے ہیں,Puede iniciar sesión en la app,Peut se connecter à l’app,Pode entrar no app,Может входить в приложение,
staff.canLoginHint,Leave it off for people who never use the app; they can still be on the roster and be paid.,اتركه مغلقاً لمن لا يستخدم التطبيق أبداً؛ يمكن مع ذلك أن يكون في جدول الدوام ويتقاضى راتبه.,"जो लोग ऐप इस्तेमाल नहीं करते, उनके लिए इसे बंद रखें; वे फिर भी रोस्टर पर रह सकते हैं और वेतन पा सकते हैं।",جو لوگ ایپ استعمال نہیں کرتے ان کے لیے اسے بند رکھیں؛ وہ پھر بھی روسٹر پر رہ سکتے ہیں اور تنخواہ لے سکتے ہیں۔,Déjalo desactivado para quien nunca usa la app; aun así puede tener horario y cobrar.,Laissez désactivé pour les personnes qui n’utilisent jamais l’app ; elles peuvent quand même figurer au planning et être payées.,Deixe desativado para quem nunca usa o app; a pessoa ainda pode estar na escala e receber pagamento.,"Не включайте для тех, кто не пользуется приложением: их всё равно можно ставить в график и выплачивать им зарплату.",
staff.appAccess,What they can do in the app,ما يستطيع فعله في التطبيق,वे ऐप में क्या कर सकते हैं,وہ ایپ میں کیا کر سکتے ہیں,Qué puede hacer en la app,Ce que la personne peut faire dans l’app,O que a pessoa pode fazer no app,Что доступно в приложении,
staff.loginTitle,App login,حساب الدخول,ऐप लॉगिन,ایپ لاگ اِن,Acceso a la app,Accès à l’app,Login do app,Вход в приложение,
staff.salonCode,salon code {{code}},رمز الصالون {{code}},सैलून कोड {{code}},سیلون کوڈ {{code}},código del salón {{code}},code salon {{code}},código do salão {{code}},код салона {{code}},
staff.noLoginBody,"No app login. They can still be on the roster, clock in at the counter and be paid.",لا يوجد حساب دخول. يمكن مع ذلك أن يكون في جدول الدوام، ويسجّل حضوره عند الكاونتر، ويتقاضى راتبه.,"कोई ऐप लॉगिन नहीं। फिर भी वे रोस्टर पर रह सकते हैं, काउंटर पर हाज़िरी लगा सकते हैं और वेतन पा सकते हैं।",کوئی ایپ لاگ اِن نہیں۔ پھر بھی وہ روسٹر پر رہ سکتے ہیں، کاؤنٹر پر حاضری لگا سکتے ہیں اور تنخواہ لے سکتے ہیں۔,"Sin acceso a la app. Aun así puede tener horario, registrar su entrada en el mostrador y cobrar.","Pas d’accès à l’app. La personne peut quand même figurer au planning, pointer à la caisse et être payée.","Sem login no app. A pessoa ainda pode estar na escala, registrar o ponto no balcão e receber pagamento.","Нет входа в приложение. Сотрудника всё равно можно ставить в график, отмечать его приход на кассе и выплачивать ему зарплату.",
staff.manageLogin,Password & sign-in,كلمة المرور والدخول,पासवर्ड और साइन-इन,پاس ورڈ اور سائن اِن,Contraseña e inicio de sesión,Mot de passe et connexion,Senha e acesso,Пароль и вход,
staff.loginOnly,Login only,حساب دخول فقط,केवल लॉगिन,صرف لاگ اِن,Solo acceso,Accès seulement,Só login,Только логин,
staff.savedWithLogin,"{{name}} saved, with login {{username}}",تم حفظ {{name}} مع حساب الدخول {{username}},"{{name}} सेव हुआ, लॉगिन {{username}} के साथ",{{name}} محفوظ ہو گیا، لاگ اِن {{username}} کے ساتھ,"{{name}} guardado, con el acceso {{username}}","{{name}} enregistré, avec l’accès {{username}}","{{name}} salvo, com login {{username}}","{{name}}: сохранено, логин {{username}}",
staff.savedLoginFailed,{{name}} is saved. Change the username and press Save again to add the login.,تم حفظ {{name}}. غيّر اسم المستخدم واضغط حفظ مرة أخرى لإضافة حساب الدخول.,{{name}} सेव हो गया है। यूज़रनेम बदलें और लॉगिन जोड़ने के लिए फिर से सेव दबाएँ।,{{name}} محفوظ ہو گیا ہے۔ یوزرنیم بدلیں اور لاگ اِن شامل کرنے کے لیے دوبارہ محفوظ دبائیں۔,{{name}} está guardado. Cambia el usuario y vuelve a pulsar Guardar para agregar el acceso.,{{name}} est enregistré. Changez le nom d’utilisateur et appuyez de nouveau sur Enregistrer pour ajouter l’accès.,{{name}} foi salvo. Altere o nome de usuário e toque em Salvar de novo para adicionar o login.,"{{name}}: сохранено. Измените логин и снова нажмите «Сохранить», чтобы добавить вход.",
staff.remove.button,Remove from staff,إزالة من الموظفين,स्टाफ़ से हटाएँ,عملے سے ہٹائیں,Quitar del personal,Retirer de l’équipe,Remover da equipe,Удалить из сотрудников,
staff.remove.title,Remove {{name}}?,إزالة {{name}}؟,{{name}} को हटाएँ?,{{name}} کو ہٹائیں؟,¿Quitar a {{name}}?,Retirer {{name}} ?,Remover {{name}}?,Удалить сотрудника {{name}}?,
staff.remove.body,"If they have no sales, attendance or pay on record, they are removed completely, with their login.",إذا لم تكن لديه مبيعات أو حضور أو رواتب مسجلة، يُزال بالكامل مع حساب دخوله.,"अगर उनकी कोई बिक्री, हाज़िरी या वेतन दर्ज नहीं है, तो वे अपने लॉगिन सहित पूरी तरह हटा दिए जाते हैं।",اگر ان کی کوئی فروخت، حاضری یا تنخواہ درج نہیں تو وہ اپنے لاگ اِن سمیت مکمل طور پر ہٹا دیے جاتے ہیں۔,"Si no tiene ventas, asistencia ni pagos registrados, se elimina por completo, junto con su acceso.","Si aucune vente, présence ni paie n’est enregistrée, la personne est supprimée complètement, avec son accès.","Se não houver vendas, frequência ou pagamentos registrados, a pessoa é removida por completo, junto com o login.","Если у сотрудника нет продаж, отметок посещаемости и выплат, он удаляется полностью вместе с логином.",
staff.remove.archiveNote,"If they have any, those records must be kept by law: they are archived instead — hidden from the lists, the queue and attendance, their login switched off. You can bring them back later.",وإن وُجدت، فالقانون يوجب الاحتفاظ بها: يُؤرشف بدلاً من ذلك — يُخفى من القوائم والطابور والحضور، ويُوقف حساب دخوله. يمكنك إعادته لاحقاً.,"अगर हैं, तो कानून के अनुसार वे रिकॉर्ड रखने होंगे: इसके बजाय उन्हें आर्काइव किया जाता है — सूचियों, कतार और हाज़िरी से छिपे, लॉगिन बंद। आप उन्हें बाद में वापस ला सकते हैं।",اگر ہے تو قانون کے مطابق وہ ریکارڈ رکھنا لازم ہے: اس کے بجائے انہیں آرکائیو کیا جاتا ہے — فہرستوں، قطار اور حاضری سے چھپے، لاگ اِن بند۔ آپ انہیں بعد میں واپس لا سکتے ہیں۔,"Si tiene alguno, la ley obliga a conservar esos registros: en ese caso se archiva, es decir, se oculta de las listas, la fila y la asistencia, y se desactiva su acceso. Puedes recuperarlo más adelante.","S’il en existe, la loi impose de conserver ces données : la personne est alors archivée — masquée des listes, de la file et des présences, et son accès est désactivé. Vous pourrez la réintégrer plus tard.","Se houver, esses registros precisam ser guardados por lei: a pessoa é arquivada — fica oculta das listas, da fila e da frequência, e o login é desativado. Você pode trazê-la de volta depois.","Если они есть, эти записи по закону нужно хранить, поэтому сотрудник переносится в архив: он скрыт из списков, очереди и посещаемости, а его логин отключается. Позже его можно вернуть.",
staff.remove.action,Remove,إزالة,हटाएँ,ہٹائیں,Quitar,Retirer,Remover,Удалить,
staff.remove.removed,{{name}} removed,تمت إزالة {{name}},{{name}} हटा दिए गए,{{name}} ہٹا دیے گئے,{{name}} eliminado,{{name}} retiré,{{name}} removido,Сотрудник удалён: {{name}},
staff.remove.archived,{{name}} archived (records kept),تمت أرشفة {{name}} (السجلات محفوظة),{{name}} आर्काइव किए गए (रिकॉर्ड सुरक्षित),{{name}} آرکائیو ہو گئے (ریکارڈ محفوظ),{{name}} archivado (registros conservados),{{name}} archivé (données conservées),{{name}} arquivado (registros mantidos),Перенесено в архив (записи сохранены): {{name}},
staff.remove.archivedBody,"Archived: not on the lists, the queue or attendance, and their login is off. Their records are kept.",مؤرشف: غير ظاهر في القوائم أو الطابور أو الحضور، وحساب دخوله موقوف. سجلاته محفوظة.,"आर्काइव: सूचियों, कतार या हाज़िरी में नहीं, और लॉगिन बंद है। उनके रिकॉर्ड सुरक्षित हैं।",آرکائیو: فہرستوں، قطار یا حاضری میں نہیں، اور لاگ اِن بند ہے۔ ان کا ریکارڈ محفوظ ہے۔,"Archivado: no aparece en las listas, la fila ni la asistencia, y su acceso está desactivado. Sus registros se conservan.","Archivé : absent des listes, de la file et des présences, et l’accès est désactivé. Les données sont conservées.","Arquivado: fora das listas, da fila e da frequência, e o login está desativado. Os registros são mantidos.","В архиве: не отображается в списках, очереди и посещаемости, логин отключён. Записи сохранены.",
staff.remove.restore,Bring back,إعادة,वापस लाएँ,واپس لائیں,Recuperar,Réintégrer,Trazer de volta,Вернуть,
staff.remove.restored,{{name}} is back on the staff,عاد {{name}} إلى الموظفين,{{name}} फिर से स्टाफ़ में हैं,{{name}} دوبارہ عملے میں ہیں,{{name}} vuelve a estar en el personal,{{name}} est de retour dans l’équipe,{{name}} voltou para a equipe,{{name}} снова в команде,
staff.archivedSection,Archived,المؤرشفون,आर्काइव,آرکائیو,Archivados,Archivés,Arquivados,Архив,
attendance.title,Attendance,الحضور,हाज़िरी,حاضری,Asistencia,Présences,Frequência,Посещаемость,
attendance.empty,No staff in this branch yet.,لا يوجد موظفون في هذا الفرع بعد.,इस शाखा में अभी स्टाफ़ नहीं।,اس برانچ میں ابھی عملہ نہیں۔,Aún no hay personal en esta sucursal.,Aucun employé dans cette succursale pour l’instant.,Nenhum funcionário nesta filial ainda.,В этом филиале пока нет сотрудников.,
attendance.shift,Shift {{from}}–{{to}},المناوبة {{from}}–{{to}},शिफ़्ट {{from}}–{{to}},شفٹ {{from}}–{{to}},Turno {{from}}–{{to}},Horaires {{from}}–{{to}},Turno {{from}}–{{to}},Смена {{from}}–{{to}},
attendance.noShift,No roster,بلا جدول,रोस्टर नहीं,روسٹر نہیں,Sin horario,Pas de planning,Sem escala,Нет графика,
attendance.inOut,In {{in}} · Out {{out}},حضور {{in}} · انصراف {{out}},आए {{in}} · गए {{out}},آئے {{in}} · گئے {{out}},Entrada {{in}} · Salida {{out}},Arrivée {{in}} · Départ {{out}},Entrada {{in}} · Saída {{out}},Приход {{in}} · Уход {{out}},
attendance.status.on_shift,In,حاضر,मौजूद,موجود,Presente,Présent,Presente,На месте,
attendance.status.done,Done,انتهى,पूरा,مکمل,Terminado,Terminé,Encerrado,Смена окончена,
attendance.status.not_in,Not in yet,لم يحضر بعد,अभी नहीं आए,ابھی نہیں آئے,Aún no llega,Pas encore arrivé,Ainda não chegou,Ещё нет,
attendance.status.off,Day off,يوم إجازة,छुट्टी,چھٹی,Día libre,Jour de repos,Folga,Выходной,
attendance.status.on_break,On break,في استراحة,ब्रेक पर,وقفے پر,En descanso,En pause,Em intervalo,На перерыве,
attendance.lateBy,Late {{n}} min,متأخر {{n}} د,{{n}} मिनट देर,{{n}} منٹ دیر,{{n}} min tarde,Retard {{n}} min,Atraso de {{n}} min,Опоздание {{n}} мин,
attendance.clockIn,Clock in,تسجيل حضور,हाज़िरी लगाएँ,حاضری لگائیں,Registrar entrada,Pointer l’arrivée,Registrar entrada,Отметить приход,
attendance.clockOut,Clock out,تسجيل انصراف,छुट्टी दर्ज करें,چھٹی درج کریں,Registrar salida,Pointer le départ,Registrar saída,Отметить уход,
attendance.time,Time,الوقت,समय,وقت,Hora,Heure,Horário,Время,
attendance.timeHint,"When it happened today, like 09:20.",متى حدث اليوم، مثل 09:20.,"आज कब हुआ, जैसे 09:20।",آج کب ہوا، جیسے 09:20۔,"Cuándo ocurrió hoy, como 09:20.","L’heure à laquelle c’est arrivé aujourd’hui, comme 09:20.","Quando aconteceu hoje, como 09:20.","Когда это было сегодня, например 09:20.",
attendance.clockedIn,{{name}} clocked in,سجّل {{name}} الحضور,{{name}} की हाज़िरी लगी,{{name}} کی حاضری لگ گئی,{{name}} registró su entrada,Arrivée de {{name}} pointée,Entrada de {{name}} registrada,{{name}}: приход отмечен,
attendance.clockedInLate,{{name}} clocked in — {{n}} min late,سجّل {{name}} الحضور — متأخر {{n}} د,{{name}} की हाज़िरी — {{n}} मिनट देर,{{name}} کی حاضری — {{n}} منٹ دیر,{{name}} registró su entrada — {{n}} min tarde,Arrivée de {{name}} pointée — {{n}} min de retard,Entrada de {{name}} registrada — {{n}} min de atraso,{{name}}: приход отмечен — опоздание {{n}} мин,
attendance.clockedOut,{{name}} clocked out,سجّل {{name}} الانصراف,{{name}} की छुट्टी दर्ज,{{name}} کی چھٹی درج,{{name}} registró su salida,Départ de {{name}} pointé,Saída de {{name}} registrada,{{name}}: уход отмечен,
attendance.myDay,My day,يومي,मेरा दिन,میرا دن,Mi día,Ma journée,Meu dia,Мой день,
attendance.clockedInMe,Clocked in,تم تسجيل الحضور,हाज़िरी लग गई,حاضری لگ گئی,Entrada registrada,Arrivée pointée,Entrada registrada,Приход отмечен,
attendance.clockedInMeLate,Clocked in — {{n}} min late,تم تسجيل الحضور — متأخر {{n}} د,हाज़िरी लगी — {{n}} मिनट देर,حاضری لگی — {{n}} منٹ دیر,Entrada registrada — {{n}} min tarde,Arrivée pointée — {{n}} min de retard,Entrada registrada — {{n}} min de atraso,Приход отмечен — опоздание {{n}} мин,
attendance.clockedOutMe,Clocked out. See you tomorrow!,تم تسجيل الانصراف. إلى الغد!,छुट्टी दर्ज। कल मिलते हैं!,چھٹی درج۔ کل ملتے ہیں!,Salida registrada. ¡Hasta mañana!,Départ pointé. À demain !,Saída registrada. Até amanhã!,Уход отмечен. До завтра!,
attendance.dayDone,Your day is done.,انتهى يومك.,आपका दिन पूरा हुआ।,آپ کا دن مکمل۔,Tu día terminó.,Votre journée est terminée.,Seu dia terminou.,Ваш рабочий день окончен.,
attendance.startBreak,Start break,بدء استراحة,ब्रेक शुरू करें,وقفہ شروع کریں,Empezar descanso,Commencer la pause,Iniciar intervalo,Начать перерыв,
attendance.endBreak,End break,إنهاء الاستراحة,ब्रेक खत्म करें,وقفہ ختم کریں,Terminar descanso,Terminer la pause,Encerrar intervalo,Закончить перерыв,
attendance.backToWork,Back to work,العودة إلى العمل,काम पर वापस,کام پر واپس,Volver al trabajo,Reprendre le travail,Voltar ao trabalho,Вернуться к работе,
attendance.backHint,"Clocked out by mistake, or back after a while? The day carries on; the time away counts as a break.",سجّلت الخروج بالخطأ، أو عدت بعد فترة؟ يستمر يومك، ويُحتسب وقت الغياب استراحة.,"गलती से क्लॉक आउट किया, या कुछ देर बाद लौटे? दिन जारी रहता है; बाहर का समय ब्रेक गिना जाता है।",غلطی سے کلاک آؤٹ کیا، یا کچھ دیر بعد واپس آئے؟ دن جاری رہتا ہے؛ باہر کا وقت وقفہ شمار ہوتا ہے۔,¿Registraste la salida por error o vuelves después de un rato? El día continúa; el tiempo fuera cuenta como descanso.,"Départ pointé par erreur, ou de retour après un moment ? La journée continue ; le temps d’absence compte comme une pause.",Registrou a saída por engano ou voltou depois de um tempo? O dia continua; o tempo fora conta como intervalo.,"Отметили уход по ошибке или вернулись через какое-то время? День продолжается, а время отсутствия считается перерывом.",
attendance.confirmOutTitle,Clock out for the day?,تسجيل الخروج لهذا اليوم؟,आज के लिए क्लॉक आउट करें?,آج کے لیے کلاک آؤٹ کریں؟,¿Registrar la salida del día?,Pointer le départ pour la journée ?,Registrar saída do dia?,Отметить уход на сегодня?,
attendance.confirmOutBody,This ends your day. Going out for a while? Take a break instead.,هذا ينهي يومك. ستخرج لبعض الوقت؟ خذ استراحة بدلاً من ذلك.,इससे आपका दिन खत्म हो जाएगा। थोड़ी देर के लिए बाहर जा रहे हैं? इसके बजाय ब्रेक लें।,اس سے آپ کا دن ختم ہو جائے گا۔ تھوڑی دیر کے لیے باہر جا رہے ہیں؟ اس کے بجائے وقفہ لیں۔,Esto termina tu día. ¿Sales un rato? Mejor toma un descanso.,Cela termine votre journée. Vous sortez un moment ? Prenez plutôt une pause.,Isso encerra seu dia. Vai sair só por um tempo? Faça um intervalo.,Это завершит ваш рабочий день. Уходите ненадолго? Лучше начните перерыв.,
attendance.takeBreak,Take a break instead,خذ استراحة بدلاً من ذلك,इसके बजाय ब्रेक लें,اس کے بجائے وقفہ لیں,Tomar un descanso,Prendre plutôt une pause,Fazer um intervalo,Начать перерыв,
attendance.onBreakSince,On break since {{time}},في استراحة منذ {{time}},{{time}} से ब्रेक पर,{{time}} سے وقفے پر,En descanso desde las {{time}},En pause depuis {{time}},Em intervalo desde {{time}},На перерыве с {{time}},
attendance.breaksTotal,Breaks {{n}} min,الاستراحات {{n}} دقيقة,ब्रेक {{n}} मिनट,وقفے {{n}} منٹ,Descansos {{n}} min,Pauses {{n}} min,Intervalos {{n}} min,Перерывы {{n}} мин,
attendance.breakStartedMe,Break started,بدأت الاستراحة,ब्रेक शुरू हुआ,وقفہ شروع ہوا,Descanso iniciado,Pause commencée,Intervalo iniciado,Перерыв начат,
attendance.breakEndedMe,Welcome back,أهلاً بعودتك,वापसी पर स्वागत है,واپسی پر خوش آمدید,Bienvenido de nuevo,Bon retour,Bem-vindo de volta,С возвращением,
attendance.backAtWorkMe,Back at work,عدت إلى العمل,काम पर वापस,کام پر واپس,De vuelta al trabajo,De retour au travail,De volta ao trabalho,Снова на работе,
attendance.recordFor,Attendance · {{name}},الحضور · {{name}},हाज़िरी · {{name}},حاضری · {{name}},Asistencia · {{name}},Présences · {{name}},Frequência · {{name}},Посещаемость · {{name}},
attendance.actions.in,Clock in,تسجيل الدخول,क्लॉक इन,کلاک اِن,Registrar entrada,Pointer l’arrivée,Registrar entrada,Отметить приход,
attendance.actions.out,Clock out,تسجيل الخروج,क्लॉक आउट,کلاک آؤٹ,Registrar salida,Pointer le départ,Registrar saída,Отметить уход,
attendance.actions.break_start,Start break,بدء استراحة,ब्रेक शुरू करें,وقفہ شروع کریں,Empezar descanso,Commencer la pause,Iniciar intervalo,Начать перерыв,
attendance.actions.break_end,End break,إنهاء الاستراحة,ब्रेक खत्म करें,وقفہ ختم کریں,Terminar descanso,Terminer la pause,Encerrar intervalo,Закончить перерыв,
attendance.actions.resume,Back to work,العودة إلى العمل,काम पर वापस,کام پر واپس,Volver al trabajo,Reprendre le travail,Voltar ao trabalho,Вернуться к работе,
attendance.recorded.break_start,{{name}} is on a break,{{name}} في استراحة,{{name}} ब्रेक पर हैं,{{name}} وقفے پر ہیں,{{name}} está en descanso,{{name}} est en pause,{{name}} está em intervalo,{{name}} на перерыве,
attendance.recorded.break_end,{{name}} is back from a break,عاد {{name}} من الاستراحة,{{name}} ब्रेक से लौटे,{{name}} وقفے سے واپس آ گئے,{{name}} volvió del descanso,{{name}} est de retour de pause,{{name}} voltou do intervalo,{{name}}: перерыв окончен,
attendance.recorded.resume,{{name}} is back at work,عاد {{name}} إلى العمل,{{name}} काम पर वापस हैं,{{name}} کام پر واپس ہیں,{{name}} volvió al trabajo,{{name}} a repris le travail,{{name}} voltou ao trabalho,{{name}} снова на работе,
payroll.title,Payroll,الرواتب,पेरोल,پے رول,Nómina,Paie,Folha de pagamento,Зарплата,
payroll.adjustments,Bonuses & advances,المكافآت والسلف,बोनस और एडवांस,بونس اور ایڈوانس,Bonos y adelantos,Primes et avances,Bônus e adiantamentos,Премии и авансы,
payroll.monthTotal,This month,هذا الشهر,यह महीना,یہ مہینہ,Este mes,Ce mois-ci,Este mês,Этот месяц,
payroll.status.generated,Waiting for approval,بانتظار الاعتماد,मंज़ूरी बाकी,منظوری باقی,Pendiente de aprobación,En attente d’approbation,Aguardando aprovação,Ждёт одобрения,
payroll.status.approved,Approved · to pay,معتمد · للدفع,मंज़ूर · भुगतान बाकी,منظور · ادائیگی باقی,Aprobada · por pagar,Approuvée · à payer,Aprovada · a pagar,Одобрено · к выплате,
payroll.status.paid,Paid,مدفوع,भुगतान हुआ,ادا ہو گیا,Pagada,Payée,Paga,Выплачено,
payroll.status.none,Not started,لم يبدأ,शुरू नहीं,شروع نہیں,Sin empezar,Pas commencée,Não iniciada,Не начато,
payroll.noneYet,Work out the month when the salaries are due.,احسب الشهر عند استحقاق الرواتب.,वेतन देने के समय महीना निकालें।,تنخواہ کے وقت مہینہ نکالیں۔,Calcula el mes cuando toque pagar los sueldos.,Calculez le mois quand les salaires sont dus.,Calcule o mês quando os salários estiverem para vencer.,"Рассчитайте месяц, когда подойдёт срок выплаты зарплаты.",
payroll.generate,Work out payroll,احسب الرواتب,पेरोल निकालें,پے رول نکالیں,Calcular nómina,Calculer la paie,Calcular folha,Рассчитать зарплату,
payroll.regenerate,Work it out again,أعد الحساب,फिर से निकालें,دوبارہ نکالیں,Volver a calcular,Recalculer,Calcular de novo,Пересчитать,
payroll.generated,Payroll worked out,تم حساب الرواتب,पेरोल निकाला गया,پے رول نکال لیا,Nómina calculada,Paie calculée,Folha calculada,Зарплата рассчитана,
payroll.approve,Approve payroll,اعتماد الرواتب,पेरोल मंज़ूर करें,پے رول منظور کریں,Aprobar nómina,Approuver la paie,Aprovar folha,Одобрить зарплату,
payroll.approved,Payroll approved and posted to the books,اعتُمدت الرواتب وسُجلت في الدفاتر,पेरोल मंज़ूर और खातों में दर्ज,پے رول منظور اور کھاتوں میں درج,Nómina aprobada y registrada en los libros,Paie approuvée et comptabilisée,Folha aprovada e lançada nos livros,Зарплата одобрена и проведена в учёте,
payroll.draftHint,Nothing is in the books until you approve. Add a bonus or deduction and work it out again if needed.,لا شيء في الدفاتر حتى الاعتماد. أضف مكافأة أو خصمًا وأعد الحساب عند الحاجة.,मंज़ूरी तक खातों में कुछ नहीं। ज़रूरत हो तो बोनस/कटौती जोड़कर फिर निकालें।,منظوری تک کھاتوں میں کچھ نہیں۔ ضرورت ہو تو بونس/کٹوتی شامل کر کے دوبارہ نکالیں۔,"Nada pasa a los libros hasta que apruebes. Si hace falta, agrega un bono o una deducción y vuelve a calcular.",Rien n’est comptabilisé tant que vous n’avez pas approuvé. Ajoutez une prime ou une retenue et recalculez si besoin.,"Nada entra nos livros até você aprovar. Adicione um bônus ou desconto e calcule de novo, se precisar.","Пока вы не одобрите, в учёт ничего не попадает. При необходимости добавьте премию или удержание и пересчитайте.",
payroll.noLines,Nobody to pay this month.,لا أحد للدفع هذا الشهر.,इस महीने किसी को भुगतान नहीं।,اس مہینے کسی کو ادائیگی نہیں۔,No hay nadie a quien pagar este mes.,Personne à payer ce mois-ci.,Ninguém a pagar neste mês.,В этом месяце выплачивать некому.,
payroll.base,Base salary,الراتب الأساسي,मूल वेतन,بنیادی تنخواہ,Sueldo base,Salaire de base,Salário-base,Оклад,
payroll.commission,Commission,العمولة,कमीशन,کمیشن,Comisión,Commission,Comissão,Комиссия,
payroll.bonus,Bonuses,المكافآت,बोनस,بونس,Bonos,Primes,Bônus,Премии,
payroll.deductions,Deductions,الخصومات,कटौतियाँ,کٹوتیاں,Deducciones,Retenues,Descontos,Удержания,
payroll.advances,Advances paid back,السلف المستردة,एडवांस वापसी,ایڈوانس واپسی,Adelantos devueltos,Avances remboursées,Adiantamentos descontados,Возврат авансов,
payroll.net,Net pay,صافي الراتب,कुल देय,خالص تنخواہ,Sueldo neto,Net à payer,Salário líquido,К выплате на руки,
payroll.slipMeta,Base {{base}} · Commission {{commission}},الأساسي {{base}} · العمولة {{commission}},मूल {{base}} · कमीशन {{commission}},بنیادی {{base}} · کمیشن {{commission}},Base {{base}} · Comisión {{commission}},Base {{base}} · Commission {{commission}},Base {{base}} · Comissão {{commission}},Оклад {{base}} · Комиссия {{commission}},
payroll.paid,Paid,مدفوع,भुगतान हुआ,ادا,Pagado,Payé,Pago,Выплачено,
payroll.unpaid,To pay,للدفع,भुगतान बाकी,ادائیگی باقی,Por pagar,À payer,A pagar,К выплате,
payroll.paidBy,Paid by {{method}},دُفع {{method}},{{method}} से भुगतान,{{method}} سے ادا,Pagado con {{method}},Paiement : {{method}},Pago com {{method}},Способ выплаты: {{method}},
payroll.nothingToPay,Nothing to pay,لا شيء للدفع,भुगतान कुछ नहीं,ادائیگی کچھ نہیں,Nada que pagar,Rien à payer,Nada a pagar,Нечего выплачивать,
payroll.payBy.cash,Pay {{amount}} in cash,ادفع {{amount}} نقدًا,{{amount}} नकद दें,{{amount}} نقد دیں,Pagar {{amount}} en efectivo,Payer {{amount}} en espèces,Pagar {{amount}} em dinheiro,Выплатить {{amount}} наличными,
payroll.payBy.bank,Pay {{amount}} by bank,ادفع {{amount}} عبر البنك,{{amount}} बैंक से दें,{{amount}} بینک سے دیں,Pagar {{amount}} por banco,Payer {{amount}} par virement,Pagar {{amount}} por transferência,Выплатить {{amount}} через банк,
payroll.paidToast,{{name}} paid,تم الدفع لـ {{name}},{{name}} को भुगतान हुआ,{{name}} کو ادائیگی ہو گئی,Pago a {{name}} registrado,{{name}} payé,{{name}} pago,{{name}}: выплачено,
payroll.wps.na,Not on WPS,ليس ضمن حماية الأجور,WPS नहीं,WPS نہیں,Sin WPS,Hors WPS,Fora do WPS,Без WPS,
payroll.wps.required,WPS proof needed,مطلوب إثبات حماية الأجور,WPS सबूत चाहिए,WPS ثبوت چاہیے,Falta comprobante WPS,Preuve WPS requise,Comprovante WPS pendente,Нужно подтверждение WPS,
payroll.wps.proven,WPS proven,حماية الأجور مثبتة,WPS साबित,WPS ثابت,WPS comprobado,WPS justifié,WPS comprovado,WPS подтверждён,
payroll.wpsHint,Add the bank transfer screenshot or PDF for this salary.,أضف لقطة أو ملف تحويل البنك لهذا الراتب.,इस वेतन के बैंक ट्रांसफ़र का स्क्रीनशॉट जोड़ें।,اس تنخواہ کے بینک ٹرانسفر کا اسکرین شاٹ لگائیں۔,Agrega la captura o el PDF de la transferencia bancaria de este sueldo.,Ajoutez la capture d’écran ou le PDF du virement bancaire de ce salaire.,Adicione a captura de tela ou o PDF da transferência bancária deste salário.,Добавьте скриншот или PDF банковского перевода по этой зарплате.,
payroll.wpsAdded,WPS proof added,أُضيف إثبات حماية الأجور,WPS सबूत जुड़ गया,WPS ثبوت لگ گیا,Comprobante WPS agregado,Preuve WPS ajoutée,Comprovante WPS adicionado,Подтверждение WPS добавлено,
payroll.kinds.bonus,Bonus,مكافأة,बोनस,بونس,Bono,Prime,Bônus,Премия,
payroll.kinds.deduction,Deduction,خصم,कटौती,کٹوتی,Deducción,Retenue,Desconto,Удержание,
payroll.kinds.advance,Advance,سلفة,एडवांस,ایڈوانس,Adelanto,Avance,Adiantamento,Аванс,
payroll.noAdjustments,"No bonuses, deductions or advances this month.",لا مكافآت أو خصومات أو سلف هذا الشهر.,"इस महीने कोई बोनस, कटौती या एडवांस नहीं।",اس مہینے کوئی بونس، کٹوتی یا ایڈوانس نہیں۔,"No hay bonos, deducciones ni adelantos este mes.","Aucune prime, retenue ou avance ce mois-ci.","Nenhum bônus, desconto ou adiantamento neste mês.","В этом месяце нет премий, удержаний и авансов.",
payroll.newAdjustment,"Bonus, deduction or advance",مكافأة أو خصم أو سلفة,"बोनस, कटौती या एडवांस",بونس، کٹوتی یا ایڈوانس,"Bono, deducción o adelanto","Prime, retenue ou avance","Bônus, desconto ou adiantamento","Премия, удержание или аванс",
payroll.amount,Amount,المبلغ,राशि,رقم,Monto,Montant,Valor,Сумма,
payroll.advanceHint,Paid out now (cash leaves the drawer) and taken back from the next salary.,تُدفع الآن (النقد يخرج من الدرج) وتُسترد من الراتب التالي.,अभी दिया जाएगा (नकद दराज़ से) और अगले वेतन से कटेगा।,ابھی دیا جائے گا (نقد دراز سے) اور اگلی تنخواہ سے کٹے گا۔,Se paga ahora (el efectivo sale de la caja) y se descuenta del próximo sueldo.,Versée maintenant (les espèces sortent du tiroir) et reprise sur le prochain salaire.,Pago agora (o dinheiro sai da gaveta) e descontado do próximo salário.,Выдаётся сейчас (наличными из кассы) и удерживается из следующей зарплаты.,
payroll.adjustmentSaved,Saved,تم الحفظ,सहेजा गया,محفوظ ہو گیا,Guardado,Enregistré,Salvo,Сохранено,
payroll.reverse,Reverse,عكس,पलटें,واپس کریں,Revertir,Contrepasser,Estornar,Аннулировать,
payroll.adjustmentReversed,Reversed,تم العكس,पलटा गया,واپس ہو گیا,Revertido,Contrepassé,Estornado,Аннулировано,
payroll.reversedBecause,Reversed: {{reason}},معكوس: {{reason}},पलटा: {{reason}},واپس: {{reason}},Revertido: {{reason}},Contrepassé : {{reason}},Estornado: {{reason}},Аннулировано: {{reason}},
myPay.title,My pay,راتبي,मेरा वेतन,میری تنخواہ,Mi pago,Ma paie,Meus ganhos,Мой доход,
myPay.subtitle,"Commission, advances and payslips",العمولة والسلف وقسائم الراتب,"कमीशन, एडवांस और पे-स्लिप",کمیشن، ایڈوانس اور پے سلپ,"Comisiones, adelantos y recibos de sueldo","Commission, avances et fiches de paie","Comissão, adiantamentos e holerites","Комиссия, авансы и расчётные листы",
myPay.commission,Commission this month,عمولة هذا الشهر,इस महीने का कमीशन,اس مہینے کا کمیشن,Comisión de este mes,Commission du mois,Comissão deste mês,Комиссия за этот месяц,
myPay.advances,Advances this month,سلف هذا الشهر,इस महीने के एडवांस,اس مہینے کے ایڈوانس,Adelantos de este mes,Avances du mois,Adiantamentos deste mês,Авансы за этот месяц,
myPay.thisMonth,This month,هذا الشهر,यह महीना,یہ مہینہ,Este mes,Ce mois-ci,Este mês,Этот месяц,
myPay.payslips,Payslips,قسائم الراتب,पे-स्लिप,پے سلپ,Recibos de sueldo,Fiches de paie,Holerites,Расчётные листы,
myPay.noPayslips,Your payslips appear here once the owner approves a month.,تظهر قسائمك هنا بعد أن يعتمد المالك الشهر.,मालिक के महीना मंज़ूर करने पर पे-स्लिप यहाँ दिखेंगी।,مالک کے مہینہ منظور کرنے پر پے سلپ یہاں دکھیں گی۔,Tus recibos de sueldo aparecen aquí cuando el dueño aprueba un mes.,Vos fiches de paie apparaîtront ici dès que le propriétaire aura approuvé un mois.,Seus holerites aparecem aqui assim que o proprietário aprovar um mês.,"Расчётные листы появятся здесь, когда владелец одобрит месяц.",
compliance.title,Compliance,الامتثال,अनुपालन,تعمیل,Cumplimiento,Conformité,Conformidade,Документы и проверки,
compliance.subtitle,"Licences, staff papers, hygiene and inspections",التراخيص وأوراق الموظفين والنظافة والتفتيش,"लाइसेंस, स्टाफ़ के काग़ज़, स्वच्छता और निरीक्षण",لائسنس، عملے کے کاغذات، صفائی اور معائنہ,"Licencias, documentos del personal, higiene e inspecciones","Licences, papiers du personnel, hygiène et inspections","Licenças, documentos da equipe, higiene e inspeções","Лицензии, документы сотрудников, гигиена и проверки",
compliance.tabs.register,Expiry register,سجل الصلاحية,समाप्ति रजिस्टर,میعاد رجسٹر,Registro de vencimientos,Registre des échéances,Vencimentos,Реестр сроков,
compliance.tabs.binder,Inspection binder,ملف التفتيش,निरीक्षण फ़ाइल,معائنہ فائل,Carpeta de inspección,Dossier d’inspection,Pasta de inspeção,Папка для проверок,
compliance.tabs.hygiene,Hygiene log,سجل النظافة,स्वच्छता लॉग,صفائی لاگ,Registro de higiene,Registre d’hygiène,Registro de higiene,Журнал гигиены,
compliance.tabs.wps,WPS & Montaji,حماية الأجور ومنتجي,WPS और Montaji,WPS اور Montaji,WPS y Montaji,WPS et Montaji,WPS e Montaji,WPS и Montaji,
compliance.types.trade_licence,Trade licence,الرخصة التجارية,ट्रेड लाइसेंस,ٹریڈ لائسنس,Licencia comercial,Licence commerciale,Licença comercial,Торговая лицензия,
compliance.types.ejari,Ejari / tenancy contract,إيجاري / عقد الإيجار,एजारी / किरायानामा,اجاری / کرایہ نامہ,Ejari / contrato de arrendamiento,Ejari / contrat de location,Ejari / contrato de locação,Ejari / договор аренды,
compliance.types.pest_control,Pest control certificate,شهادة مكافحة الآفات,पेस्ट कंट्रोल प्रमाणपत्र,پیسٹ کنٹرول سرٹیفکیٹ,Certificado de control de plagas,Certificat de lutte antiparasitaire,Certificado de controle de pragas,Сертификат дезинсекции,
compliance.types.civil_defence,Civil defence certificate,شهادة الدفاع المدني,सिविल डिफ़ेंस प्रमाणपत्र,سول ڈیفنس سرٹیفکیٹ,Certificado de defensa civil,Certificat de la défense civile,Certificado da defesa civil,Сертификат гражданской обороны,
compliance.types.health_card,Occupational health card,بطاقة الصحة المهنية,व्यावसायिक हेल्थ कार्ड,پیشہ ورانہ ہیلتھ کارڈ,Tarjeta de salud ocupacional,Carte de santé professionnelle,Carteira de saúde ocupacional,Медицинская книжка,
compliance.types.visa,Visa / residence permit,التأشيرة / الإقامة,वीज़ा / रेज़िडेंस परमिट,ویزا / رہائشی اجازت نامہ,Visa / permiso de residencia,Visa / titre de séjour,Visto / autorização de residência,Виза / вид на жительство,
compliance.types.vaccination,Vaccination record,سجل التطعيم,टीकाकरण रिकॉर्ड,ویکسینیشن ریکارڈ,Registro de vacunación,Carnet de vaccination,Registro de vacinação,Сертификат о прививках,
compliance.types.business_licence,Business licence,الرخصة التجارية,बिज़नेस लाइसेंस,کاروباری لائسنس,Licencia de funcionamiento,Licence d’exploitation,Alvará de funcionamento,Лицензия на деятельность,
compliance.types.lease,Lease / rental agreement,عقد الإيجار,लीज़ / किराया अनुबंध,لیز / کرایہ نامہ,Contrato de alquiler / arrendamiento,Bail / contrat de location,Contrato de aluguel,Договор аренды,
compliance.status.valid,Valid,ساري,मान्य,درست,Vigente,Valide,Válido,Действует,
compliance.status.due_soon,Due soon,يستحق قريبًا,जल्द देय,جلد واجب,Vence pronto,Échéance proche,Vence em breve,Скоро срок,
compliance.status.expired,Expired,منتهي,समाप्त,ختم,Vencido,Expiré,Vencido,Истёк срок,
compliance.status.missing_date,No expiry date,بلا تاريخ انتهاء,समाप्ति तिथि नहीं,میعاد کی تاریخ نہیں,Sin fecha de vencimiento,Sans date d’expiration,Sem data de vencimento,Нет срока действия,
compliance.status.evidence_missing,Scan missing,النسخة مفقودة,स्कैन नहीं,اسکین نہیں,Falta escaneo,Scan manquant,Falta a cópia,Нет скана,
compliance.status.missing,Missing,مفقود,नहीं है,موجود نہیں,Falta,Manquant,Faltando,Отсутствует,
compliance.holders.company,Company,الشركة,कंपनी,کمپنی,Empresa,Société,Empresa,Компания,
compliance.holders.premises,Premises,المقر,परिसर,احاطہ,Local,Locaux,Estabelecimento,Помещение,
compliance.holders.employee,Staff member,موظف,स्टाफ़ सदस्य,عملے کا رکن,Miembro del personal,Membre de l’équipe,Membro da equipe,Сотрудник,
compliance.readiness,Inspection readiness,الجاهزية للتفتيش,निरीक्षण तैयारी,معائنے کی تیاری,Preparación para inspección,Préparation à l’inspection,Preparação para inspeção,Готовность к проверке,
compliance.readinessSub,{{ok}} of {{total}} records valid with scans,{{ok}} من {{total}} سجلات سارية مع نسخ,"{{total}} में से {{ok}} रिकॉर्ड मान्य, स्कैन सहित",{{total}} میں سے {{ok}} ریکارڈ درست، اسکین کے ساتھ,{{ok}} de {{total}} registros vigentes con escaneo,{{ok}} documents valides avec scan sur {{total}},{{ok}} de {{total}} registros válidos e com cópia,Действуют и со сканом: {{ok}} из {{total}},
compliance.addOther,Add another record,إضافة سجل آخر,और रिकॉर्ड जोड़ें,مزید ریکارڈ شامل کریں,Agregar otro registro,Ajouter un autre document,Adicionar outro registro,Добавить другой документ,
compliance.salon,Salon,الصالون,सैलून,سیلون,Salón,Salon,Salão,Салон,
compliance.staff,Staff,الموظفون,स्टाफ़,عملہ,Personal,Équipe,Equipe,Сотрудники,
compliance.noNumber,No number yet,لا رقم بعد,अभी नंबर नहीं,ابھی نمبر نہیں,Aún sin número,Pas encore de numéro,Sem número ainda,Номера пока нет,
compliance.expiresOn,Expires {{date}} · {{n}} days,ينتهي {{date}} · {{n}} يوم,{{date}} को समाप्त · {{n}} दिन,{{date}} کو ختم · {{n}} دن,Vence el {{date}} · {{n}} días,Expire le {{date}} · {{n}} jours,Vence em {{date}} · {{n}} dias,Действует до {{date}} · {{n}} дн.,
compliance.expiredOn,Expired {{date}},انتهى {{date}},{{date}} को समाप्त हुआ,{{date}} کو ختم ہو گیا,Venció el {{date}},Expiré le {{date}},Venceu em {{date}},Истёк {{date}},
compliance.noDocument,"Nothing recorded yet. Add the number, dates and a scan.",لا شيء مسجل بعد. أضف الرقم والتواريخ ونسخة.,"अभी कुछ दर्ज नहीं। नंबर, तारीखें और स्कैन जोड़ें।",ابھی کچھ درج نہیں۔ نمبر، تاریخیں اور اسکین شامل کریں۔,"Aún no hay nada registrado. Agrega el número, las fechas y un escaneo.","Rien d’enregistré pour l’instant. Ajoutez le numéro, les dates et un scan.","Nada registrado ainda. Adicione o número, as datas e uma cópia digitalizada.","Пока ничего не записано. Добавьте номер, даты и скан.",
compliance.addDetails,Add details,إضافة التفاصيل,विवरण जोड़ें,تفصیل شامل کریں,Agregar datos,Ajouter les détails,Adicionar detalhes,Добавить данные,
compliance.renew,Renew,تجديد,नवीनीकरण,تجدید,Renovar,Renouveler,Renovar,Продлить,
compliance.renewHint,Renewing keeps the old version in the history.,التجديد يحفظ النسخة القديمة في السجل.,नवीनीकरण में पुराना संस्करण इतिहास में रहता है।,تجدید میں پرانا ورژن تاریخ میں رہتا ہے۔,"Al renovar, la versión anterior queda en el historial.",Le renouvellement conserve l’ancienne version dans l’historique.,"Ao renovar, a versão antiga fica no histórico.",При продлении старая версия сохраняется в истории.,
compliance.renewed,Renewed,تم التجديد,नवीनीकरण हुआ,تجدید ہو گئی,Renovado,Renouvelé,Renovado,Продлено,
compliance.saved,Saved,تم الحفظ,सहेजा गया,محفوظ ہو گیا,Guardado,Enregistré,Salvo,Сохранено,
compliance.addEvidenceHint,Add a photo or scan of the document.,أضف صورة أو نسخة من المستند.,दस्तावेज़ की फ़ोटो या स्कैन जोड़ें।,دستاویز کی تصویر یا اسکین لگائیں۔,Agrega una foto o un escaneo del documento.,Ajoutez une photo ou un scan du document.,Adicione uma foto ou cópia digitalizada do documento.,Добавьте фото или скан документа.,
compliance.evidenceAdded,Scan added,أُضيفت النسخة,स्कैन जुड़ गया,اسکین لگ گیا,Escaneo agregado,Scan ajouté,Cópia adicionada,Скан добавлен,
compliance.versions,Versions,النسخ,संस्करण,ورژن,Versiones,Versions,Versões,Версии,
compliance.versionLine,Version {{n}} · {{number}},النسخة {{n}} · {{number}},संस्करण {{n}} · {{number}},ورژن {{n}} · {{number}},Versión {{n}} · {{number}},Version {{n}} · {{number}},Versão {{n}} · {{number}},Версия {{n}} · {{number}},
compliance.current,Current,الحالية,वर्तमान,موجودہ,Actual,Actuelle,Atual,Текущая,
compliance.fields.name,Record name,اسم السجل,रिकॉर्ड का नाम,ریکارڈ کا نام,Nombre del registro,Nom du document,Nome do registro,Название документа,
compliance.fields.number,Number,الرقم,नंबर,نمبر,Número,Numéro,Número,Номер,
compliance.fields.issued,Issued,تاريخ الإصدار,जारी,جاری,Emitido,Délivré le,Emissão,Дата выдачи,
compliance.fields.expires,Expires,تاريخ الانتهاء,समाप्ति,میعاد,Vence,Expire le,Vencimento,Действует до,
compliance.fields.cost,Renewal cost,تكلفة التجديد,नवीनीकरण लागत,تجدید کی لاگت,Costo de renovación,Coût du renouvellement,Custo de renovação,Стоимость продления,
compliance.fields.reminder,Remind me (days before),ذكّرني (أيام قبل),याद दिलाएँ (दिन पहले),یاد دلائیں (دن پہلے),Avisarme (días antes),Me rappeler (jours avant),Lembrar (dias antes),Напомнить (за сколько дней),
compliance.fields.evidence,Scan or photo,نسخة أو صورة,स्कैन या फ़ोटो,اسکین یا تصویر,Escaneo o foto,Scan ou photo,Cópia digitalizada ou foto,Скан или фото,
compliance.fields.version,Version,النسخة,संस्करण,ورژن,Versión,Version,Versão,Версия,
compliance.hygiene.today,Today's checklist,قائمة اليوم,आज की सूची,آج کی فہرست,Lista de hoy,Liste de contrôle du jour,Checklist de hoje,Чек-лист на сегодня,
compliance.hygiene.items.tools_sterilised,Tools sterilised,تعقيم الأدوات,औज़ार कीटाणुरहित,اوزار جراثیم سے پاک,Herramientas esterilizadas,Outils stérilisés,Ferramentas esterilizadas,Инструменты стерилизованы,
compliance.hygiene.items.towels_changed,Towels changed,تغيير المناشف,तौलिये बदले,تولیے بدلے,Toallas cambiadas,Serviettes changées,Toalhas trocadas,Полотенца заменены,
compliance.hygiene.items.surfaces_cleaned,Surfaces cleaned,تنظيف الأسطح,सतहें साफ़,سطحیں صاف,Superficies limpias,Surfaces nettoyées,Superfícies limpas,Поверхности очищены,
compliance.hygiene.items.floors_mopped,Floors mopped,مسح الأرضيات,फ़र्श पोंछा,فرش صاف,Suelos fregados,Sols lavés,Pisos lavados,Полы вымыты,
compliance.hygiene.items.waste_disposed,Waste disposed,التخلص من النفايات,कचरा निपटाया,کچرا ٹھکانے لگایا,Residuos desechados,Déchets évacués,Lixo descartado,Отходы вынесены,
compliance.hygiene.note,Note (optional),ملاحظة (اختياري),नोट (वैकल्पिक),نوٹ (اختیاری),Nota (opcional),Note (facultatif),Observação (opcional),Примечание (необязательно),
compliance.hygiene.photoRequired,A photo is required (Settings).,الصورة مطلوبة (الإعدادات).,फ़ोटो ज़रूरी है (सेटिंग)।,تصویر ضروری ہے (سیٹنگ)۔,Se requiere una foto (Ajustes).,Une photo est obligatoire (Paramètres).,Uma foto é obrigatória (Configurações).,Фото обязательно (Настройки).,
compliance.hygiene.photoOptional,A photo is optional.,الصورة اختيارية.,फ़ोटो वैकल्पिक है।,تصویر اختیاری ہے۔,La foto es opcional.,La photo est facultative.,A foto é opcional.,Фото необязательно.,
compliance.hygiene.sign,Sign the log,توقيع السجل,लॉग पर साइन करें,لاگ پر دستخط کریں,Firmar el registro,Signer le registre,Assinar o registro,Подписать журнал,
compliance.hygiene.signed,Hygiene log signed,تم توقيع سجل النظافة,स्वच्छता लॉग साइन हुआ,صفائی لاگ پر دستخط ہو گئے,Registro de higiene firmado,Registre d’hygiène signé,Registro de higiene assinado,Журнал гигиены подписан,
compliance.hygiene.signedBy,Signed by {{name}},وقّعه {{name}},{{name}} ने साइन किया,{{name}} نے دستخط کیے,Firmado por {{name}},Signé par {{name}},Assinado por {{name}},Подписал(а): {{name}},
compliance.hygiene.done,{{n}} of {{total}} done today,{{n}} من {{total}} اليوم,आज {{total}} में से {{n}} पूरे,آج {{total}} میں سے {{n}} مکمل,{{n}} de {{total}} hechos hoy,{{n}} sur {{total}} faits aujourd’hui,{{n}} de {{total}} feitos hoje,Выполнено сегодня: {{n}} из {{total}},
compliance.hygiene.history,Last two weeks,آخر أسبوعين,पिछले दो हफ़्ते,پچھلے دو ہفتے,Últimas dos semanas,Deux dernières semaines,Últimas duas semanas,Последние две недели,
compliance.hygiene.none,No logs yet.,لا سجلات بعد.,अभी कोई लॉग नहीं।,ابھی کوئی لاگ نہیں۔,Aún no hay registros.,Aucun registre pour l’instant.,Nenhum registro ainda.,Записей пока нет.,
compliance.binder.hint,"Show this to an inspector, or export it as a PDF.",اعرض هذا على المفتش أو صدّره PDF.,इसे निरीक्षक को दिखाएँ या PDF बनाएँ।,یہ معائنہ کار کو دکھائیں یا PDF بنائیں۔,Muéstrala a un inspector o expórtala en PDF.,Présentez-le à un inspecteur ou exportez-le en PDF.,Mostre isto a um fiscal ou exporte como PDF.,Покажите это проверяющему или выгрузите в PDF.,
compliance.binder.export,Export PDF,تصدير PDF,PDF निकालें,PDF بنائیں,Exportar PDF,Exporter en PDF,Exportar PDF,Экспорт PDF,
compliance.binder.pdfTitle,Inspection binder,ملف التفتيش,निरीक्षण फ़ाइल,معائنہ فائل,Carpeta de inspección,Dossier d’inspection,Pasta de inspeção,Папка для проверок,
compliance.binder.record,Record,السجل,रिकॉर्ड,ریکارڈ,Registro,Document,Registro,Документ,
compliance.binder.holder,For,لـ,किसका,کس کا,Para,Pour,Para,Чей,
compliance.binder.status,Status,الحالة,स्थिति,حالت,Estado,Statut,Status,Статус,
compliance.wps.title,WPS,نظام حماية الأجور,WPS,WPS,WPS,WPS,WPS,WPS,
compliance.wps.proven,{{proven}} of {{required}} salaries proven,{{proven}} من {{required}} رواتب مثبتة,{{required}} में से {{proven}} वेतन साबित,{{required}} میں سے {{proven}} تنخواہیں ثابت,{{proven}} de {{required}} sueldos comprobados,{{proven}} salaires justifiés sur {{required}},{{proven}} de {{required}} salários comprovados,Подтверждено зарплат: {{proven}} из {{required}},
compliance.wps.target,Target {{pct}}% by day 5,الهدف {{pct}}% بحلول اليوم 5,लक्ष्य 5 तारीख तक {{pct}}%,ہدف 5 تاریخ تک {{pct}}%,Meta: {{pct}}% antes del día 5,Objectif {{pct}} % d’ici le 5,Meta de {{pct}}% até o dia 5,Цель {{pct}}% к 5-му числу,
compliance.wps.none,No paid payroll month yet.,لا يوجد شهر رواتب مدفوع بعد.,अभी कोई भुगतान किया पेरोल महीना नहीं।,ابھی کوئی ادا شدہ پے رول مہینہ نہیں۔,Aún no hay ningún mes de nómina pagado.,Aucun mois de paie payé pour l’instant.,Nenhum mês de folha pago ainda.,Пока нет месяца с выплаченной зарплатой.,
compliance.montaji.title,Montaji product registration,تسجيل المنتجات في منتجي,Montaji उत्पाद पंजीकरण,Montaji مصنوعات کی رجسٹریشن,Registro de productos en Montaji,Enregistrement des produits Montaji,Registro de produtos Montaji,Регистрация продукции в Montaji,
compliance.montaji.hint,Cosmetic products used or sold need their Montaji number. Tap one to add it.,منتجات التجميل المستخدمة أو المباعة تحتاج رقم منتجي. اضغط لإضافته.,इस्तेमाल या बेचे गए कॉस्मेटिक उत्पादों का Montaji नंबर चाहिए। जोड़ने के लिए टैप करें।,استعمال یا فروخت ہونے والی کاسمیٹک مصنوعات کا Montaji نمبر چاہیے۔ شامل کرنے کے لیے ٹیپ کریں۔,Los productos cosméticos que se usan o venden necesitan su número Montaji. Toca uno para agregarlo.,Les produits cosmétiques utilisés ou vendus doivent avoir leur numéro Montaji. Touchez-en un pour l’ajouter.,Produtos cosméticos usados ou vendidos precisam do número Montaji. Toque em um para adicioná-lo.,"Для косметических средств, которые используются или продаются, нужен номер Montaji. Нажмите на товар, чтобы добавить его.",
compliance.montaji.number,Montaji {{number}},منتجي {{number}},Montaji {{number}},Montaji {{number}},Montaji {{number}},Montaji {{number}},Montaji {{number}},Montaji {{number}},
compliance.montaji.missing,No Montaji number,بلا رقم منتجي,Montaji नंबर नहीं,Montaji نمبر نہیں,Sin número Montaji,Pas de numéro Montaji,Sem número Montaji,Нет номера Montaji,
compliance.montaji.registered,Registered,مسجل,पंजीकृत,رجسٹرڈ,Registrado,Enregistré,Registrado,Зарегистрировано,
compliance.montaji.add,Add number,أضف الرقم,नंबर जोड़ें,نمبر شامل کریں,Agregar número,Ajouter le numéro,Adicionar número,Добавить номер,
compliance.editDetails,Edit,تعديل,बदलें,ترمیم,Editar,Modifier,Editar,Изменить,
compliance.editHint,"Fixes a mistake in these details. For a new licence or card, use Renew.",لتصحيح خطأ في هذه التفاصيل. لترخيص أو بطاقة جديدة استخدم التجديد.,इन विवरणों की गलती ठीक करता है। नए लाइसेंस या कार्ड के लिए नवीनीकरण करें।,ان تفصیلات کی غلطی درست کرتا ہے۔ نئے لائسنس یا کارڈ کے لیے تجدید کریں۔,"Corrige un error en estos datos. Para una licencia o tarjeta nueva, usa Renovar.","Corrige une erreur dans ces détails. Pour une nouvelle licence ou carte, utilisez Renouveler.","Corrige um erro nestes detalhes. Para uma nova licença ou carteira, use Renovar.",Исправляет ошибку в этих данных. Для новой лицензии или карты используйте «Продлить».,
compliance.changesSaved,Changes saved,تم حفظ التغييرات,बदलाव सहेजे गए,تبدیلیاں محفوظ ہو گئیں,Cambios guardados,Modifications enregistrées,Alterações salvas,Изменения сохранены,
compliance.delete,Delete,حذف,हटाएँ,حذف کریں,Eliminar,Supprimer,Excluir,Удалить,
compliance.deleteTitle,Delete {{name}}?,حذف {{name}}؟,{{name}} हटाएँ?,{{name}} حذف کریں؟,¿Eliminar {{name}}?,Supprimer {{name}} ?,Excluir {{name}}?,Удалить «{{name}}»?,
compliance.deleteBody,"It leaves the register and no longer counts towards inspection readiness. Nothing is lost: you can put it back, with its details, from “Removed” at the end of the register.",يخرج من السجل ولا يُحتسب بعد الآن في جاهزية التفتيش. لا يضيع شيء: يمكنك إعادته مع تفاصيله من «المحذوفة» في آخر السجل.,यह रजिस्टर से हट जाता है और निरीक्षण तैयारी में नहीं गिना जाता। कुछ नहीं खोता: रजिस्टर के अंत में “हटाए गए” से इसे विवरण सहित वापस ला सकते हैं।,یہ رجسٹر سے ہٹ جاتا ہے اور معائنے کی تیاری میں شمار نہیں ہوتا۔ کچھ ضائع نہیں ہوتا: رجسٹر کے آخر میں “حذف شدہ” سے اسے تفصیلات سمیت واپس لا سکتے ہیں۔,"Sale del registro y deja de contar para la preparación para inspección. No se pierde nada: puedes recuperarlo, con sus datos, desde “Eliminados” al final del registro.","Le document quitte le registre et ne compte plus dans la préparation à l’inspection. Rien n’est perdu : vous pourrez le remettre, avec ses détails, depuis « Retirés » à la fin du registre.","O registro sai da lista e deixa de contar para a preparação para inspeção. Nada é perdido: você pode restaurá-lo, com os detalhes, em “Removidos”, no fim da lista.",Документ уйдёт из реестра и перестанет учитываться в готовности к проверке. Ничего не потеряется: его можно вернуть вместе с данными из раздела «Удалённые» в конце реестра.,
compliance.deleteReason,Reason (optional),السبب (اختياري),कारण (वैकल्पिक),وجہ (اختیاری),Motivo (opcional),Motif (facultatif),Motivo (opcional),Причина (необязательно),
compliance.deleteReasonHint,e.g. not needed for this branch,مثلاً: غير مطلوب لهذا الفرع,जैसे: इस शाखा के लिए ज़रूरी नहीं,مثلاً: اس برانچ کے لیے ضروری نہیں,"p. ej., no se necesita en esta sucursal",par ex. inutile pour cette succursale,ex.: não é necessário nesta filial,"например, не нужен для этого филиала",
compliance.deleted,Deleted from the register,حُذف من السجل,रजिस्टर से हटाया गया,رجسٹر سے حذف ہو گیا,Eliminado del registro,Supprimé du registre,Excluído da lista,Удалено из реестра,
compliance.removed,Removed,المحذوفة,हटाए गए,حذف شدہ,Eliminados,Retirés,Removidos,Удалённые,
compliance.removedLine,Deleted {{date}},حُذف {{date}},{{date}} को हटाया,{{date}} کو حذف کیا,Eliminado el {{date}},Supprimé le {{date}},Excluído em {{date}},Удалено {{date}},
compliance.restore,Put back,إعادة,वापस लाएँ,واپس لائیں,Recuperar,Remettre,Restaurar,Вернуть,
compliance.restored,Back on the register,عاد إلى السجل,रजिस्टर में वापस,رجسٹر میں واپس,De vuelta en el registro,De retour dans le registre,De volta à lista,Снова в реестре,
compliance.actionsFor,Actions for {{name}},إجراءات {{name}},{{name}} के विकल्प,{{name}} کے اختیارات,Acciones para {{name}},Actions pour {{name}},Ações para {{name}},Действия: {{name}},
notifications.title,Notifications,الإشعارات,सूचनाएँ,اطلاعات,Notificaciones,Notifications,Notificações,Уведомления,
notifications.open,"Notifications, {{count}} unread",الإشعارات، {{count}} غير مقروءة,"सूचनाएँ, {{count}} अपठित",اطلاعات، {{count}} غیر پڑھی,"Notificaciones, {{count}} sin leer","Notifications, {{count}} non lues","Notificações, {{count}} não lidas","Уведомления, непрочитанных: {{count}}",
notifications.markAll,Mark all as read,تعليم الكل كمقروء,सब पढ़ा हुआ करें,سب پڑھا ہوا کریں,Marcar todas como leídas,Tout marquer comme lu,Marcar todas como lidas,Отметить все как прочитанные,
notifications.empty,"Nothing new. Bookings, closes, low stock and reminders show here.",لا جديد. تظهر هنا الحجوزات والإغلاقات والمخزون المنخفض والتذكيرات.,"कुछ नया नहीं। बुकिंग, क्लोज़िंग, कम स्टॉक और रिमाइंडर यहाँ दिखेंगे।",کچھ نیا نہیں۔ بکنگ، کلوزنگ، کم اسٹاک اور یاد دہانیاں یہاں دکھیں گی۔,"Nada nuevo. Aquí aparecen reservas, cierres, poco stock y recordatorios.","Rien de nouveau. Les réservations, clôtures, alertes de stock bas et rappels apparaissent ici.","Nada de novo. Agendamentos, fechamentos, estoque baixo e lembretes aparecem aqui.","Ничего нового. Здесь появляются записи, закрытия кассы, низкие остатки и напоминания.",
notifications.types.new_booking.title,New booking,حجز جديد,नई बुकिंग,نئی بکنگ,Nueva reserva,Nouvelle réservation,Novo agendamento,Новая запись,
notifications.types.new_booking.body,{{customer}} · {{at}},{{customer}} · {{at}},{{customer}} · {{at}},{{customer}} · {{at}},{{customer}} · {{at}},{{customer}} · {{at}},{{customer}} · {{at}},{{customer}} · {{at}},
notifications.types.long_wait.title,Walk-in waiting,زبون ينتظر,वॉक-इन इंतज़ार में,واک اِن انتظار میں,Cliente sin cita esperando,Client sans RDV en attente,Cliente aguardando na fila,Клиент без записи ждёт,
notifications.types.long_wait.body,{{customer}} has waited {{minutes}} min,{{customer}} ينتظر منذ {{minutes}} د,{{customer}} {{minutes}} मिनट से इंतज़ार में,{{customer}} {{minutes}} منٹ سے انتظار میں,{{customer}} lleva {{minutes}} min esperando,{{customer}} attend depuis {{minutes}} min,{{customer}} está aguardando há {{minutes}} min,{{customer}} ждёт уже {{minutes}} мин,
notifications.types.close_submitted.title,Cash close waiting for approval,إغلاق الصندوق بانتظار الاعتماد,कैश क्लोज़ मंज़ूरी बाकी,کیش کلوز منظوری باقی,Cierre de caja pendiente de aprobación,Clôture de caisse à approuver,Fechamento de caixa aguardando aprovação,Закрытие кассы ждёт одобрения,
notifications.types.close_submitted.body,{{date}} · difference {{variance}},{{date}} · الفرق {{variance}},{{date}} · अंतर {{variance}},{{date}} · فرق {{variance}},{{date}} · diferencia {{variance}},{{date}} · écart {{variance}},{{date}} · diferença {{variance}},{{date}} · расхождение {{variance}},
notifications.types.low_stock.title,Low on stock,مخزون منخفض,स्टॉक कम,اسٹاک کم,Poco stock,Stock bas,Estoque baixo,Заканчивается товар,
notifications.types.low_stock.body,{{item}} · {{qty}} {{unit}} left,{{item}} · تبقى {{qty}} {{unit}},{{item}} · {{qty}} {{unit}} बचा,{{item}} · {{qty}} {{unit}} باقی,{{item}} · quedan {{qty}} {{unit}},{{item}} · reste {{qty}} {{unit}},{{item}} · restam {{qty}} {{unit}},{{item}} · осталось {{qty}} {{unit}},
notifications.types.document_due.title,Document due in {{count}} days,مستند يستحق خلال {{count}} يوم,दस्तावेज़ {{count}} दिन में देय,دستاویز {{count}} دن میں واجب,Documento vence en {{count}} días,Document à échéance dans {{count}} jours,Documento vence em {{count}} dias,Срок документа истекает через {{count}} дн.,
notifications.types.document_due.title_one,Document due in {{count}} day,مستند يستحق خلال {{count}} يوم,दस्तावेज़ {{count}} दिन में देय,دستاویز {{count}} دن میں واجب,Documento vence en {{count}} día,Document à échéance dans {{count}} jour,Documento vence em {{count}} dia,Срок документа истекает через {{count}} день,
notifications.types.document_due.body,{{doc}} · {{holder}} · {{expires}},{{doc}} · {{holder}} · {{expires}},{{doc}} · {{holder}} · {{expires}},{{doc}} · {{holder}} · {{expires}},{{doc}} · {{holder}} · {{expires}},{{doc}} · {{holder}} · {{expires}},{{doc}} · {{holder}} · {{expires}},{{doc}} · {{holder}} · {{expires}},
notifications.types.payroll_generated.title,Payroll worked out,تم حساب الرواتب,पेरोल निकाला गया,پے رول نکال لیا,Nómina calculada,Paie calculée,Folha calculada,Зарплата рассчитана,
notifications.types.payroll_generated.body,{{period}} is ready to check and approve,{{period}} جاهز للمراجعة والاعتماد,{{period}} जाँच और मंज़ूरी के लिए तैयार,{{period}} جانچ اور منظوری کے لیے تیار,{{period}} está lista para revisar y aprobar,La paie de {{period}} est prête à être vérifiée et approuvée,A folha de {{period}} está pronta para conferir e aprovar,{{period}}: можно проверить и одобрить,
notifications.types.refund_requested.title,Refund requested,طلب استرداد,रिफ़ंड का अनुरोध,ریفنڈ کی درخواست,Reembolso solicitado,Remboursement demandé,Reembolso solicitado,Запрошен возврат,
notifications.types.refund_requested.body,Sale #{{number}} · {{amount}} · {{reason}},بيع #{{number}} · {{amount}} · {{reason}},बिक्री #{{number}} · {{amount}} · {{reason}},فروخت #{{number}} · {{amount}} · {{reason}},Venta #{{number}} · {{amount}} · {{reason}},Vente n° {{number}} · {{amount}} · {{reason}},Venda nº {{number}} · {{amount}} · {{reason}},Продажа № {{number}} · {{amount}} · {{reason}},
notifications.types.daily_digest.title,Good morning — {{branch}},صباح الخير — {{branch}},सुप्रभात — {{branch}},صبح بخیر — {{branch}},Buenos días — {{branch}},Bonjour — {{branch}},Bom dia — {{branch}},Доброе утро — {{branch}},
notifications.types.daily_digest.body,Yesterday {{sales_total}} from {{sales}} sales · {{pending_closes}} closes to approve · {{low_stock}} low on stock,أمس {{sales_total}} من {{sales}} مبيعات · {{pending_closes}} إغلاقات للاعتماد · {{low_stock}} منخفضة,कल {{sales}} बिक्री से {{sales_total}} · {{pending_closes}} क्लोज़ मंज़ूरी बाकी · {{low_stock}} कम स्टॉक,کل {{sales}} فروخت سے {{sales_total}} · {{pending_closes}} کلوز منظوری باقی · {{low_stock}} کم اسٹاک,Ayer {{sales_total}} en {{sales}} ventas · {{pending_closes}} cierres por aprobar · {{low_stock}} con poco stock,Hier : {{sales_total}} sur {{sales}} ventes · {{pending_closes}} clôtures à approuver · {{low_stock}} en stock bas,Ontem: {{sales_total}} em {{sales}} vendas · {{pending_closes}} fechamentos a aprovar · {{low_stock}} com estoque baixo,"Вчера {{sales_total}}, продаж: {{sales}} · закрытий к одобрению: {{pending_closes}} · заканчивается товаров: {{low_stock}}",
notifications.markedRead,{{count}} marked as read,تم تعليم {{count}} كمقروء,{{count}} पढ़ा हुआ किया,{{count}} پڑھا ہوا کیا,{{count}} marcadas como leídas,{{count}} marquées comme lues,{{count}} marcadas como lidas,Отмечено как прочитанные: {{count}},
refundRequest.open,Refund requested,طلب استرداد,रिफ़ंड का अनुरोध,ریفنڈ کی درخواست,Reembolso solicitado,Remboursement demandé,Reembolso solicitado,Запрошен возврат,
refundRequest.summary,{{name}} asked for {{amount}},طلب {{name}} مبلغ {{amount}},{{name}} ने {{amount}} माँगा,{{name}} نے {{amount}} مانگا,{{name}} pidió {{amount}},{{name}} a demandé {{amount}},{{name}} pediu {{amount}},{{name}} просит вернуть {{amount}},
refundRequest.decline,Decline,رفض,मना करें,انکار کریں,Rechazar,Refuser,Recusar,Отклонить,
refundRequest.declined,Request declined,رُفض الطلب,अनुरोध अस्वीकार,درخواست مسترد,Solicitud rechazada,Demande refusée,Pedido recusado,Запрос отклонён,
refundRequest.ask,Ask the owner for a refund,اطلب الاسترداد من المالك,मालिक से रिफ़ंड माँगें,مالک سے ریفنڈ مانگیں,Pedir un reembolso al dueño,Demander un remboursement au propriétaire,Pedir reembolso ao proprietário,Попросить владельца сделать возврат,
refundRequest.hint,The owner gets a notification and refunds it from this sale.,يصل إشعار للمالك ويسترد من هذا البيع.,मालिक को सूचना मिलेगी और वे इसी बिक्री से रिफ़ंड करेंगे।,مالک کو اطلاع ملے گی اور وہ اسی فروخت سے ریفنڈ کریں گے۔,El dueño recibe una notificación y lo reembolsa desde esta venta.,Le propriétaire reçoit une notification et rembourse depuis cette vente.,O proprietário recebe uma notificação e faz o reembolso a partir desta venda.,Владелец получит уведомление и оформит возврат по этой продаже.,
refundRequest.send,Send request,إرسال الطلب,अनुरोध भेजें,درخواست بھیجیں,Enviar solicitud,Envoyer la demande,Enviar pedido,Отправить запрос,
refundRequest.sent,Request sent to the owner,أُرسل الطلب إلى المالك,अनुरोध मालिक को भेजा,درخواست مالک کو بھیج دی,Solicitud enviada al dueño,Demande envoyée au propriétaire,Pedido enviado ao proprietário,Запрос отправлен владельцу,
reports.title,Reports,التقارير,रिपोर्ट,رپورٹس,Informes,Rapports,Relatórios,Отчёты,
reports.subtitle,Pick a report and a month,اختر تقريرًا وشهرًا,रिपोर्ट और महीना चुनें,رپورٹ اور مہینہ چنیں,Elige un informe y un mes,Choisissez un rapport et un mois,Escolha um relatório e um mês,Выберите отчёт и месяц,
reports.types.monthly,Monthly business,النشاط الشهري,मासिक कारोबार,ماہانہ کاروبار,Resumen mensual del negocio,Activité mensuelle,Resumo mensal,Итоги месяца,
reports.types.staff,Staff sales,مبيعات الموظفين,स्टाफ़ बिक्री,عملے کی فروخت,Ventas por empleado,Ventes par employé,Vendas por funcionário,Продажи сотрудников,
reports.types.closing,Daily closing,الإغلاق اليومي,दैनिक क्लोज़िंग,روزانہ کلوزنگ,Cierre diario,Clôtures quotidiennes,Fechamento diário,Закрытие кассы по дням,
reports.types.stock,Stock movement,حركة المخزون,स्टॉक आवाजाही,اسٹاک کی نقل و حرکت,Movimiento de stock,Mouvements de stock,Movimentação de estoque,Движение товаров,
reports.types.shortages,Cash shortage,العجز النقدي,नकद कमी,نقد کمی,Faltantes de caja,Manques de caisse,Faltas de caixa,Недостачи кассы,
reports.types.customers,Customer list,قائمة العملاء,ग्राहक सूची,گاہکوں کی فہرست,Lista de clientes,Liste des clients,Lista de clientes,Список клиентов,
reports.types.vat,{{tax}},{{tax}},{{tax}},{{tax}},{{tax}},{{tax}},{{tax}},{{tax}},
reports.kpi.sales,Sales,المبيعات,बिक्री,فروخت,Ventas,Ventes,Vendas,Продажи,
reports.kpi.revenue,Revenue (books),الإيرادات (الدفاتر),आय (खाते),آمدنی (کھاتے),Ingresos (libros),Recettes (comptables),Receita (livros),Выручка (по учёту),
reports.kpi.costs,Costs,التكاليف,लागत,لاگت,Costos,Charges,Custos,Затраты,
reports.kpi.result,Result,النتيجة,नतीजा,نتیجہ,Resultado,Résultat,Resultado,Результат,
reports.kpi.services,Services,الخدمات,सेवाएँ,سروسز,Servicios,Services,Serviços,Услуги,
reports.kpi.commission,Commission,العمولة,कमीशन,کمیشن,Comisión,Commission,Comissão,Комиссия,
reports.kpi.tips,Tips,الإكراميات,टिप,ٹپ,Propinas,Pourboires,Gorjetas,Чаевые,
reports.kpi.daysClosed,Days closed,أيام مغلقة,बंद दिन,بند دن,Días cerrados,Jours clôturés,Dias fechados,Закрыто дней,
reports.kpi.difference,Total difference,إجمالي الفرق,कुल अंतर,کل فرق,Diferencia total,Écart total,Diferença total,Общее расхождение,
reports.kpi.takenOut,Taken out,المسحوب,निकाला गया,نکالا گیا,Retirado,Retiré,Retirado,Изъято,
reports.kpi.items,Items,الأصناف,आइटम,آئٹمز,Artículos,Articles,Itens,Позиции,
reports.kpi.stockValue,Stock value,قيمة المخزون,स्टॉक मूल्य,اسٹاک کی مالیت,Valor del stock,Valeur du stock,Valor do estoque,Стоимость запасов,
reports.kpi.itemsOut,Items used or sold,أصناف مستخدمة أو مباعة,इस्तेमाल या बिके आइटम,استعمال یا فروخت شدہ آئٹمز,Artículos usados o vendidos,Articles utilisés ou vendus,Itens usados ou vendidos,Израсходовано или продано,
reports.kpi.shortDays,Short days,أيام بعجز,कमी वाले दिन,کمی والے دن,Días con faltante,Jours avec manque,Dias com falta,Дни с недостачей,
reports.kpi.totalShort,Total short,إجمالي العجز,कुल कमी,کل کمی,Faltante total,Total manquant,Total em falta,Всего недостач,
reports.kpi.totalOver,Total over,إجمالي الزيادة,कुल अधिक,کل زیادتی,Sobrante total,Total excédent,Total em sobra,Всего излишков,
reports.kpi.customers,Customers,العملاء,ग्राहक,گاہک,Clientes,Clients,Clientes,Клиенты,
reports.kpi.cameThisMonth,Came this month,زاروا هذا الشهر,इस महीने आए,اس مہینے آئے,Vinieron este mes,Venus ce mois-ci,Vieram este mês,Пришли в этом месяце,
reports.kpi.spentThisMonth,Spent this month,أنفقوا هذا الشهر,इस महीने खर्च,اس مہینے خرچ,Gastaron este mes,Dépensé ce mois-ci,Gasto este mês,Потратили в этом месяце,
reports.kpi.vatOutput,{{tax}} collected,{{tax}} المحصّلة,वसूला गया {{tax}},وصول شدہ {{tax}},{{tax}} cobrado,{{tax}} collectée,{{tax}} cobrado,Начислено {{tax}},
reports.kpi.vatInput,{{tax}} paid (claimable),{{tax}} المدفوعة (قابلة للاسترداد),चुकाया {{tax}} (वापसी योग्य),ادا شدہ {{tax}} (قابلِ واپسی),{{tax}} pagado (recuperable),{{tax}} payée (récupérable),{{tax}} pago (recuperável),Уплачено {{tax}} (к вычету),
reports.kpi.vatDue,{{tax}} to pay,{{tax}} المستحقة,देय {{tax}},واجب الادا {{tax}},{{tax}} a pagar,{{tax}} à payer,{{tax}} a pagar,{{tax}} к уплате,
reports.kpi.vatRefund,{{tax}} to get back,{{tax}} المستردة,वापस मिलने वाला {{tax}},واپس ملنے والا {{tax}},{{tax}} a recuperar,{{tax}} à récupérer,{{tax}} a recuperar,{{tax}} к возврату,
reports.chart.salesByDay,Sales by day,المبيعات حسب اليوم,दिन के हिसाब से बिक्री,دن کے حساب سے فروخت,Ventas por día,Ventes par jour,Vendas por dia,Продажи по дням,
reports.chart.salesByPerson,Sales by person,المبيعات حسب الشخص,व्यक्ति के हिसाब से बिक्री,فرد کے حساب سے فروخت,Ventas por persona,Ventes par personne,Vendas por pessoa,Продажи по сотрудникам,
reports.chart.differenceByDay,Cash difference by day,فرق النقد حسب اليوم,दिन के हिसाब से नकद अंतर,دن کے حساب سے نقد فرق,Diferencia de caja por día,Écart de caisse par jour,Diferença de caixa por dia,Расхождения кассы по дням,
reports.chart.valueByItem,Stock value by item,قيمة المخزون حسب الصنف,आइटम के हिसाब से स्टॉक मूल्य,آئٹم کے حساب سے اسٹاک مالیت,Valor del stock por artículo,Valeur du stock par article,Valor do estoque por item,Стоимость запасов по позициям,
reports.chart.topCustomers,Top customers this month,أفضل العملاء هذا الشهر,इस महीने के शीर्ष ग्राहक,اس مہینے کے بہترین گاہک,Mejores clientes del mes,Meilleurs clients du mois,Melhores clientes do mês,Лучшие клиенты месяца,
reports.chart.vatByKind,{{tax}} by kind,{{tax}} حسب النوع,प्रकार अनुसार {{tax}},قسم کے لحاظ سے {{tax}},{{tax}} por tipo,{{tax}} par type,{{tax}} por tipo,{{tax}} по видам,
reports.col.date,Date,التاريخ,तारीख,تاریخ,Fecha,Date,Data,Дата,
reports.col.sales,Sales,المبيعات,बिक्री,فروخت,Ventas,Ventes,Vendas,Продажи,
reports.col.services,Services,الخدمات,सेवाएँ,سروسز,Servicios,Services,Serviços,Услуги,
reports.col.refunds,Refunds,المرتجعات,रिफ़ंड,رقم واپسی,Reembolsos,Remboursements,Reembolsos,Возвраты,
reports.col.expenses,Expenses,المصروفات,ख़र्च,اخراجات,Gastos,Dépenses,Despesas,Расходы,
reports.col.person,Person,الشخص,व्यक्ति,فرد,Persona,Personne,Pessoa,Сотрудник,
reports.col.revenue,Revenue,الإيراد,आय,آمدنی,Ingresos,Recettes,Receita,Выручка,
reports.col.commission,Commission,العمولة,कमीशन,کمیشن,Comisión,Commission,Comissão,Комиссия,
reports.col.tips,Tips,الإكراميات,टिप,ٹپ,Propinas,Pourboires,Gorjetas,Чаевые,
reports.col.days,Days,الأيام,दिन,دن,Días,Jours,Dias,Дни,
reports.col.daysWorked,Days worked,أيام العمل,काम के दिन,کام کے دن,Días trabajados,Jours travaillés,Dias trabalhados,Отработано дней,
reports.col.lateDays,Late days,أيام التأخير,देर वाले दिन,تاخیر کے دن,Días con retraso,Jours de retard,Dias com atraso,Дни с опозданием,
reports.col.status,Status,الحالة,स्थिति,حالت,Estado,Statut,Status,Статус,
reports.col.expected,Expected,المتوقع,अपेक्षित,متوقع,Esperado,Attendu,Esperado,Ожидалось,
reports.col.counted,Counted,المعدود,गिना गया,گنا گیا,Contado,Compté,Contado,Пересчитано,
reports.col.difference,Difference,الفرق,अंतर,فرق,Diferencia,Écart,Diferença,Расхождение,
reports.col.by,By,بواسطة,द्वारा,از,Por,Par,Por,Кто,
reports.col.countedBy,Counted by,عدّه,किसने गिना,کس نے گنا,Contado por,Compté par,Contado por,Пересчитал(а),
reports.col.approvedBy,Approved by,اعتمده,किसने मंज़ूर किया,کس نے منظور کیا,Aprobado por,Approuvé par,Aprovado por,Одобрил(а),
reports.col.reason,Reason,السبب,कारण,وجہ,Motivo,Motif,Motivo,Причина,
reports.col.item,Item,الصنف,आइटम,آئٹم,Artículo,Article,Item,Позиция,
reports.col.kind,Kind,النوع,प्रकार,قسم,Tipo,Type,Tipo,Тип,
reports.col.unit,Unit,الوحدة,इकाई,اکائی,Unidad,Unité,Unidade,Ед.,
reports.col.start,Start,البداية,शुरू,آغاز,Inicio,Début,Inicial,Начало,
reports.col.in,In,وارد,आया,آمد,Entradas,Entrées,Entradas,Приход,
reports.col.out,Out,صادر,गया,اخراج,Salidas,Sorties,Saídas,Расход,
reports.col.end,End,النهاية,अंत,اختتام,Final,Fin,Final,Конец,
reports.col.value,Value,القيمة,मूल्य,مالیت,Valor,Valeur,Valor,Стоимость,
reports.col.customer,Customer,العميل,ग्राहक,گاہک,Cliente,Client,Cliente,Клиент,
reports.col.phone,Phone,الهاتف,फ़ोन,فون,Teléfono,Téléphone,Telefone,Телефон,
reports.col.visits,Visits,الزيارات,विज़िट,دورے,Visitas,Visites,Visitas,Визиты,
reports.col.lastVisit,Last visit,آخر زيارة,आख़िरी विज़िट,آخری دورہ,Última visita,Dernière visite,Última visita,Последний визит,
reports.col.spent,Spent (all time),الإنفاق (الكل),ख़र्च (कुल),خرچ (کل),Gasto (total histórico),Dépensé (total),Gasto (total),Потрачено (за всё время),
reports.col.thisMonth,This month,هذا الشهر,इस महीने,اس مہینے,Este mes,Ce mois-ci,Este mês,Этот месяц,
reports.col.visitsThisMonth,Visits this month,زيارات هذا الشهر,इस महीने विज़िट,اس مہینے دورے,Visitas este mes,Visites ce mois-ci,Visitas este mês,Визиты за месяц,
reports.col.entries,Entries,القيود,प्रविष्टियाँ,اندراجات,Registros,Écritures,Lançamentos,Записи,
reports.col.taxable,Amount without {{tax}},المبلغ بدون {{tax}},{{tax}} के बिना राशि,{{tax}} کے بغیر رقم,Monto sin {{tax}},Montant hors {{tax}},Valor sem {{tax}},Сумма без {{tax}},
reports.col.vat,{{tax}},{{tax}},{{tax}},{{tax}},{{tax}},{{tax}},{{tax}},{{tax}},
reports.status.open,Not closed,غير مغلق,बंद नहीं,بند نہیں,Sin cerrar,Non clôturé,Não fechado,Не закрыт,
reports.status.draft,Draft,مسودة,ड्राफ़्ट,مسودہ,Borrador,Brouillon,Rascunho,Черновик,
reports.status.pending_approval,Waiting for approval,بانتظار الاعتماد,मंज़ूरी बाकी,منظوری باقی,Pendiente de aprobación,En attente d’approbation,Aguardando aprovação,Ждёт одобрения,
reports.status.approved,Closed,مغلق,बंद,بند,Cerrado,Clôturé,Fechado,Закрыт,
reports.empty.monthly,No sales or costs in this month.,لا مبيعات أو تكاليف في هذا الشهر.,इस महीने कोई बिक्री या लागत नहीं।,اس مہینے کوئی فروخت یا لاگت نہیں۔,No hay ventas ni costos en este mes.,Aucune vente ni charge ce mois-ci.,Nenhuma venda ou custo neste mês.,В этом месяце нет продаж и затрат.,
reports.empty.staff,No staff sales in this month.,لا مبيعات للموظفين في هذا الشهر.,इस महीने स्टाफ़ की कोई बिक्री नहीं।,اس مہینے عملے کی کوئی فروخت نہیں۔,No hay ventas del personal en este mes.,Aucune vente d’employé ce mois-ci.,Nenhuma venda da equipe neste mês.,В этом месяце нет продаж сотрудников.,
reports.empty.closing,No days in this month yet.,لا أيام في هذا الشهر بعد.,इस महीने अभी कोई दिन नहीं।,اس مہینے ابھی کوئی دن نہیں۔,Aún no hay días en este mes.,Aucune journée ce mois-ci pour l’instant.,Nenhum dia neste mês ainda.,В этом месяце пока нет дней.,
reports.empty.stock,No stock items yet.,لا أصناف مخزون بعد.,अभी कोई स्टॉक आइटम नहीं।,ابھی کوئی اسٹاک آئٹم نہیں۔,Aún no hay artículos de stock.,Aucun article en stock pour l’instant.,Nenhum item de estoque ainda.,Позиций на складе пока нет.,
reports.empty.shortages,No cash differences in this month.,لا فروقات نقدية في هذا الشهر.,इस महीने कोई नकद अंतर नहीं।,اس مہینے کوئی نقد فرق نہیں۔,No hay diferencias de caja en este mes.,Aucun écart de caisse ce mois-ci.,Nenhuma diferença de caixa neste mês.,В этом месяце расхождений кассы нет.,
reports.empty.customers,No customers yet.,لا عملاء بعد.,अभी कोई ग्राहक नहीं।,ابھی کوئی گاہک نہیں۔,Aún no hay clientes.,Aucun client pour l’instant.,Nenhum cliente ainda.,Клиентов пока нет.,
reports.empty.vat,No {{tax}} this month. {{tax}} is recorded when the branch is registered for it (Branch settings).,لا {{tax}} هذا الشهر. تُسجّل {{tax}} عندما يكون الفرع مسجلًا فيها (إعدادات الفرع).,इस महीने कोई {{tax}} नहीं। ब्रांच के पंजीकृत होने पर {{tax}} दर्ज होता है (ब्रांच सेटिंग्स)।,اس مہینے کوئی {{tax}} نہیں۔ برانچ رجسٹرڈ ہو تو {{tax}} درج ہوتا ہے (برانچ سیٹنگز)۔,No hay {{tax}} este mes. El {{tax}} se registra cuando la sucursal está registrada para ese impuesto (Ajustes de la sucursal).,Pas de {{tax}} ce mois-ci. La {{tax}} est enregistrée quand la succursale y est assujettie (Paramètres de la succursale).,Nenhum {{tax}} neste mês. O {{tax}} é registrado quando a filial é contribuinte (Configurações da filial).,"В этом месяце нет {{tax}}. {{tax}} учитывается, если филиал зарегистрирован как плательщик (Настройки филиала).",
reports.daysLate,{{days}} days · {{late}} late,{{days}} يوم · {{late}} تأخير,{{days}} दिन · {{late}} देर,{{days}} دن · {{late}} تاخیر,{{days}} días · {{late}} con retraso,{{days}} jours · {{late}} en retard,{{days}} dias · {{late}} com atraso,Дней: {{days}} · с опозданием: {{late}},
reports.print,Print,طباعة,प्रिंट,پرنٹ,Imprimir,Imprimer,Imprimir,Печать,
reports.printPdf,Print / PDF,طباعة / PDF,प्रिंट / PDF,پرنٹ / PDF,Imprimir / PDF,Imprimer / PDF,Imprimir / PDF,Печать / PDF,
reports.pdf,Share PDF,مشاركة PDF,PDF भेजें,PDF بھیجیں,Compartir PDF,Partager le PDF,Compartilhar PDF,Отправить PDF,
reports.csv,Export CSV,تصدير CSV,CSV निर्यात,CSV برآمد,Exportar CSV,Exporter en CSV,Exportar CSV,Экспорт CSV,
reports.generated,Made {{at}},أُعد {{at}},{{at}} को बनाया,{{at}} کو بنایا,Generado {{at}},Généré : {{at}},Gerado em {{at}},Сформирован {{at}},
reports.control.title,Owner control summary,ملخص رقابة المالك,मालिक नियंत्रण सारांश,مالک کا کنٹرول خلاصہ,Resumen de control del dueño,Synthèse de contrôle du propriétaire,Resumo de controle do proprietário,Сводка для владельца,
reports.control.noClose,No cash close yet,لا يوجد إغلاق نقدي بعد,अभी कोई नकद क्लोज़िंग नहीं,ابھی کوئی نقد کلوزنگ نہیں,Aún no hay cierre de caja,Pas encore de clôture de caisse,Nenhum fechamento de caixa ainda,Касса ещё не закрывалась,
reports.control.closeShort,Last close {{date}}: short by {{amount}},آخر إغلاق {{date}}: عجز {{amount}},आख़िरी क्लोज़िंग {{date}}: {{amount}} कम,آخری کلوزنگ {{date}}: {{amount}} کم,Último cierre {{date}}: faltan {{amount}},Dernière clôture {{date}} : manque de {{amount}},Último fechamento em {{date}}: falta de {{amount}},Последнее закрытие {{date}}: недостача {{amount}},
reports.control.closeOver,Last close {{date}}: over by {{amount}},آخر إغلاق {{date}}: زيادة {{amount}},आख़िरी क्लोज़िंग {{date}}: {{amount}} ज़्यादा,آخری کلوزنگ {{date}}: {{amount}} زیادہ,Último cierre {{date}}: sobran {{amount}},Dernière clôture {{date}} : excédent de {{amount}},Último fechamento em {{date}}: sobra de {{amount}},Последнее закрытие {{date}}: излишек {{amount}},
reports.control.closeBalanced,Last close {{date}}: balanced,آخر إغلاق {{date}}: متوازن,आख़िरी क्लोज़िंग {{date}}: बराबर,آخری کلوزنگ {{date}}: برابر,Último cierre {{date}}: cuadra,Dernière clôture {{date}} : équilibrée,Último fechamento em {{date}}: conferido,Последнее закрытие {{date}}: сходится,
reports.control.suppliers,Owed to suppliers: {{amount}},مستحق للموردين: {{amount}},सप्लायरों का बकाया: {{amount}},سپلائرز کا بقایا: {{amount}},Deuda con proveedores: {{amount}},Dû aux fournisseurs : {{amount}},Devido a fornecedores: {{amount}},Долг поставщикам: {{amount}},
reports.control.lowItems,Low on stock: {{count}},أصناف منخفضة المخزون: {{count}},कम स्टॉक वाले आइटम: {{count}},کم اسٹاک والے آئٹمز: {{count}},Con poco stock: {{count}},Stock bas : {{count}},Com estoque baixo: {{count}},Мало на складе: {{count}},
reports.control.compliance,Compliance issues: {{count}},مشاكل الامتثال: {{count}},अनुपालन समस्याएँ: {{count}},تعمیل کے مسائل: {{count}},Problemas de cumplimiento: {{count}},Problèmes de conformité : {{count}},Pendências de conformidade: {{count}},Проблемы с документами: {{count}},
reports.moreRows,Showing the first {{shown}} of {{total}} rows. The PDF and CSV have them all.,عرض أول {{shown}} من {{total}} صفًا. ملف PDF وCSV يحتويان الكل.,{{total}} में से पहली {{shown}} पंक्तियाँ दिख रही हैं। PDF और CSV में सब हैं।,{{total}} میں سے پہلی {{shown}} سطریں دکھائی جا رہی ہیں۔ PDF اور CSV میں سب ہیں۔,Se muestran las primeras {{shown}} de {{total}} filas. El PDF y el CSV las incluyen todas.,Affichage des {{shown}} premières lignes sur {{total}}. Le PDF et le CSV les contiennent toutes.,Mostrando as primeiras {{shown}} de {{total}} linhas. O PDF e o CSV têm todas.,Показаны первые {{shown}} из {{total}} строк. В PDF и CSV есть все.,
reports.vatKinds.sales,Sales (output {{tax}}),المبيعات ({{tax}} المخرجات),बिक्री (आउटपुट {{tax}}),فروخت (آؤٹ پٹ {{tax}}),Ventas ({{tax}} repercutido),Ventes ({{tax}} collectée),Vendas ({{tax}} de saída),Продажи (исходящий {{tax}}),
reports.vatKinds.refunds,Refunds,المرتجعات,रिफ़ंड,رقم واپسی,Reembolsos,Remboursements,Reembolsos,Возвраты,
reports.vatKinds.purchases,Supplier bills (input {{tax}}),فواتير الموردين ({{tax}} المدخلات),सप्लायर बिल (इनपुट {{tax}}),سپلائر بل (ان پٹ {{tax}}),Facturas de proveedores ({{tax}} soportado),Factures fournisseurs ({{tax}} déductible),Contas de fornecedores ({{tax}} de entrada),Счета поставщиков (входящий {{tax}}),
reports.vatKinds.expenses,Expenses (input {{tax}}),المصروفات ({{tax}} المدخلات),ख़र्च (इनपुट {{tax}}),اخراجات (ان پٹ {{tax}}),Gastos ({{tax}} soportado),Dépenses ({{tax}} déductible),Despesas ({{tax}} de entrada),Расходы (входящий {{tax}}),
backup.title,Backup & recovery,النسخ الاحتياطي والاستعادة,बैकअप और रिकवरी,بیک اپ اور بحالی,Copia de seguridad y recuperación,Sauvegarde et restauration,Backup e recuperação,Резервная копия и восстановление,
backup.subtitle,Keep a copy of everything,احتفظ بنسخة من كل شيء,हर चीज़ की एक कॉपी रखें,ہر چیز کی ایک کاپی رکھیں,Guarda una copia de todo,Gardez une copie de tout,Guarde uma cópia de tudo,Храните копию всех данных,
backup.what,Download all your data,نزّل كل بياناتك,अपना सारा डेटा डाउनलोड करें,اپنا سارا ڈیٹا ڈاؤن لوڈ کریں,Descarga todos tus datos,Télécharger toutes vos données,Baixe todos os seus dados,Скачать все данные,
backup.body,"One ZIP file with every list as a spreadsheet (CSV): customers, services, sales, refunds, expenses, bills, stock, staff, attendance, payroll, cash closings, compliance, the ledger and the history.",ملف ZIP واحد يضم كل قائمة كجدول (CSV): العملاء، الخدمات، المبيعات، المرتجعات، المصروفات، الفواتير، المخزون، الموظفون، الحضور، الرواتب، الإغلاقات النقدية، الامتثال، دفتر الأستاذ والسجل.,"एक ZIP फ़ाइल जिसमें हर सूची स्प्रेडशीट (CSV) के रूप में है: ग्राहक, सेवाएँ, बिक्री, रिफ़ंड, ख़र्च, बिल, स्टॉक, स्टाफ़, हाज़िरी, वेतन, नकद क्लोज़िंग, अनुपालन, लेजर और इतिहास।",ایک ZIP فائل جس میں ہر فہرست اسپریڈشیٹ (CSV) کی صورت میں ہے: گاہک، سروسز، فروخت، رقم واپسی، اخراجات، بل، اسٹاک، عملہ، حاضری، تنخواہ، نقد کلوزنگ، تعمیل، لیجر اور تاریخ۔,"Un solo archivo ZIP con cada lista como hoja de cálculo (CSV): clientes, servicios, ventas, reembolsos, gastos, facturas, stock, personal, asistencia, nómina, cierres de caja, cumplimiento, el libro mayor y el historial.","Un fichier ZIP avec chaque liste sous forme de tableur (CSV) : clients, services, ventes, remboursements, dépenses, factures, stock, équipe, présences, paie, clôtures de caisse, conformité, le grand livre et l’historique.","Um arquivo ZIP com cada lista como planilha (CSV): clientes, serviços, vendas, reembolsos, despesas, contas, estoque, equipe, frequência, folha de pagamento, fechamentos de caixa, conformidade, o razão e o histórico.","Один ZIP-файл, в котором каждый список сохранён как таблица (CSV): клиенты, услуги, продажи, возвраты, расходы, счета, склад, сотрудники, посещаемость, зарплата, закрытия кассы, документы и проверки, главная книга и история.",
backup.keepSafe,It holds your customers' phone numbers and your staff's pay. Keep it somewhere private.,يحتوي على أرقام هواتف عملائك ورواتب موظفيك. احفظه في مكان خاص.,इसमें ग्राहकों के फ़ोन नंबर और स्टाफ़ का वेतन है। इसे निजी जगह पर रखें।,اس میں گاہکوں کے فون نمبر اور عملے کی تنخواہیں ہیں۔ اسے نجی جگہ رکھیں۔,Contiene los teléfonos de tus clientes y los sueldos de tu personal. Guárdalo en un lugar privado.,Il contient les numéros de téléphone de vos clients et la paie de votre équipe. Conservez-le dans un endroit privé.,Ele contém os telefones dos seus clientes e o pagamento da sua equipe. Guarde-o em um lugar privado.,"В нём телефоны ваших клиентов и зарплаты сотрудников. Храните его там, где к нему нет доступа посторонним.",
backup.download,Download backup (ZIP),تنزيل النسخة الاحتياطية (ZIP),बैकअप डाउनलोड करें (ZIP),بیک اپ ڈاؤن لوڈ کریں (ZIP),Descargar copia (ZIP),Télécharger la sauvegarde (ZIP),Baixar backup (ZIP),Скачать копию (ZIP),
backup.progress,Reading {{done}} of {{total}}…,قراءة {{done}} من {{total}}…,{{total}} में से {{done}} पढ़ रहे हैं…,{{total}} میں سے {{done}} پڑھ رہے ہیں…,Leyendo {{done}} de {{total}}…,Lecture {{done}} sur {{total}}…,Lendo {{done}} de {{total}}…,Чтение: {{done}} из {{total}}…,
backup.done,Backup ready ({{count}} files),النسخة جاهزة (الملفات: {{count}}),बैकअप तैयार (फ़ाइलें: {{count}}),بیک اپ تیار (فائلیں: {{count}}),Copia lista ({{count}} archivos),Sauvegarde prête ({{count}} fichiers),Backup pronto ({{count}} arquivos),Копия готова (файлов: {{count}}),
backup.done_one,Backup ready ({{count}} file),النسخة جاهزة (الملفات: {{count}}),बैकअप तैयार (फ़ाइलें: {{count}}),بیک اپ تیار (فائلیں: {{count}}),Copia lista ({{count}} archivo),Sauvegarde prête ({{count}} fichier),Backup pronto ({{count}} arquivo),Копия готова ({{count}} файл),
backup.recovery,"Nothing financial is ever deleted in the app, so a mistake is corrected with a refund or a reversal, not by restoring a backup. The backup is your own copy, and what a new system would import.",لا يُحذف أي شيء مالي في التطبيق، لذا يُصحَّح الخطأ باسترداد أو عكس، لا باستعادة نسخة. النسخة الاحتياطية نسختك الخاصة وما يستورده أي نظام جديد.,"ऐप में कोई भी वित्तीय चीज़ मिटाई नहीं जाती, इसलिए ग़लती रिफ़ंड या रिवर्सल से ठीक होती है, बैकअप बहाल करके नहीं। बैकअप आपकी अपनी कॉपी है।",ایپ میں کوئی مالی چیز حذف نہیں ہوتی، اس لیے غلطی رقم واپسی یا ریورسل سے درست ہوتی ہے، بیک اپ بحال کر کے نہیں۔ بیک اپ آپ کی اپنی کاپی ہے۔,"En la app nunca se elimina nada financiero, así que un error se corrige con un reembolso o una reversión, no restaurando una copia. La copia de seguridad es tu propia copia, y lo que importaría un sistema nuevo.","Rien de financier n’est jamais supprimé dans l’app : une erreur se corrige par un remboursement ou une contrepassation, pas en restaurant une sauvegarde. La sauvegarde est votre propre copie, et ce qu’un nouveau système importerait.","Nada financeiro é excluído no app, então um erro é corrigido com um reembolso ou um estorno, e não restaurando um backup. O backup é a sua própria cópia e o que um novo sistema importaria.","В приложении ничего финансового не удаляется, поэтому ошибки исправляются возвратом или аннулированием, а не восстановлением из копии. Копия — это ваш собственный экземпляр данных и то, что сможет импортировать новая система.",
quickSwitch.pinTitle,Quick-switch PIN,رمز التبديل السريع,क्विक-स्विच पिन,فوری تبدیلی پن,PIN de cambio rápido,PIN de changement rapide,PIN de troca rápida,PIN для быстрой смены,
quickSwitch.pinHint,"On a shared counter phone, switch back to yourself with this PIN instead of your password.",على هاتف الكاونتر المشترك، عُد إلى حسابك بهذا الرمز بدل كلمة المرور.,साझा काउंटर फ़ोन पर पासवर्ड की जगह इस पिन से अपने खाते पर लौटें।,مشترکہ کاؤنٹر فون پر پاس ورڈ کی بجائے اس پن سے اپنے اکاؤنٹ پر واپس آئیں۔,"En un teléfono compartido del mostrador, vuelve a tu usuario con este PIN en lugar de tu contraseña.","Sur un téléphone partagé à la caisse, revenez sur votre compte avec ce PIN au lieu de votre mot de passe.","Em um celular compartilhado no balcão, volte para a sua conta com este PIN em vez da senha.",На общем телефоне на кассе возвращайтесь в свой профиль по этому PIN вместо пароля.,
quickSwitch.pin,New PIN (4 digits),رمز جديد (4 أرقام),नया पिन (4 अंक),نیا پن (4 ہندسے),Nuevo PIN (4 dígitos),Nouveau PIN (4 chiffres),Novo PIN (4 dígitos),Новый PIN (4 цифры),
quickSwitch.pinAgain,The same PIN again,الرمز نفسه مرة أخرى,वही पिन दोबारा,وہی پن دوبارہ,Repite el mismo PIN,Confirmez le PIN,Repita o PIN,Повторите PIN,
quickSwitch.pinMismatch,The two PINs are different.,الرمزان مختلفان.,दोनों पिन अलग हैं।,دونوں پن مختلف ہیں۔,Los dos PIN son distintos.,Les deux PIN sont différents.,Os dois PINs são diferentes.,PIN-коды не совпадают.,
quickSwitch.savePin,Save PIN,حفظ الرمز,पिन सहेजें,پن محفوظ کریں,Guardar PIN,Enregistrer le PIN,Salvar PIN,Сохранить PIN,
quickSwitch.pinSaved,PIN saved,تم حفظ الرمز,पिन सहेजा गया,پن محفوظ ہو گیا,PIN guardado,PIN enregistré,PIN salvo,PIN сохранён,
quickSwitch.switchTitle,Switch user,تبديل المستخدم,यूज़र बदलें,صارف بدلیں,Cambiar de usuario,Changer d’utilisateur,Trocar de usuário,Сменить пользователя,
quickSwitch.enterPin,{{name}}'s PIN,رمز {{name}},{{name}} का पिन,{{name}} کا پن,PIN de {{name}},PIN de {{name}},PIN de {{name}},PIN: {{name}},
quickSwitch.switch,Switch,تبديل,बदलें,بدلیں,Cambiar,Changer,Trocar,Сменить,
quickSwitch.nobody,Nobody else is signed in on this phone yet.,لم يسجّل أحد آخر الدخول على هذا الهاتف بعد.,इस फ़ोन पर अभी कोई और साइन इन नहीं है।,اس فون پر ابھی کوئی اور سائن ان نہیں۔,Aún no hay nadie más con sesión iniciada en este teléfono.,Personne d’autre n’est encore connecté sur ce téléphone.,Ninguém mais entrou neste celular ainda.,На этом телефоне пока никто больше не вошёл.,
quickSwitch.addTitle,Someone else,شخص آخر,कोई और,کوئی اور,Otra persona,Quelqu’un d’autre,Outra pessoa,Другой пользователь,
quickSwitch.addHint,"Sign them in once with their password; after they set a PIN, they switch with it.",سجّل دخوله مرة بكلمة المرور؛ وبعد أن يضع رمزًا يبدّل به.,एक बार उनके पासवर्ड से साइन इन करें; पिन सेट करने के बाद वे पिन से बदलते हैं।,ایک بار ان کے پاس ورڈ سے سائن ان کریں؛ پن بنانے کے بعد وہ پن سے بدلتے ہیں۔,"Inicia su sesión una vez con su contraseña; cuando configure un PIN, podrá cambiar con él.","Connectez la personne une fois avec son mot de passe ; une fois son PIN défini, elle change d’utilisateur avec celui-ci.","Entre uma vez com a senha da pessoa; depois que ela definir um PIN, a troca é feita com ele.","Один раз войдите под его паролем; когда он задаст PIN, переключаться можно будет по PIN.",
quickSwitch.login,Username (or owner email),اسم المستخدم (أو بريد المالك),यूज़रनेम (या मालिक का ईमेल),صارف نام (یا مالک کی ای میل),Usuario (o correo del dueño),Nom d’utilisateur (ou e-mail du propriétaire),Nome de usuário (ou e-mail do proprietário),Логин (или эл. почта владельца),
quickSwitch.signIn,Sign in,تسجيل الدخول,साइन इन,سائن ان,Iniciar sesión,Se connecter,Entrar,Войти,
plan.title,Plan & billing,الخطة والفوترة,प्लान और बिलिंग,پلان اور بلنگ,Plan y facturación,Abonnement et facturation,Plano e cobrança,Тариф и оплата,
plan.subtitle,Your salon’s plan,خطة صالونك,आपके सैलून का प्लान,آپ کے سیلون کا پلان,El plan de tu salón,L’abonnement de votre salon,O plano do seu salão,Тариф вашего салона,
plan.name,Salon plan,خطة الصالون,सैलून प्लान,سیلون پلان,Plan del salón,Abonnement Salon,Plano do salão,Тариф для салона,
plan.active,Active,مفعّلة,चालू,فعال,Activo,Actif,Ativo,Активен,
plan.inactive,Not active,غير مفعّلة,चालू नहीं,غیر فعال,Inactivo,Inactif,Inativo,Не активен,
plan.paidUntil,Paid until {{date}}.,مدفوعة حتى {{date}}.,{{date}} तक भुगतान।,{{date}} تک ادائیگی۔,Pagado hasta el {{date}}.,Payé jusqu’au {{date}}.,Pago até {{date}}.,Оплачен до {{date}}.,
plan.notActiveBody,"Queue, sales and the other features start once your plan is active. Setting up (services, team, items) is free.",يبدأ الطابور والمبيعات وباقي الميزات بعد تفعيل خطتك. الإعداد (الخدمات، الفريق، الأصناف) مجاني.,"प्लान चालू होते ही कतार, बिक्री और बाकी सुविधाएँ शुरू होती हैं। सेटअप (सेवाएँ, टीम, आइटम) मुफ़्त है।",پلان فعال ہوتے ہی قطار، فروخت اور باقی خصوصیات شروع ہوتی ہیں۔ سیٹ اپ (سروسز، ٹیم، آئٹمز) مفت ہے۔,"La fila, las ventas y las demás funciones empiezan cuando tu plan esté activo. La configuración (servicios, equipo, artículos) es gratis.","La file, les ventes et les autres fonctions démarrent dès que votre abonnement est actif. La configuration (services, équipe, articles) est gratuite.","A fila, as vendas e os outros recursos começam a funcionar quando seu plano estiver ativo. A configuração (serviços, equipe, itens) é gratuita.","Очередь, продажи и другие функции заработают, когда тариф станет активным. Настройка (услуги, команда, позиции) бесплатна.",
plan.perBranchMonth,"per branch, per month",لكل فرع شهريًا,"प्रति ब्रांच, प्रति माह",فی برانچ، فی مہینہ,"por sucursal, al mes",par succursale et par mois,"por filial, por mês",за филиал в месяц,
plan.forBranches,Branches: {{count}} · {{total}} a month,الفروع: {{count}} · {{total}} شهريًا,ब्रांच: {{count}} · {{total}} प्रति माह,برانچز: {{count}} · {{total}} ماہانہ,Sucursales: {{count}} · {{total}} al mes,Succursales : {{count}} · {{total}} par mois,Filiais: {{count}} · {{total}} por mês,Филиалов: {{count}} · {{total}} в месяц,
plan.included.queue,"Walk-ins, bookings and the live queue",الزبائن بلا موعد والحجوزات والطابور المباشر,"वॉक-इन, बुकिंग और लाइव कतार",واک اِن، بکنگ اور لائیو قطار,"Clientes sin cita, reservas y la fila en vivo","Clients sans RDV, réservations et file en direct","Clientes sem agendamento, agendamentos e a fila ao vivo","Клиенты без записи, записи и живая очередь",
plan.included.sale,"Quick sale, receipts and refunds",البيع السريع والإيصالات والمرتجعات,"क्विक सेल, रसीद और रिफ़ंड",فوری فروخت، رسید اور رقم واپسی,"Venta rápida, recibos y reembolsos","Vente rapide, reçus et remboursements","Venda rápida, recibos e reembolsos","Быстрая продажа, чеки и возвраты",
plan.included.money,"Expenses, purchases, stock and cash closing",المصروفات والمشتريات والمخزون وإغلاق النقد,"ख़र्च, ख़रीद, स्टॉक और नकद क्लोज़िंग",اخراجات، خریداری، اسٹاک اور نقد کلوزنگ,"Gastos, compras, stock y cierre de caja","Dépenses, achats, stock et clôture de caisse","Despesas, compras, estoque e fechamento de caixa","Расходы, закупки, склад и закрытие кассы",
plan.included.people,"Staff, attendance and payroll",الموظفون والحضور والرواتب,"स्टाफ़, हाज़िरी और पेरोल",عملہ، حاضری اور پے رول,"Personal, asistencia y nómina","Équipe, présences et paie","Equipe, frequência e folha de pagamento","Сотрудники, посещаемость и зарплата",
plan.included.compliance,Licence reminders and hygiene log,تذكير التراخيص وسجل النظافة,लाइसेंस रिमाइंडर और हाइजीन लॉग,لائسنس کی یاددہانی اور حفظانِ صحت لاگ,Recordatorios de licencias y registro de higiene,Rappels de licences et registre d’hygiène,Lembretes de licenças e registro de higiene,Напоминания о лицензиях и журнал гигиены,
plan.included.books,"Books, reports, backups and all languages",الدفاتر والتقارير والنسخ الاحتياطي وكل اللغات,"खाते, रिपोर्ट, बैकअप और सभी भाषाएँ",کھاتے، رپورٹس، بیک اپ اور تمام زبانیں,"Libros, informes, copias de seguridad y todos los idiomas","Comptabilité, rapports, sauvegardes et toutes les langues","Livros, relatórios, backups e todos os idiomas","Учёт, отчёты, резервные копии и все языки",
plan.included.peopleUae,"Staff, attendance, payroll and WPS",الموظفون والحضور والرواتب وحماية الأجور,"स्टाफ़, हाज़िरी, पेरोल और WPS",عملہ، حاضری، پے رول اور WPS,"Personal, asistencia, nómina y WPS","Équipe, présences, paie et WPS","Equipe, frequência, folha de pagamento e WPS","Сотрудники, посещаемость, зарплата и WPS",
plan.included.complianceUae,UAE compliance and hygiene log,الامتثال في الإمارات وسجل النظافة,UAE अनुपालन और हाइजीन लॉग,UAE تعمیل اور حفظانِ صحت لاگ,Cumplimiento de los EAU y registro de higiene,Conformité EAU et registre d’hygiène,Conformidade nos Emirados e registro de higiene,Требования ОАЭ и журнал гигиены,
plan.requestTitle,Switch on your plan,فعّل خطتك,अपना प्लान चालू करें,اپنا پلان فعال کریں,Activa tu plan,Activer votre abonnement,Ativar seu plano,Включить тариф,
plan.extendTitle,Pay for more months,ادفع لأشهر إضافية,और महीनों का भुगतान करें,مزید مہینوں کی ادائیگی کریں,Paga más meses,Payer des mois supplémentaires,Pagar mais meses,Оплатить ещё месяцы,
plan.requested,You asked for {{months}} month(s) on {{date}}. It switches on as soon as the payment is received.,طلبت {{months}} شهر/أشهر في {{date}}. تُفعّل فور استلام الدفعة.,आपने {{date}} को {{months}} महीने माँगे। भुगतान मिलते ही चालू होगा।,آپ نے {{date}} کو {{months}} مہینے مانگے۔ ادائیگی ملتے ہی فعال ہوگا۔,Pediste {{months}} mes(es) el {{date}}. Se activa en cuanto recibamos el pago.,Vous avez demandé {{months}} mois le {{date}}. L’abonnement s’active dès réception du paiement.,Você pediu {{months}} mês(es) em {{date}}. O plano é ativado assim que o pagamento for recebido.,Вы запросили {{months}} мес. ({{date}}). Тариф включится сразу после поступления оплаты.,
plan.monthsOption.1,1 month,شهر واحد,1 महीना,1 مہینہ,1 mes,1 mois,1 mês,1 месяц,
plan.monthsOption.3,3 months,3 أشهر,3 महीने,3 مہینے,3 meses,3 mois,3 meses,3 месяца,
plan.monthsOption.6,6 months,6 أشهر,6 महीने,6 مہینے,6 meses,6 mois,6 meses,6 месяцев,
plan.monthsOption.12,12 months,12 شهرًا,12 महीने,12 مہینے,12 meses,12 mois,12 meses,12 месяцев,
plan.total,Total: {{total}},الإجمالي: {{total}},कुल: {{total}},کل: {{total}},Total: {{total}},Total : {{total}},Total: {{total}},Итого: {{total}},
plan.note,Note (optional),ملاحظة (اختياري),नोट (वैकल्पिक),نوٹ (اختیاری),Nota (opcional),Note (facultatif),Observação (opcional),Примечание (необязательно),
plan.notePlaceholder,e.g. paying by bank transfer,مثلًا: الدفع بتحويل بنكي,जैसे बैंक ट्रांसफ़र से भुगतान,مثلاً بینک ٹرانسفر سے ادائیگی,"p. ej., pago por transferencia bancaria",par ex. paiement par virement bancaire,ex.: pagando por transferência bancária,"например, оплата банковским переводом",
plan.requestAction,Ask to switch on,اطلب التفعيل,चालू करने को कहें,فعال کرنے کی درخواست,Pedir la activación,Demander l’activation,Pedir ativação,Запросить включение,
plan.requestSent,Request sent. We’ll switch it on once paid.,تم إرسال الطلب. سنفعّلها بعد الدفع.,अनुरोध भेजा गया। भुगतान के बाद चालू करेंगे।,درخواست بھیج دی۔ ادائیگی کے بعد فعال کریں گے۔,Solicitud enviada. Lo activaremos cuando se pague.,Demande envoyée. Nous l’activerons dès réception du paiement.,Pedido enviado. Vamos ativar o plano assim que o pagamento for recebido.,Запрос отправлен. Мы включим тариф после оплаты.,
plan.howToPay,"Card payments in the app are coming. For now we contact you to take the payment by bank transfer or a card link, then switch the plan on.",الدفع بالبطاقة داخل التطبيق قادم قريبًا. حاليًا نتواصل معك لاستلام الدفعة بتحويل بنكي أو رابط دفع، ثم نفعّل الخطة.,"ऐप में कार्ड भुगतान जल्द आ रहा है। अभी हम बैंक ट्रांसफ़र या कार्ड लिंक से भुगतान के लिए संपर्क करते हैं, फिर प्लान चालू करते हैं।",ایپ میں کارڈ ادائیگی جلد آ رہی ہے۔ ابھی ہم بینک ٹرانسفر یا کارڈ لنک سے ادائیگی کے لیے رابطہ کرتے ہیں، پھر پلان فعال کرتے ہیں۔,"Pronto podrás pagar con tarjeta en la app. Por ahora te contactamos para cobrar por transferencia bancaria o con un enlace de pago con tarjeta, y luego activamos el plan.","Le paiement par carte dans l’app arrive bientôt. En attendant, nous vous contactons pour encaisser le paiement par virement bancaire ou par lien de paiement carte, puis nous activons l’abonnement.","Pagamentos com cartão no app estão chegando. Por enquanto, entramos em contato para receber o pagamento por transferência bancária ou link de cartão e depois ativamos o plano.","Оплата картой в приложении скоро появится. Пока мы свяжемся с вами, чтобы принять оплату банковским переводом или по ссылке для оплаты картой, а затем включим тариф.",
plan.banner.title,Switch on your plan,فعّل خطتك,अपना प्लान चालू करें,اپنا پلان فعال کریں,Activa tu plan,Activer votre abonnement,Ative seu plano,Включите тариф,
plan.banner.body,"Queue, sales and the other features start once your plan is active: {{price}} per branch a month.",يبدأ الطابور والمبيعات وباقي الميزات بعد تفعيل خطتك: {{price}} لكل فرع شهريًا.,"प्लान चालू होते ही कतार, बिक्री और बाकी सुविधाएँ शुरू होती हैं: {{price}} प्रति ब्रांच प्रति माह।",پلان فعال ہوتے ہی قطار، فروخت اور باقی خصوصیات شروع ہوتی ہیں: {{price}} فی برانچ ماہانہ۔,"La fila, las ventas y las demás funciones empiezan cuando tu plan esté activo: {{price}} por sucursal al mes.","La file, les ventes et les autres fonctions démarrent dès que votre abonnement est actif : {{price}} par succursale et par mois.","A fila, as vendas e os outros recursos começam quando seu plano estiver ativo: {{price}} por filial por mês.","Очередь, продажи и другие функции заработают, когда тариф станет активным: {{price}} за филиал в месяц.",
plan.banner.requestedTitle,Plan requested,تم طلب الخطة,प्लान माँगा गया,پلان کی درخواست ہو گئی,Plan solicitado,Abonnement demandé,Plano solicitado,Тариф запрошен,
plan.banner.requestedBody,It switches on as soon as the payment is received ({{price}} per branch a month).,تُفعّل فور استلام الدفعة ({{price}} لكل فرع شهريًا).,भुगतान मिलते ही चालू होगा ({{price}} प्रति ब्रांच प्रति माह)।,ادائیگی ملتے ہی فعال ہوگا ({{price}} فی برانچ ماہانہ)۔,Se activa en cuanto recibamos el pago ({{price}} por sucursal al mes).,Il s’active dès réception du paiement ({{price}} par succursale et par mois).,Ele é ativado assim que o pagamento for recebido ({{price}} por filial por mês).,Он включится сразу после поступления оплаты ({{price}} за филиал в месяц).,
plan.banner.action,See plan,عرض الخطة,प्लान देखें,پلان دیکھیں,Ver plan,Voir l’abonnement,Ver plano,Открыть тариф,
plan.banner.staffTitle,The salon’s plan isn’t active,خطة الصالون غير مفعّلة,सैलून का प्लान चालू नहीं है,سیلون کا پلان فعال نہیں,El plan del salón no está activo,L’abonnement du salon n’est pas actif,O plano do salão não está ativo,Тариф салона не активен,
plan.banner.staffBody,Ask the owner to switch it on. You can still look around.,اطلب من المالك تفعيلها. يمكنك التصفح.,मालिक से चालू करने को कहें। आप देख सकते हैं।,مالک سے فعال کرنے کو کہیں۔ آپ دیکھ سکتے ہیں۔,Pide al dueño que lo active. Mientras tanto puedes echar un vistazo.,Demandez au propriétaire de l’activer. Vous pouvez quand même consulter l’app.,Peça ao proprietário para ativá-lo. Você ainda pode explorar o app.,Попросите владельца включить его. Пока можно просто посмотреть приложение.,
plan.extendAction,Ask to add months,اطلب إضافة أشهر,और महीने जोड़ने को कहें,مزید مہینے شامل کرنے کی درخواست,Pedir más meses,Demander des mois en plus,Pedir mais meses,Запросить продление,
plan.store.inactiveBody,"This salon’s plan isn’t active, so nothing new can be saved for now. Everything already saved can still be viewed.",خطة هذا الصالون غير مفعّلة، لذلك لا يمكن حفظ أي شيء جديد الآن. يمكنك الاطلاع على كل ما تم حفظه.,"इस सैलून का प्लान सक्रिय नहीं है, इसलिए अभी कुछ नया सेव नहीं किया जा सकता। जो पहले से सेव है, वह सब देखा जा सकता है।",اس سیلون کا پلان فعال نہیں ہے، اس لیے ابھی کچھ نیا محفوظ نہیں ہو سکتا۔ جو پہلے سے محفوظ ہے وہ سب دیکھا جا سکتا ہے۔,"El plan de este salón no está activo, así que por ahora no se puede guardar nada nuevo. Todo lo guardado se puede seguir consultando.",L’abonnement de ce salon n’est pas actif : rien de nouveau ne peut être enregistré pour l’instant. Tout ce qui est déjà enregistré reste consultable.,"O plano deste salão não está ativo, então nada novo pode ser salvo por enquanto. Tudo o que já foi salvo continua disponível para consulta.","Тариф этого салона не активен, поэтому пока нельзя сохранить ничего нового. Всё, что уже сохранено, можно просматривать.",
plan.pay.title,How to pay,طريقة الدفع,भुगतान कैसे करें,ادائیگی کیسے کریں,Cómo pagar,Comment payer,Como pagar,Как оплатить,
plan.pay.byCard,Pay by card,ادفع بالبطاقة,कार्ड से भुगतान करें,کارڈ سے ادائیگی کریں,Pagar con tarjeta,Payer par carte,Pagar com cartão,Оплатить картой,
plan.pay.byTransfer,Bank transfer,تحويل بنكي,बैंक ट्रांसफ़र,بینک ٹرانسفر,Transferencia bancaria,Virement bancaire,Transferência bancária,Банковский перевод,
plan.pay.bank,Bank,البنك,बैंक,بینک,Banco,Banque,Banco,Банк,
plan.pay.accountName,Account name,اسم الحساب,खाते का नाम,اکاؤنٹ کا نام,Titular de la cuenta,Titulaire du compte,Titular da conta,Получатель,
plan.pay.iban,IBAN,رقم الآيبان,IBAN,IBAN,IBAN,IBAN,IBAN,IBAN,
plan.pay.swift,SWIFT / BIC,SWIFT / BIC,SWIFT / BIC,SWIFT / BIC,SWIFT / BIC,SWIFT / BIC,SWIFT / BIC,SWIFT / BIC,
plan.pay.reference,Reference,المرجع,रेफ़रेंस,ریفرنس,Referencia,Référence,Referência,Назначение платежа,
plan.pay.referenceHint,"Put your salon code as the payment reference, then tap “Ask to switch on” below. Your plan starts as soon as the payment arrives.",اكتب رمز صالونك كمرجع للدفع، ثم اضغط «اطلب التفعيل» أدناه. تبدأ خطتك فور وصول الدفعة.,"भुगतान के रेफ़रेंस में अपना सैलून कोड लिखें, फिर नीचे “चालू करने को कहें” दबाएँ। भुगतान मिलते ही आपका प्लान शुरू हो जाएगा।",ادائیگی کے ریفرنس میں اپنا سیلون کوڈ لکھیں، پھر نیچے “فعال کرنے کی درخواست” دبائیں۔ ادائیگی ملتے ہی آپ کا پلان شروع ہو جائے گا۔,Pon el código de tu salón como referencia del pago y luego toca “Pedir la activación” abajo. Tu plan empieza en cuanto llegue el pago.,"Indiquez le code de votre salon comme référence du paiement, puis touchez « Demander l’activation » ci-dessous. Votre abonnement démarre dès réception du paiement.",Use o código do seu salão como referência do pagamento e toque em “Pedir ativação” abaixo. Seu plano começa assim que o pagamento chegar.,"Укажите код салона в назначении платежа, затем нажмите «Запросить включение» ниже. Тариф начнёт действовать, как только поступит оплата.",
admin.title,Salons & plans,الصالونات والخطط,सैलून और प्लान,سیلون اور پلان,Salones y planes,Salons et abonnements,Salões e planos,Салоны и тарифы,
admin.subtitle,"Every salon, and who asked for a plan",كل الصالونات ومن طلب خطة,"हर सैलून, और किसने प्लान माँगा",ہر سیلون، اور کس نے پلان مانگا,Todos los salones y quién pidió un plan,"Tous les salons, et qui a demandé un abonnement",Todos os salões e quem pediu um plano,Все салоны и запросы на тариф,
admin.empty,No salons yet.,لا صالونات بعد.,अभी कोई सैलून नहीं।,ابھی کوئی سیلون نہیں۔,Aún no hay salones.,Aucun salon pour l’instant.,Nenhum salão ainda.,Салонов пока нет.,
admin.meta,Code {{code}} · branches {{branches}} · joined {{date}},الرمز {{code}} · الفروع {{branches}} · انضم {{date}},कोड {{code}} · ब्रांच {{branches}} · जुड़े {{date}},کوڈ {{code}} · برانچز {{branches}} · شامل {{date}},Código {{code}} · sucursales {{branches}} · alta {{date}},Code {{code}} · succursales {{branches}} · inscrit le {{date}},Código {{code}} · filiais {{branches}} · entrou em {{date}},Код {{code}} · филиалов: {{branches}} · с {{date}},
admin.requested,Asked for {{months}} month(s). {{note}},طلب {{months}} شهر/أشهر. {{note}},{{months}} महीने माँगे। {{note}},{{months}} مہینے مانگے۔ {{note}},Pidió {{months}} mes(es). {{note}},A demandé {{months}} mois. {{note}},Pediu {{months}} mês(es). {{note}},Запрошено мес.: {{months}}. {{note}},
admin.asked,Asked,طلب,माँगा,مانگا,Solicitado,Demandé,Pedido,Запрошено,
admin.until,Until {{date}},حتى {{date}},{{date}} तक,{{date}} تک,Hasta el {{date}},Jusqu’au {{date}},Até {{date}},До {{date}},
admin.amount,Amount received,المبلغ المستلم,मिली राशि,موصول رقم,Monto recibido,Montant reçu,Valor recebido,Полученная сумма,
admin.note,Note,ملاحظة,नोट,نوٹ,Nota,Note,Observação,Примечание,
admin.notePlaceholder,e.g. bank transfer ref,مثلًا: مرجع التحويل,जैसे बैंक ट्रांसफ़र रेफ़,مثلاً بینک ٹرانسفر حوالہ,"p. ej., ref. de transferencia bancaria",par ex. réf. du virement,ex.: ref. da transferência bancária,"например, номер банковского перевода",
admin.recordPayment,Record payment ({{total}}),تسجيل الدفعة ({{total}}),भुगतान दर्ज करें ({{total}}),ادائیگی درج کریں ({{total}}),Registrar pago ({{total}}),Enregistrer le paiement ({{total}}),Registrar pagamento ({{total}}),Записать оплату ({{total}}),
admin.activated,{{name}}: plan switched on,{{name}}: تم تفعيل الخطة,{{name}}: प्लान चालू,{{name}}: پلان فعال,{{name}}: plan activado,{{name}} : abonnement activé,{{name}}: plano ativado,{{name}}: тариф включён,
admin.endPlan,End plan (note needed),إنهاء الخطة (مع ملاحظة),प्लान बंद करें (नोट ज़रूरी),پلان ختم کریں (نوٹ ضروری),Terminar plan (requiere nota),Mettre fin à l’abonnement (note requise),Encerrar plano (observação obrigatória),Завершить тариф (нужно примечание),
admin.ended,{{name}}: plan ended,{{name}}: انتهت الخطة,{{name}}: प्लान बंद,{{name}}: پلان ختم,{{name}}: plan terminado,{{name}} : abonnement terminé,{{name}}: plano encerrado,{{name}}: тариф завершён,
admin.hint,"The plan runs from today, or from its current end if it is still running. Ending it keeps all the salon’s data.",تبدأ الخطة من اليوم، أو من نهايتها الحالية إن كانت سارية. الإنهاء يحتفظ بكل بيانات الصالون.,"प्लान आज से चलता है, या चालू हो तो उसके अंत से। बंद करने पर सैलून का सारा डेटा रहता है।",پلان آج سے چلتا ہے، یا فعال ہو تو اس کے اختتام سے۔ ختم کرنے پر سیلون کا سارا ڈیٹا رہتا ہے۔,"El plan cuenta desde hoy, o desde su fecha de fin actual si sigue vigente. Al terminarlo se conservan todos los datos del salón.","L’abonnement court à partir d’aujourd’hui, ou de sa date de fin actuelle s’il est encore en cours. Y mettre fin conserve toutes les données du salon.","O plano vale a partir de hoje, ou a partir do fim atual se ainda estiver em vigor. Encerrá-lo mantém todos os dados do salão.","Тариф действует с сегодняшнего дня или с даты окончания текущего, если он ещё действует. При завершении тарифа все данные салона сохраняются.",
admin.pay.button,Payment details,بيانات الدفع,भुगतान विवरण,ادائیگی کی تفصیلات,Datos de pago,Coordonnées de paiement,Dados de pagamento,Платёжные реквизиты,
admin.pay.title,Where salons pay,أين تدفع الصالونات,सैलून कहाँ भुगतान करें,سیلون کہاں ادائیگی کریں,Dónde pagan los salones,Où les salons paient,Onde os salões pagam,Куда платят салоны,
admin.pay.hint,"Shown on every salon’s Plan page on the website. Fill in a bank account, a card payment link (Stripe, PayPal, Ziina…), or both; empty fields are not shown.",تظهر في صفحة الخطة لكل صالون على الموقع. أدخل حسابًا بنكيًا أو رابط دفع بالبطاقة (Stripe أو PayPal أو Ziina…) أو كليهما؛ الحقول الفارغة لا تظهر.,"वेबसाइट पर हर सैलून के प्लान पेज पर दिखता है। बैंक खाता, कार्ड भुगतान लिंक (Stripe, PayPal, Ziina…) या दोनों भरें; खाली फ़ील्ड नहीं दिखते।",ویب سائٹ پر ہر سیلون کے پلان پیج پر دکھائی دیتی ہیں۔ بینک اکاؤنٹ، کارڈ ادائیگی لنک (Stripe، PayPal، Ziina…) یا دونوں بھریں؛ خالی خانے نہیں دکھتے۔,"Se muestra en la página Plan de cada salón en el sitio web. Completa una cuenta bancaria, un enlace de pago con tarjeta (Stripe, PayPal, Ziina…) o ambos; los campos vacíos no se muestran.","Affiché sur la page Abonnement de chaque salon sur le site web. Renseignez un compte bancaire, un lien de paiement par carte (Stripe, PayPal, Ziina…) ou les deux ; les champs vides ne sont pas affichés.","Aparece na página Plano de todos os salões no site. Preencha uma conta bancária, um link de pagamento com cartão (Stripe, PayPal, Ziina…) ou ambos; campos vazios não são exibidos.","Показываются на странице «Тариф» каждого салона на сайте. Укажите банковский счёт, ссылку для оплаты картой (Stripe, PayPal, Ziina…) или и то и другое; пустые поля не показываются.",
admin.pay.transfer,Bank transfer,تحويل بنكي,बैंक ट्रांसफ़र,بینک ٹرانسفر,Transferencia bancaria,Virement bancaire,Transferência bancária,Банковский перевод,
admin.pay.card,Card payment link,رابط الدفع بالبطاقة,कार्ड भुगतान लिंक,کارڈ ادائیگی لنک,Enlace de pago con tarjeta,Lien de paiement par carte,Link de pagamento com cartão,Ссылка для оплаты картой,
admin.pay.fields.bank_name,Bank,البنك,बैंक,بینک,Banco,Banque,Banco,Банк,
admin.pay.fields.bank_account_name,Account name,اسم الحساب,खाते का नाम,اکاؤنٹ کا نام,Titular de la cuenta,Titulaire du compte,Titular da conta,Получатель,
admin.pay.fields.bank_iban,IBAN,رقم الآيبان,IBAN,IBAN,IBAN,IBAN,IBAN,IBAN,
admin.pay.fields.bank_swift,SWIFT / BIC (optional),SWIFT / BIC (اختياري),SWIFT / BIC (वैकल्पिक),SWIFT / BIC (اختیاری),SWIFT / BIC (opcional),SWIFT / BIC (facultatif),SWIFT / BIC (opcional),SWIFT / BIC (необязательно),
admin.pay.fields.pay_link_url,Payment link (https://…),رابط الدفع (https://…),भुगतान लिंक (https://…),ادائیگی لنک (https://…),Enlace de pago (https://…),Lien de paiement (https://…),Link de pagamento (https://…),Ссылка для оплаты (https://…),
admin.pay.fields.pay_note,Note for salons (optional),ملاحظة للصالونات (اختياري),सैलून के लिए नोट (वैकल्पिक),سیلون کے لیے نوٹ (اختیاری),Nota para los salones (opcional),Note pour les salons (facultatif),Observação para os salões (opcional),Примечание для салонов (необязательно),
admin.pay.saved,Payment details saved,تم حفظ بيانات الدفع,भुगतान विवरण सेव हो गया,ادائیگی کی تفصیلات محفوظ ہو گئیں,Datos de pago guardados,Coordonnées de paiement enregistrées,Dados de pagamento salvos,Платёжные реквизиты сохранены,
account.delete.row,Delete my account,حذف حسابي,मेरा खाता हटाएँ,میرا اکاؤنٹ حذف کریں,Eliminar mi cuenta,Supprimer mon compte,Excluir minha conta,Удалить мой аккаунт,
account.delete.title,Delete your account,حذف حسابك,अपना खाता हटाएँ,اپنا اکاؤنٹ حذف کریں,Eliminar tu cuenta,Supprimer votre compte,Excluir sua conta,Удаление аккаунта,
account.delete.ownerBody,"This closes {{salon}}. Every login for it stops working, your team’s too, and its plan ends. Nothing new can be added after that.",سيؤدي هذا إلى إغلاق {{salon}}. ستتوقف جميع حسابات الدخول إليه، بما فيها حسابات فريقك، وتنتهي خطته. لا يمكن إضافة أي شيء جديد بعد ذلك.,"इससे {{salon}} बंद हो जाएगा। इसके सभी लॉगिन काम करना बंद कर देंगे, आपकी टीम के भी, और इसका प्लान समाप्त हो जाएगा। इसके बाद कुछ नया नहीं जोड़ा जा सकेगा।",اس سے {{salon}} بند ہو جائے گا۔ اس کے تمام لاگ اِن کام کرنا بند کر دیں گے، آپ کی ٹیم کے بھی، اور اس کا پلان ختم ہو جائے گا۔ اس کے بعد کچھ نیا شامل نہیں کیا جا سکے گا۔,"Esto cierra {{salon}}. Todos sus accesos dejan de funcionar, también los de tu equipo, y su plan termina. Después no se podrá agregar nada nuevo.","Cela ferme {{salon}}. Tous ses accès cessent de fonctionner, y compris ceux de votre équipe, et son abonnement prend fin. Plus rien ne pourra être ajouté ensuite.","Isso encerra {{salon}}. Todos os logins dele deixam de funcionar, inclusive os da sua equipe, e o plano termina. Nada novo poderá ser adicionado depois disso.","Салон {{salon}} будет закрыт. Все его логины перестанут работать, включая логины вашей команды, а тариф завершится. После этого ничего нового добавить будет нельзя.",
account.delete.staffBody,Your login stops working and your name is taken off it. {{salon}} carries on without you.,سيتوقف حساب دخولك ويُحذف اسمك منه. يستمر {{salon}} في العمل من دونك.,आपका लॉगिन काम करना बंद कर देगा और उससे आपका नाम हटा दिया जाएगा। {{salon}} आपके बिना चलता रहेगा।,آپ کا لاگ اِن کام کرنا بند کر دے گا اور اس سے آپ کا نام ہٹا دیا جائے گا۔ {{salon}} آپ کے بغیر چلتا رہے گا۔,Tu acceso deja de funcionar y se quita tu nombre de él. {{salon}} sigue funcionando sin ti.,Votre accès cesse de fonctionner et votre nom en est retiré. {{salon}} continue sans vous.,Seu login deixa de funcionar e seu nome é removido dele. {{salon}} continua sem você.,"Ваш логин перестанет работать, а ваше имя будет из него удалено. {{salon}} продолжит работу без вас.",
account.delete.kept,"The salon’s records (sales, tax, expenses, purchases and payroll) are kept for at least five years, as tax law requires, and then deleted.",تُحفظ سجلات الصالون (المبيعات والضريبة والمصاريف والمشتريات والرواتب) خمس سنوات على الأقل كما يشترط قانون الضرائب، ثم تُحذف.,"सैलून के रिकॉर्ड (बिक्री, टैक्स, खर्च, खरीद और वेतन) कर कानून के अनुसार कम से कम पाँच साल तक रखे जाते हैं, फिर हटा दिए जाते हैं।",سیلون کے ریکارڈ (فروخت، ٹیکس، اخراجات، خریداری اور تنخواہیں) ٹیکس قانون کے مطابق کم از کم پانچ سال تک رکھے جاتے ہیں، پھر حذف کر دیے جاتے ہیں۔,"Los registros del salón (ventas, impuestos, gastos, compras y nómina) se conservan al menos cinco años, como exige la ley fiscal, y después se eliminan.","Les données du salon (ventes, taxes, dépenses, achats et paie) sont conservées au moins cinq ans, comme l’exige la loi fiscale, puis supprimées.","Os registros do salão (vendas, impostos, despesas, compras e folha de pagamento) são guardados por pelo menos cinco anos, como exige a lei tributária, e depois excluídos.","Записи салона (продажи, налоги, расходы, закупки и зарплата) хранятся не менее пяти лет, как того требует налоговое законодательство, а затем удаляются.",
account.delete.backupFirst,Make a backup first,أنشئ نسخة احتياطية أولاً,पहले बैकअप बनाएँ,پہلے بیک اپ بنائیں,Haz primero una copia de seguridad,Faire d’abord une sauvegarde,Fazer um backup antes,Сначала сделайте резервную копию,
account.delete.typeLabel,Type {{word}} to confirm,اكتب {{word}} للتأكيد,पुष्टि के लिए {{word}} लिखें,تصدیق کے لیے {{word}} لکھیں,Escribe {{word}} para confirmar,Saisissez {{word}} pour confirmer,Digite {{word}} para confirmar,Введите {{word}} для подтверждения,
account.delete.word,DELETE,حذف,DELETE,DELETE,ELIMINAR,SUPPRIMER,EXCLUIR,УДАЛИТЬ,
account.delete.action,Delete my account,حذف حسابي,मेरा खाता हटाएँ,میرا اکاؤنٹ حذف کریں,Eliminar mi cuenta,Supprimer mon compte,Excluir minha conta,Удалить мой аккаунт,
legal.updated,Last updated {{date}},آخر تحديث {{date}},अंतिम अपडेट {{date}},آخری اپ ڈیٹ {{date}},Última actualización: {{date}},Dernière mise à jour : {{date}},Última atualização: {{date}},Последнее обновление: {{date}},
legal.agree,By creating an account you agree to the terms and the privacy policy.,بإنشاء حساب، فإنك توافق على الشروط وسياسة الخصوصية.,खाता बनाकर आप शर्तों और गोपनीयता नीति से सहमत होते हैं।,اکاؤنٹ بنا کر آپ شرائط اور رازداری کی پالیسی سے اتفاق کرتے ہیں۔,"Al crear una cuenta, aceptas los términos y la política de privacidad.","En créant un compte, vous acceptez les conditions d’utilisation et la politique de confidentialité.","Ao criar uma conta, você concorda com os termos de uso e a política de privacidade.","Создавая аккаунт, вы принимаете условия использования и политику конфиденциальности.",
legal.contact.title,Contact,التواصل,संपर्क,رابطہ,Contacto,Contact,Contato,Контакты,
legal.contact.body,Questions or requests: {{email}},للأسئلة أو الطلبات: {{email}},प्रश्न या अनुरोध: {{email}},سوالات یا درخواستیں: {{email}},Preguntas o solicitudes: {{email}},Questions ou demandes : {{email}},Dúvidas ou solicitações: {{email}},Вопросы и запросы: {{email}},
legal.privacy.title,Privacy policy,سياسة الخصوصية,गोपनीयता नीति,رازداری کی پالیسی,Política de privacidad,Politique de confidentialité,Política de privacidade,Политика конфиденциальности,
legal.privacy.intro,"This policy explains what {{app}} collects, why, and the choices you have. {{app}} is software that barber shops and ladies salons use to run their day: queue, sales, stock, staff, payroll and tax.",توضح هذه السياسة ما يجمعه {{app}} ولماذا، والخيارات المتاحة لك. {{app}} برنامج تستخدمه محلات الحلاقة وصالونات السيدات لإدارة يومها: الطابور والمبيعات والمخزون والموظفين والرواتب والضريبة.,"यह नीति बताती है कि {{app}} क्या जानकारी लेता है, क्यों, और आपके पास क्या विकल्प हैं। {{app}} एक सॉफ़्टवेयर है जिसे बार्बर शॉप और लेडीज़ सैलून अपना दिन चलाने के लिए इस्तेमाल करते हैं: कतार, बिक्री, स्टॉक, स्टाफ़, वेतन और टैक्स।",یہ پالیسی بتاتی ہے کہ {{app}} کیا معلومات لیتا ہے، کیوں، اور آپ کے پاس کیا اختیارات ہیں۔ {{app}} ایک سافٹ ویئر ہے جسے باربر شاپس اور لیڈیز سیلون اپنا دن چلانے کے لیے استعمال کرتے ہیں: قطار، فروخت، اسٹاک، عملہ، تنخواہیں اور ٹیکس۔,"Esta política explica qué recopila {{app}}, por qué lo hace y qué opciones tienes. {{app}} es un software que usan barberías y salones de damas para gestionar su día a día: fila, ventas, stock, personal, nómina e impuestos.","Cette politique explique ce que {{app}} collecte, pourquoi, et les choix dont vous disposez. {{app}} est un logiciel que les barbiers et les salons pour femmes utilisent pour gérer leur journée : file d’attente, ventes, stock, équipe, paie et taxes.","Esta política explica o que o {{app}} coleta, por que coleta e quais escolhas você tem. O {{app}} é um software que barbearias e salões femininos usam para gerenciar o dia a dia: fila, vendas, estoque, equipe, folha de pagamento e impostos.","Эта политика объясняет, какие данные собирает {{app}}, зачем и какой выбор у вас есть. {{app}} — это программа, с помощью которой барбершопы и женские салоны ведут свой рабочий день: очередь, продажи, склад, сотрудники, зарплата и налоги.",
legal.privacy.who.title,Who we are,من نحن,हम कौन हैं,ہم کون ہیں,Quiénes somos,Qui nous sommes,Quem somos,Кто мы,
legal.privacy.who.body,"{{app}} (“we”) provides the app and the website. For the details a salon keeps about its own customers and staff, the salon decides what is recorded and why; we store and process them for the salon, on its instructions.",يقدّم {{app}} («نحن») التطبيق والموقع الإلكتروني. أما البيانات التي يحتفظ بها الصالون عن عملائه وموظفيه، فالصالون هو من يقرر ما يُسجَّل ولماذا، ونحن نخزّنها ونعالجها لصالحه وفق تعليماته.,"{{app}} (“हम”) ऐप और वेबसाइट प्रदान करता है। सैलून अपने ग्राहकों और स्टाफ़ के बारे में जो जानकारी रखता है, उसमें क्या दर्ज हो और क्यों, यह सैलून तय करता है; हम उसे सैलून के लिए, उसके निर्देशों पर, संग्रहीत और संसाधित करते हैं।",{{app}} (“ہم”) ایپ اور ویب سائٹ فراہم کرتا ہے۔ سیلون اپنے گاہکوں اور عملے کے بارے میں جو معلومات رکھتا ہے، ان میں کیا درج ہو اور کیوں، یہ سیلون طے کرتا ہے؛ ہم انہیں سیلون کے لیے، اس کی ہدایات پر، محفوظ اور پراسیس کرتے ہیں۔,"{{app}} (“nosotros”) proporciona la app y el sitio web. En cuanto a los datos que un salón guarda sobre sus propios clientes y personal, es el salón quien decide qué se registra y por qué; nosotros los almacenamos y tratamos por cuenta del salón y siguiendo sus instrucciones.","{{app}} (« nous ») fournit l’app et le site web. Pour les informations qu’un salon conserve sur ses propres clients et son personnel, c’est le salon qui décide de ce qui est enregistré et pourquoi ; nous les stockons et les traitons pour le compte du salon, selon ses instructions.","O {{app}} (“nós”) fornece o app e o site. Quanto aos dados que um salão mantém sobre os próprios clientes e a própria equipe, é o salão que decide o que é registrado e por quê; nós armazenamos e tratamos esses dados para o salão, de acordo com as instruções dele.","{{app}} («мы») предоставляет приложение и веб-сайт. В отношении данных, которые салон хранит о своих клиентах и сотрудниках, салон сам решает, что записывать и зачем; мы храним и обрабатываем эти данные для салона и по его указаниям.",
legal.privacy.collect.title,What we collect,ما نجمعه,हम क्या लेते हैं,ہم کیا لیتے ہیں,Qué recopilamos,Ce que nous collectons,O que coletamos,Что мы собираем,
legal.privacy.collect.body,"• Your account: your name, email address and password (kept only as a secure hash). If you continue with Google, Google gives us your name and email address.
• What salons enter: services and prices, sales and receipts, expenses, suppliers and purchases, stock, cash counts, customers’ names, phone numbers and visits, staff names, attendance and pay, and documents such as licences and photos of receipts.
• This device: a notification token if you allow notifications. Your language and remembered sign-in stay on the device.
We use no advertising trackers and we never sell personal data.","• حسابك: اسمك وبريدك الإلكتروني وكلمة المرور (تُحفظ فقط بصيغة مشفّرة آمنة). إذا تابعت باستخدام Google، يزوّدنا Google باسمك وبريدك الإلكتروني.
• ما يدخله الصالون: الخدمات والأسعار، المبيعات والإيصالات، المصاريف، الموردون والمشتريات، المخزون، عدّ النقدية، أسماء العملاء وأرقام هواتفهم وزياراتهم، أسماء الموظفين وحضورهم ورواتبهم، ومستندات مثل الرخص وصور الإيصالات.
• هذا الجهاز: رمز الإشعارات إذا سمحت بها. تبقى لغتك وتسجيل الدخول المحفوظ على الجهاز.
لا نستخدم أدوات تتبّع إعلانية ولا نبيع البيانات الشخصية أبداً.","• आपका खाता: आपका नाम, ईमेल पता और पासवर्ड (केवल सुरक्षित हैश के रूप में रखा जाता है)। अगर आप Google से जारी रखते हैं, तो Google हमें आपका नाम और ईमेल पता देता है।
• सैलून जो दर्ज करते हैं: सेवाएँ और दाम, बिक्री और रसीदें, खर्च, सप्लायर और खरीद, स्टॉक, कैश की गिनती, ग्राहकों के नाम, फ़ोन नंबर और विज़िट, स्टाफ़ के नाम, हाज़िरी और वेतन, और लाइसेंस व रसीदों की फ़ोटो जैसे दस्तावेज़।
• यह डिवाइस: अगर आप सूचनाएँ चालू करते हैं तो एक सूचना टोकन। आपकी भाषा और याद रखा गया लॉगिन डिवाइस पर ही रहते हैं।
हम कोई विज्ञापन ट्रैकर इस्तेमाल नहीं करते और निजी डेटा कभी नहीं बेचते।","• آپ کا اکاؤنٹ: آپ کا نام، ای میل پتہ اور پاس ورڈ (صرف محفوظ ہیش کی صورت میں رکھا جاتا ہے)۔ اگر آپ Google کے ساتھ جاری رکھتے ہیں تو Google ہمیں آپ کا نام اور ای میل پتہ دیتا ہے۔
• سیلون جو درج کرتے ہیں: سروسز اور قیمتیں، فروخت اور رسیدیں، اخراجات، سپلائرز اور خریداری، اسٹاک، نقدی کی گنتی، گاہکوں کے نام، فون نمبر اور آمد، عملے کے نام، حاضری اور تنخواہ، اور لائسنس اور رسیدوں کی تصاویر جیسی دستاویزات۔
• یہ ڈیوائس: اگر آپ اطلاعات کی اجازت دیں تو ایک اطلاعاتی ٹوکن۔ آپ کی زبان اور یاد رکھا گیا لاگ اِن ڈیوائس پر ہی رہتے ہیں۔
ہم کوئی اشتہاری ٹریکر استعمال نہیں کرتے اور ذاتی ڈیٹا کبھی فروخت نہیں کرتے۔","• Tu cuenta: tu nombre, tu dirección de correo electrónico y tu contraseña (guardada solo como un hash seguro). Si continúas con Google, Google nos facilita tu nombre y tu dirección de correo electrónico.
• Lo que introducen los salones: servicios y precios, ventas y recibos, gastos, proveedores y compras, stock, conteos de caja, nombres, teléfonos y visitas de los clientes, nombres, asistencia y pagos del personal, y documentos como licencias y fotos de recibos.
• Este dispositivo: un token de notificaciones si permites las notificaciones. Tu idioma y tu inicio de sesión recordado se quedan en el dispositivo.
No usamos rastreadores publicitarios y nunca vendemos datos personales.","• Votre compte : votre nom, votre adresse e-mail et votre mot de passe (conservé uniquement sous forme de hachage sécurisé). Si vous continuez avec Google, Google nous transmet votre nom et votre adresse e-mail.
• Ce que les salons saisissent : services et prix, ventes et reçus, dépenses, fournisseurs et achats, stock, comptages de caisse, noms, numéros de téléphone et visites des clients, noms, présences et paie du personnel, ainsi que des documents tels que des licences et des photos de reçus.
• Cet appareil : un jeton de notification si vous autorisez les notifications. Votre langue et votre connexion mémorisée restent sur l’appareil.
Nous n’utilisons aucun traceur publicitaire et nous ne vendons jamais de données personnelles.","• Sua conta: seu nome, endereço de e-mail e senha (guardada apenas como um hash seguro). Se você continuar com o Google, o Google nos informa seu nome e endereço de e-mail.
• O que os salões registram: serviços e preços, vendas e recibos, despesas, fornecedores e compras, estoque, contagens de caixa, nomes, telefones e visitas de clientes, nomes, frequência e pagamento da equipe, e documentos como licenças e fotos de recibos.
• Este aparelho: um token de notificação, se você permitir notificações. Seu idioma e o login memorizado ficam no aparelho.
Não usamos rastreadores de publicidade e nunca vendemos dados pessoais.","• Ваш аккаунт: имя, адрес электронной почты и пароль (хранится только в виде защищённого хеша). Если вы входите через Google, Google передаёт нам ваше имя и адрес электронной почты.
• Данные, которые вводят салоны: услуги и цены, продажи и чеки, расходы, поставщики и закупки, складские остатки, пересчёты кассы, имена, номера телефонов и визиты клиентов, имена, посещаемость и зарплата сотрудников, а также документы, например лицензии и фото чеков.
• Это устройство: токен для уведомлений, если вы разрешили уведомления. Выбранный язык и сохранённый вход остаются на устройстве.
Мы не используем рекламные трекеры и никогда не продаём персональные данные.",
legal.privacy.use.title,How we use it,كيف نستخدمها,हम इसका उपयोग कैसे करते हैं,ہم اسے کیسے استعمال کرتے ہیں,Cómo lo usamos,Comment nous les utilisons,Como usamos os dados,Как мы их используем,
legal.privacy.use.body,"Only to run the service: to sign you in, save and show your salon’s records, send the notifications you switch on, produce receipts, reports and backups, keep the service secure, answer support requests and meet legal duties such as keeping tax records.",فقط لتشغيل الخدمة: لتسجيل دخولك، وحفظ سجلات صالونك وعرضها، وإرسال الإشعارات التي تفعّلها، وإعداد الإيصالات والتقارير والنسخ الاحتياطية، والحفاظ على أمان الخدمة، والرد على طلبات الدعم، والوفاء بالالتزامات القانونية مثل حفظ السجلات الضريبية.,"केवल सेवा चलाने के लिए: आपको लॉगिन कराने, आपके सैलून के रिकॉर्ड सेव करने और दिखाने, आपकी चालू की गई सूचनाएँ भेजने, रसीदें, रिपोर्ट और बैकअप बनाने, सेवा को सुरक्षित रखने, सहायता अनुरोधों का जवाब देने और कर रिकॉर्ड रखने जैसे कानूनी दायित्व पूरे करने के लिए।",صرف سروس چلانے کے لیے: آپ کو لاگ اِن کرانے، آپ کے سیلون کے ریکارڈ محفوظ کرنے اور دکھانے، آپ کی آن کی گئی اطلاعات بھیجنے، رسیدیں، رپورٹیں اور بیک اپ بنانے، سروس کو محفوظ رکھنے، مدد کی درخواستوں کا جواب دینے اور ٹیکس ریکارڈ رکھنے جیسی قانونی ذمہ داریاں پوری کرنے کے لیے۔,"Solo para prestar el servicio: para iniciar tu sesión, guardar y mostrar los registros de tu salón, enviar las notificaciones que actives, generar recibos, informes y copias de seguridad, mantener el servicio seguro, responder a solicitudes de soporte y cumplir obligaciones legales, como conservar los registros fiscales.","Uniquement pour faire fonctionner le service : vous connecter, enregistrer et afficher les données de votre salon, envoyer les notifications que vous activez, produire les reçus, rapports et sauvegardes, assurer la sécurité du service, répondre aux demandes d’assistance et respecter nos obligations légales, comme la conservation des documents fiscaux.","Apenas para operar o serviço: para fazer seu login, salvar e mostrar os registros do seu salão, enviar as notificações que você ativar, gerar recibos, relatórios e backups, manter o serviço seguro, responder a pedidos de suporte e cumprir obrigações legais, como guardar registros fiscais.","Только для работы сервиса: чтобы выполнять вход, сохранять и показывать записи вашего салона, отправлять уведомления, которые вы включили, формировать чеки, отчёты и резервные копии, обеспечивать безопасность сервиса, отвечать на запросы в поддержку и выполнять требования закона, например хранить налоговые записи.",
legal.privacy.where.title,Where it is kept,أين تُحفظ,यह कहाँ रखा जाता है,یہ کہاں رکھا جاتا ہے,Dónde se guarda,Où elles sont conservées,Onde os dados ficam guardados,Где они хранятся,
legal.privacy.where.body,"With our hosting providers: Supabase (database, sign-in and file storage) and Vercel (the website). Notifications to phones go through Expo and Apple or Google, and Google handles “Continue with Google”. These providers may keep data outside your country and must keep it confidential and secure.",لدى مزوّدي الاستضافة لدينا: Supabase (قاعدة البيانات وتسجيل الدخول وتخزين الملفات) وVercel (الموقع الإلكتروني). تمر الإشعارات إلى الهواتف عبر Expo وApple أو Google، ويتولى Google خدمة «المتابعة باستخدام Google». قد يحفظ هؤلاء المزوّدون البيانات خارج بلدك، وهم ملزمون بالحفاظ على سريتها وأمانها.,"हमारे होस्टिंग प्रदाताओं के पास: Supabase (डेटाबेस, लॉगिन और फ़ाइल स्टोरेज) और Vercel (वेबसाइट)। फ़ोन पर सूचनाएँ Expo और Apple या Google के ज़रिए जाती हैं, और “Google से जारी रखें” Google संभालता है। ये प्रदाता डेटा आपके देश के बाहर रख सकते हैं और उन्हें इसे गोपनीय और सुरक्षित रखना होता है।",ہمارے ہوسٹنگ فراہم کنندگان کے پاس: Supabase (ڈیٹا بیس، لاگ اِن اور فائل اسٹوریج) اور Vercel (ویب سائٹ)۔ فون پر اطلاعات Expo اور Apple یا Google کے ذریعے جاتی ہیں، اور “Google کے ساتھ جاری رکھیں” Google سنبھالتا ہے۔ یہ فراہم کنندگان ڈیٹا آپ کے ملک سے باہر رکھ سکتے ہیں اور انہیں اسے خفیہ اور محفوظ رکھنا ہوتا ہے۔,"Con nuestros proveedores de alojamiento: Supabase (base de datos, inicio de sesión y almacenamiento de archivos) y Vercel (el sitio web). Las notificaciones a los teléfonos pasan por Expo y por Apple o Google, y Google gestiona “Continuar con Google”. Estos proveedores pueden guardar datos fuera de tu país y deben mantenerlos confidenciales y seguros.","Chez nos hébergeurs : Supabase (base de données, connexion et stockage de fichiers) et Vercel (le site web). Les notifications vers les téléphones passent par Expo et Apple ou Google, et Google gère « Continuer avec Google ». Ces prestataires peuvent conserver des données en dehors de votre pays et sont tenus de les garder confidentielles et sécurisées.","Com nossos provedores de hospedagem: Supabase (banco de dados, login e armazenamento de arquivos) e Vercel (o site). As notificações para celulares passam pela Expo e pela Apple ou pelo Google, e o Google cuida do “Continuar com Google”. Esses provedores podem guardar dados fora do seu país e devem mantê-los confidenciais e seguros.","У наших хостинг-провайдеров: Supabase (база данных, вход и хранение файлов) и Vercel (веб-сайт). Уведомления на телефоны проходят через Expo и Apple или Google, а вход «Продолжить с Google» обеспечивает Google. Эти провайдеры могут хранить данные за пределами вашей страны и обязаны сохранять их конфиденциальность и безопасность.",
legal.privacy.share.title,Who we share it with,مع من نشاركها,हम इसे किसके साथ साझा करते हैं,ہم اسے کس کے ساتھ شیئر کرتے ہیں,Con quién lo compartimos,Avec qui nous les partageons,Com quem compartilhamos,Кому мы их передаём,
legal.privacy.share.body,"Only the providers above, to run the service, and public authorities when the law requires it. Inside a salon, what each person sees follows their role; for example, a cashier cannot see payroll. Receipts you send by WhatsApp or print are shared by you.",فقط مع المزوّدين المذكورين أعلاه لتشغيل الخدمة، ومع الجهات الرسمية عندما يشترط القانون ذلك. داخل الصالون، يرى كل شخص ما يناسب دوره؛ فمثلاً لا يستطيع الكاشير رؤية الرواتب. الإيصالات التي ترسلها عبر واتساب أو تطبعها تشاركها أنت.,"केवल ऊपर बताए गए प्रदाताओं के साथ, सेवा चलाने के लिए, और सरकारी अधिकारियों के साथ जब कानून इसकी माँग करे। सैलून के अंदर हर व्यक्ति को उसकी भूमिका के अनुसार दिखता है; जैसे, कैशियर वेतन नहीं देख सकता। WhatsApp से भेजी या प्रिंट की गई रसीदें आप स्वयं साझा करते हैं।",صرف اوپر بتائے گئے فراہم کنندگان کے ساتھ، سروس چلانے کے لیے، اور سرکاری اداروں کے ساتھ جب قانون اس کا تقاضا کرے۔ سیلون کے اندر ہر شخص کو اس کے کردار کے مطابق نظر آتا ہے؛ مثلاً کیشیئر تنخواہیں نہیں دیکھ سکتا۔ WhatsApp سے بھیجی یا پرنٹ کی گئی رسیدیں آپ خود شیئر کرتے ہیں۔,"Solo con los proveedores mencionados, para prestar el servicio, y con las autoridades públicas cuando la ley lo exija. Dentro de un salón, lo que ve cada persona depende de su rol; por ejemplo, un cajero no puede ver la nómina. Los recibos que envías por WhatsApp o imprimes los compartes tú.","Uniquement avec les prestataires ci-dessus, pour faire fonctionner le service, et avec les autorités publiques lorsque la loi l’exige. Au sein d’un salon, ce que chaque personne voit dépend de son rôle ; par exemple, un caissier ne peut pas voir la paie. Les reçus que vous envoyez par WhatsApp ou que vous imprimez sont partagés par vous.","Apenas com os provedores acima, para operar o serviço, e com autoridades públicas quando a lei exigir. Dentro de um salão, o que cada pessoa vê segue a função dela; por exemplo, um caixa não pode ver a folha de pagamento. Recibos que você envia pelo WhatsApp ou imprime são compartilhados por você.","Только перечисленным выше провайдерам — для работы сервиса, а также государственным органам, когда этого требует закон. Внутри салона то, что видит каждый человек, зависит от его роли: например, кассир не видит зарплаты. Чеки, которые вы отправляете через WhatsApp или печатаете, передаёте вы сами.",
legal.privacy.keep.title,How long we keep it,مدة الاحتفاظ بها,हम इसे कितने समय तक रखते हैं,ہم اسے کتنی دیر رکھتے ہیں,Cuánto tiempo lo conservamos,Combien de temps nous les conservons,Por quanto tempo guardamos,Как долго мы их храним,
legal.privacy.keep.body,"Your account details stay until you delete your account. A salon’s financial records (sales, tax, expenses, purchases and payroll) are kept for at least five years, or longer where the salon’s country requires it, even after an account is deleted or a salon closes. After that they are deleted.",تبقى بيانات حسابك حتى تحذف حسابك. تُحفظ السجلات المالية للصالون (المبيعات والضريبة والمصاريف والمشتريات والرواتب) خمس سنوات على الأقل، أو أكثر إذا اشترط ذلك بلد الصالون، حتى بعد حذف الحساب أو إغلاق الصالون، ثم تُحذف.,"आपके खाते का विवरण तब तक रहता है जब तक आप अपना खाता नहीं हटाते। सैलून के वित्तीय रिकॉर्ड (बिक्री, टैक्स, खर्च, खरीद और वेतन) कम से कम पाँच साल तक रखे जाते हैं, या सैलून के देश के नियम के अनुसार उससे ज़्यादा, खाता हटने या सैलून बंद होने के बाद भी। उसके बाद उन्हें हटा दिया जाता है।",آپ کے اکاؤنٹ کی تفصیلات تب تک رہتی ہیں جب تک آپ اپنا اکاؤنٹ حذف نہ کریں۔ سیلون کے مالی ریکارڈ (فروخت، ٹیکس، اخراجات، خریداری اور تنخواہیں) کم از کم پانچ سال تک رکھے جاتے ہیں، یا سیلون کے ملک کے قانون کے مطابق اس سے زیادہ، اکاؤنٹ حذف ہونے یا سیلون بند ہونے کے بعد بھی۔ اس کے بعد انہیں حذف کر دیا جاتا ہے۔,"Los datos de tu cuenta se conservan hasta que elimines tu cuenta. Los registros financieros de un salón (ventas, impuestos, gastos, compras y nómina) se conservan al menos cinco años, o más si el país del salón lo exige, incluso después de que se elimine una cuenta o cierre un salón. Después se eliminan.","Les informations de votre compte sont conservées jusqu’à ce que vous supprimiez votre compte. Les données financières d’un salon (ventes, taxes, dépenses, achats et paie) sont conservées au moins cinq ans, ou plus longtemps si le pays du salon l’exige, même après la suppression d’un compte ou la fermeture d’un salon. Elles sont ensuite supprimées.","Os dados da sua conta ficam guardados até você excluir a conta. Os registros financeiros de um salão (vendas, impostos, despesas, compras e folha de pagamento) são guardados por pelo menos cinco anos, ou por mais tempo quando o país do salão exigir, mesmo depois que uma conta é excluída ou um salão fecha. Depois disso, são excluídos.","Данные вашего аккаунта хранятся, пока вы не удалите аккаунт. Финансовые записи салона (продажи, налоги, расходы, закупки и зарплата) хранятся не менее пяти лет или дольше, если этого требует законодательство страны салона, даже после удаления аккаунта или закрытия салона. После этого они удаляются.",
legal.privacy.rights.title,Your choices and rights,خياراتك وحقوقك,आपके विकल्प और अधिकार,آپ کے اختیارات اور حقوق,Tus opciones y derechos,Vos choix et vos droits,Suas escolhas e direitos,Ваш выбор и ваши права,
legal.privacy.rights.body,"You can see and correct your details in the app. Owners can export all their salon’s data at any time (More → Backup & recovery). You can delete your account in the app (More → Delete my account): your sign-in and name are removed straight away. A salon’s customers and staff should contact the salon first, as it controls those records; we help it answer. Under the UAE Personal Data Protection Law, and similar laws in other countries, you may also ask how your data is used and object to it.",يمكنك الاطلاع على بياناتك وتصحيحها في التطبيق. يستطيع المالك تصدير جميع بيانات صالونه في أي وقت (المزيد ← النسخ الاحتياطي والاستعادة). يمكنك حذف حسابك من التطبيق (المزيد ← حذف حسابي)، فيُزال تسجيل دخولك واسمك فوراً. على عملاء الصالون وموظفيه التواصل مع الصالون أولاً لأنه المسؤول عن تلك السجلات، ونحن نساعده في الرد. ووفقاً لقانون حماية البيانات الشخصية في الإمارات والقوانين المماثلة في الدول الأخرى، يحق لك أيضاً أن تسأل عن كيفية استخدام بياناتك وأن تعترض عليه.,"आप ऐप में अपना विवरण देख और सुधार सकते हैं। मालिक कभी भी अपने सैलून का पूरा डेटा निर्यात कर सकते हैं (और → बैकअप और रिकवरी)। आप ऐप में अपना खाता हटा सकते हैं (और → मेरा खाता हटाएँ): आपका लॉगिन और नाम तुरंत हटा दिए जाते हैं। सैलून के ग्राहक और स्टाफ़ पहले सैलून से संपर्क करें, क्योंकि वे रिकॉर्ड सैलून के नियंत्रण में हैं; हम जवाब देने में उसकी मदद करते हैं। UAE व्यक्तिगत डेटा संरक्षण कानून और दूसरे देशों के ऐसे ही कानूनों के तहत आप यह भी पूछ सकते हैं कि आपके डेटा का उपयोग कैसे होता है और उस पर आपत्ति कर सकते हैं।",آپ ایپ میں اپنی تفصیلات دیکھ اور درست کر سکتے ہیں۔ مالکان کسی بھی وقت اپنے سیلون کا پورا ڈیٹا ایکسپورٹ کر سکتے ہیں (مزید ← بیک اپ اور بحالی)۔ آپ ایپ میں اپنا اکاؤنٹ حذف کر سکتے ہیں (مزید ← میرا اکاؤنٹ حذف کریں): آپ کا لاگ اِن اور نام فوراً ہٹا دیے جاتے ہیں۔ سیلون کے گاہک اور عملہ پہلے سیلون سے رابطہ کریں، کیونکہ وہ ریکارڈ سیلون کے اختیار میں ہیں؛ ہم جواب دینے میں اس کی مدد کرتے ہیں۔ UAE کے ذاتی ڈیٹا کے تحفظ کے قانون اور دوسرے ملکوں کے ایسے ہی قوانین کے تحت آپ یہ بھی پوچھ سکتے ہیں کہ آپ کا ڈیٹا کیسے استعمال ہوتا ہے اور اس پر اعتراض کر سکتے ہیں۔,"Puedes ver y corregir tus datos en la app. Los dueños pueden exportar todos los datos de su salón en cualquier momento (Más → Copia de seguridad y recuperación). Puedes eliminar tu cuenta en la app (Más → Eliminar mi cuenta): tu inicio de sesión y tu nombre se eliminan de inmediato. Los clientes y el personal de un salón deben contactar primero con el salón, ya que este controla esos registros; nosotros le ayudamos a responder. Según la Ley de Protección de Datos Personales de los EAU y leyes similares de otros países, también puedes preguntar cómo se usan tus datos y oponerte a ese uso.","Vous pouvez consulter et corriger vos informations dans l’app. Les propriétaires peuvent exporter toutes les données de leur salon à tout moment (Plus → Sauvegarde et restauration). Vous pouvez supprimer votre compte dans l’app (Plus → Supprimer mon compte) : votre connexion et votre nom sont retirés immédiatement. Les clients et le personnel d’un salon doivent d’abord contacter le salon, car c’est lui qui contrôle ces données ; nous l’aidons à répondre. En vertu de la loi des Émirats arabes unis sur la protection des données personnelles, et de lois similaires dans d’autres pays, vous pouvez aussi demander comment vos données sont utilisées et vous y opposer.","Você pode ver e corrigir seus dados no app. Os proprietários podem exportar todos os dados do salão a qualquer momento (Mais → Backup e recuperação). Você pode excluir sua conta no app (Mais → Excluir minha conta): seu login e seu nome são removidos na hora. Clientes e funcionários de um salão devem procurar primeiro o salão, pois é ele quem controla esses registros; nós o ajudamos a responder. Pela Lei de Proteção de Dados Pessoais dos Emirados Árabes Unidos, e por leis semelhantes em outros países, você também pode perguntar como seus dados são usados e se opor a esse uso.","Вы можете просматривать и исправлять свои данные в приложении. Владельцы могут в любое время выгрузить все данные своего салона (Ещё → Резервная копия и восстановление). Вы можете удалить свой аккаунт в приложении (Ещё → Удалить мой аккаунт): данные для входа и имя удаляются сразу. Клиентам и сотрудникам салона следует сначала обратиться в салон, так как именно он управляет этими записями; мы помогаем ему ответить. В соответствии с Законом ОАЭ о защите персональных данных и аналогичными законами других стран вы также можете узнать, как используются ваши данные, и возразить против такого использования.",
legal.privacy.security.title,How we protect it,كيف نحميها,हम इसकी सुरक्षा कैसे करते हैं,ہم اس کی حفاظت کیسے کرتے ہیں,Cómo lo protegemos,Comment nous les protégeons,Como protegemos os dados,Как мы их защищаем,
legal.privacy.security.body,"Connections are encrypted, passwords and PINs are kept only as secure hashes, every salon’s records are kept apart, and access inside a salon follows each person’s role. Money records cannot be deleted or quietly changed: every correction leaves a history.",الاتصالات مشفّرة، وكلمات المرور ورموز PIN تُحفظ فقط بصيغة مشفّرة آمنة، وسجلات كل صالون منفصلة عن غيره، والوصول داخل الصالون يتبع دور كل شخص. لا يمكن حذف السجلات المالية أو تعديلها خفيةً: كل تصحيح يترك أثراً في السجل.,"कनेक्शन एन्क्रिप्टेड हैं, पासवर्ड और PIN केवल सुरक्षित हैश के रूप में रखे जाते हैं, हर सैलून के रिकॉर्ड अलग रखे जाते हैं, और सैलून के अंदर पहुँच हर व्यक्ति की भूमिका के अनुसार होती है। पैसों के रिकॉर्ड न हटाए जा सकते हैं न चुपचाप बदले जा सकते हैं: हर सुधार का इतिहास रहता है।",کنکشن انکرپٹڈ ہیں، پاس ورڈ اور PIN صرف محفوظ ہیش کی صورت میں رکھے جاتے ہیں، ہر سیلون کے ریکارڈ الگ رکھے جاتے ہیں، اور سیلون کے اندر رسائی ہر شخص کے کردار کے مطابق ہوتی ہے۔ رقم کے ریکارڈ نہ حذف ہو سکتے ہیں نہ خاموشی سے بدلے جا سکتے ہیں: ہر درستگی کی تاریخ رہتی ہے۔,"Las conexiones están cifradas, las contraseñas y los PIN se guardan solo como hashes seguros, los registros de cada salón se mantienen separados y el acceso dentro de un salón depende del rol de cada persona. Los registros de dinero no se pueden eliminar ni modificar sin dejar rastro: cada corrección deja un historial.","Les connexions sont chiffrées, les mots de passe et les PIN sont conservés uniquement sous forme de hachages sécurisés, les données de chaque salon sont séparées, et l’accès au sein d’un salon dépend du rôle de chaque personne. Les données financières ne peuvent être ni supprimées ni modifiées discrètement : chaque correction laisse un historique.","As conexões são criptografadas, senhas e PINs são guardados apenas como hashes seguros, os registros de cada salão são mantidos separados e o acesso dentro de um salão segue a função de cada pessoa. Registros financeiros não podem ser excluídos nem alterados sem deixar rastro: toda correção deixa um histórico.","Соединения зашифрованы, пароли и PIN-коды хранятся только в виде защищённых хешей, записи каждого салона хранятся отдельно, а доступ внутри салона зависит от роли каждого человека. Денежные записи нельзя удалить или незаметно изменить: каждое исправление оставляет след в истории.",
legal.privacy.children.title,Children,الأطفال,बच्चे,بچے,Menores,Enfants,Crianças,Дети,
legal.privacy.children.body,The service is for businesses and people aged 18 or over. We do not knowingly collect children’s data through it.,الخدمة مخصصة للأعمال وللأشخاص الذين تبلغ أعمارهم 18 عاماً فأكثر. لا نجمع عن قصد بيانات الأطفال من خلالها.,यह सेवा व्यवसायों और 18 वर्ष या उससे अधिक उम्र के लोगों के लिए है। हम इसके माध्यम से जानबूझकर बच्चों का डेटा नहीं लेते।,یہ سروس کاروباروں اور 18 سال یا اس سے زیادہ عمر کے لوگوں کے لیے ہے۔ ہم اس کے ذریعے جان بوجھ کر بچوں کا ڈیٹا نہیں لیتے۔,El servicio está destinado a empresas y a personas de 18 años o más. No recopilamos a sabiendas datos de menores a través de él.,Le service est destiné aux entreprises et aux personnes âgées de 18 ans ou plus. Nous ne collectons pas sciemment de données d’enfants par son intermédiaire.,O serviço é destinado a empresas e a pessoas com 18 anos ou mais. Não coletamos intencionalmente dados de crianças por meio dele.,Сервис предназначен для компаний и людей в возрасте 18 лет и старше. Мы сознательно не собираем через него данные детей.,
legal.privacy.changes.title,Changes,التغييرات,बदलाव,تبدیلیاں,Cambios,Modifications,Alterações,Изменения,
legal.privacy.changes.body,If we change this policy we update the date above and tell owners in the app about important changes.,إذا غيّرنا هذه السياسة، نحدّث التاريخ أعلاه ونُعلم المالكين بالتغييرات المهمة داخل التطبيق.,अगर हम यह नीति बदलते हैं तो ऊपर की तारीख अपडेट करते हैं और महत्वपूर्ण बदलावों के बारे में मालिकों को ऐप में बताते हैं।,اگر ہم یہ پالیسی بدلیں تو اوپر کی تاریخ اپ ڈیٹ کرتے ہیں اور اہم تبدیلیوں کے بارے میں مالکان کو ایپ میں بتاتے ہیں۔,"Si cambiamos esta política, actualizaremos la fecha indicada arriba e informaremos a los dueños en la app sobre los cambios importantes.","Si nous modifions cette politique, nous mettons à jour la date ci-dessus et informons les propriétaires des changements importants dans l’app.","Se alterarmos esta política, atualizaremos a data acima e avisaremos os proprietários no app sobre mudanças importantes.","Если мы изменим эту политику, мы обновим дату вверху и сообщим владельцам в приложении о важных изменениях.",
legal.terms.title,Terms of use,شروط الاستخدام,उपयोग की शर्तें,استعمال کی شرائط,Términos de uso,Conditions d’utilisation,Termos de uso,Условия использования,
legal.terms.intro,"These terms apply when you use {{app}}, the app and the website. By creating an account or using the service you agree to them.",تسري هذه الشروط عند استخدامك {{app}}، التطبيق والموقع الإلكتروني. بإنشاء حساب أو باستخدام الخدمة، فإنك توافق عليها.,"ये शर्तें तब लागू होती हैं जब आप {{app}}, यानी ऐप और वेबसाइट, का उपयोग करते हैं। खाता बनाकर या सेवा का उपयोग करके आप इनसे सहमत होते हैं।",یہ شرائط تب لاگو ہوتی ہیں جب آپ {{app}}، یعنی ایپ اور ویب سائٹ، استعمال کرتے ہیں۔ اکاؤنٹ بنا کر یا سروس استعمال کر کے آپ ان سے اتفاق کرتے ہیں۔,"Estos términos se aplican cuando usas {{app}}, la app y el sitio web. Al crear una cuenta o usar el servicio, los aceptas.","Ces conditions s’appliquent lorsque vous utilisez {{app}}, l’app et le site web. En créant un compte ou en utilisant le service, vous les acceptez.","Estes termos se aplicam quando você usa o {{app}}, o app e o site. Ao criar uma conta ou usar o serviço, você concorda com eles.","Эти условия действуют, когда вы пользуетесь {{app}} — приложением и веб-сайтом. Создавая аккаунт или пользуясь сервисом, вы соглашаетесь с ними.",
legal.terms.service.title,The service,الخدمة,सेवा,سروس,El servicio,Le service,O serviço,Сервис,
legal.terms.service.body,"{{app}} helps barber shops and ladies salons run their day: queue and bookings, sales and receipts, stock and purchases, expenses, cash closing, staff and payroll, licence reminders, tax and reports. It is a tool: you remain responsible for your business, your records, your tax returns and your staff’s pay.",يساعد {{app}} محلات الحلاقة وصالونات السيدات على إدارة يومها: الطابور والحجوزات، المبيعات والإيصالات، المخزون والمشتريات، المصاريف، إغلاق النقدية، الموظفون والرواتب، تذكير التراخيص، الضريبة والتقارير. إنه أداة: وتبقى أنت مسؤولاً عن عملك وسجلاتك وإقراراتك الضريبية ورواتب موظفيك.,"{{app}} बार्बर शॉप और लेडीज़ सैलून को अपना दिन चलाने में मदद करता है: कतार और बुकिंग, बिक्री और रसीदें, स्टॉक और खरीद, खर्च, कैश क्लोज़िंग, स्टाफ़ और वेतन, लाइसेंस रिमाइंडर, टैक्स और रिपोर्ट। यह एक साधन है: अपने व्यवसाय, रिकॉर्ड, कर रिटर्न और स्टाफ़ के वेतन की ज़िम्मेदारी आपकी ही रहती है।",{{app}} باربر شاپس اور لیڈیز سیلون کو اپنا دن چلانے میں مدد دیتا ہے: قطار اور بکنگ، فروخت اور رسیدیں، اسٹاک اور خریداری، اخراجات، کیش کلوزنگ، عملہ اور تنخواہیں، لائسنس کی یاددہانی، ٹیکس اور رپورٹیں۔ یہ ایک ذریعہ ہے: اپنے کاروبار، ریکارڈ، ٹیکس ریٹرن اور عملے کی تنخواہوں کی ذمہ داری آپ ہی کی رہتی ہے۔,"{{app}} ayuda a barberías y salones de damas a gestionar su día a día: fila y reservas, ventas y recibos, stock y compras, gastos, cierre de caja, personal y nómina, recordatorios de licencias, impuestos e informes. Es una herramienta: tú sigues siendo responsable de tu negocio, tus registros, tus declaraciones de impuestos y los pagos a tu personal.","{{app}} aide les barbiers et les salons pour femmes à gérer leur journée : file d’attente et réservations, ventes et reçus, stock et achats, dépenses, clôture de caisse, équipe et paie, rappels de licences, taxes et rapports. C’est un outil : vous restez responsable de votre entreprise, de vos données, de vos déclarations fiscales et de la paie de votre personnel.","O {{app}} ajuda barbearias e salões femininos a gerenciar o dia a dia: fila e agendamentos, vendas e recibos, estoque e compras, despesas, fechamento de caixa, equipe e folha de pagamento, lembretes de licenças, impostos e relatórios. É uma ferramenta: você continua responsável pelo seu negócio, pelos seus registros, pelas suas declarações de impostos e pelo pagamento da sua equipe.","{{app}} помогает барбершопам и женским салонам вести рабочий день: очередь и записи, продажи и чеки, склад и закупки, расходы, закрытие кассы, сотрудники и зарплата, напоминания о лицензиях, налоги и отчёты. Это инструмент: вы по-прежнему отвечаете за свой бизнес, свои записи, свои налоговые декларации и зарплату своих сотрудников.",
legal.terms.accounts.title,Accounts,الحسابات,खाते,اکاؤنٹس,Cuentas,Comptes,Contas,Аккаунты,
legal.terms.accounts.body,"Owners create the salon and their team’s logins, and are responsible for how they are used. Keep passwords and PINs private and tell us if you think an account has been misused. You must be 18 or over and allowed to act for the business.",ينشئ المالك الصالون وحسابات دخول فريقه، وهو مسؤول عن طريقة استخدامها. حافظ على سرية كلمات المرور ورموز PIN، وأبلغنا إذا اعتقدت أن حساباً أسيء استخدامه. يجب أن يكون عمرك 18 عاماً فأكثر وأن تكون مخوّلاً بالتصرف نيابة عن العمل.,मालिक सैलून और अपनी टीम के लॉगिन बनाते हैं और उनके उपयोग के लिए ज़िम्मेदार होते हैं। पासवर्ड और PIN गोपनीय रखें और अगर आपको लगे कि किसी खाते का दुरुपयोग हुआ है तो हमें बताएँ। आपकी उम्र 18 वर्ष या अधिक होनी चाहिए और आपको व्यवसाय की ओर से कार्य करने का अधिकार होना चाहिए।,مالکان سیلون اور اپنی ٹیم کے لاگ اِن بناتے ہیں اور ان کے استعمال کے ذمہ دار ہوتے ہیں۔ پاس ورڈ اور PIN خفیہ رکھیں اور اگر آپ کو لگے کہ کسی اکاؤنٹ کا غلط استعمال ہوا ہے تو ہمیں بتائیں۔ آپ کی عمر 18 سال یا زیادہ ہونی چاہیے اور آپ کو کاروبار کی طرف سے کام کرنے کا اختیار ہونا چاہیے۔,"Los dueños crean el salón y los accesos de su equipo, y son responsables de cómo se usan. Mantén en privado las contraseñas y los PIN e infórmanos si crees que se ha hecho un mal uso de una cuenta. Debes tener 18 años o más y estar autorizado para actuar en nombre del negocio.","Les propriétaires créent le salon et les accès de leur équipe, et sont responsables de leur utilisation. Gardez vos mots de passe et vos PIN confidentiels et prévenez-nous si vous pensez qu’un compte a été utilisé de manière abusive. Vous devez avoir 18 ans ou plus et être autorisé à agir pour le compte de l’entreprise.",Os proprietários criam o salão e os logins da equipe e são responsáveis pela forma como são usados. Mantenha senhas e PINs em sigilo e nos avise se achar que uma conta foi usada indevidamente. Você precisa ter 18 anos ou mais e estar autorizado a agir em nome do negócio.,"Владельцы создают салон и логины для своей команды и отвечают за то, как они используются. Не сообщайте никому пароли и PIN-коды и сообщите нам, если считаете, что аккаунтом воспользовались неправомерно. Вам должно быть не менее 18 лет, и у вас должно быть право действовать от имени бизнеса.",
legal.terms.plans.title,Plans and payment,الخطط والدفع,प्लान और भुगतान,پلان اور ادائیگی,Planes y pagos,Abonnements et paiement,Planos e pagamento,Тарифы и оплата,
legal.terms.plans.body,"Setting up is free. Using the features (queue, sales and the rest) needs an active plan, charged per branch per month at the price shown on our website. Plans are paid in advance, switch on when the payment is received and do not renew by themselves. Paid months are not refunded, except where the law requires. If a plan ends your data stays: you can still sign in, view it and export it.",الإعداد مجاني. يتطلب استخدام الميزات (الطابور والمبيعات وغيرها) خطة مفعّلة، تُحتسب لكل فرع شهرياً بالسعر المعروض على موقعنا. تُدفع الخطط مقدماً، وتُفعَّل عند استلام الدفعة، ولا تتجدد تلقائياً. لا تُسترد الأشهر المدفوعة إلا حيث يشترط القانون ذلك. إذا انتهت الخطة تبقى بياناتك: يمكنك تسجيل الدخول والاطلاع عليها وتصديرها.,"सेटअप मुफ़्त है। सुविधाओं (कतार, बिक्री आदि) के उपयोग के लिए सक्रिय प्लान चाहिए, जिसका शुल्क हमारी वेबसाइट पर दिखाए गए दाम पर प्रति शाखा प्रति माह लगता है। प्लान का भुगतान पहले होता है, भुगतान मिलने पर चालू होता है और अपने आप रिन्यू नहीं होता। भुगतान किए गए महीनों का पैसा वापस नहीं होता, सिवाय जहाँ कानून इसकी माँग करे। प्लान समाप्त होने पर भी आपका डेटा रहता है: आप लॉगिन करके उसे देख और निर्यात कर सकते हैं।",سیٹ اپ مفت ہے۔ خصوصیات (قطار، فروخت وغیرہ) کے استعمال کے لیے فعال پلان درکار ہے، جس کی فیس ہماری ویب سائٹ پر دکھائی گئی قیمت پر فی برانچ فی مہینہ ہے۔ پلان کی ادائیگی پہلے ہوتی ہے، ادائیگی ملنے پر فعال ہوتا ہے اور خود بخود تجدید نہیں ہوتا۔ ادا شدہ مہینوں کی رقم واپس نہیں ہوتی، سوائے جہاں قانون اس کا تقاضا کرے۔ پلان ختم ہونے پر بھی آپ کا ڈیٹا رہتا ہے: آپ لاگ اِن کر کے اسے دیکھ اور ایکسپورٹ کر سکتے ہیں۔,"La configuración es gratuita. Para usar las funciones (fila, ventas y el resto) se necesita un plan activo, que se cobra por sucursal y por mes al precio indicado en nuestro sitio web. Los planes se pagan por adelantado, se activan cuando se recibe el pago y no se renuevan solos. Los meses pagados no se reembolsan, salvo cuando la ley lo exija. Si un plan termina, tus datos se conservan: puedes seguir iniciando sesión, consultarlos y exportarlos.","La configuration est gratuite. L’utilisation des fonctions (file d’attente, ventes et le reste) nécessite un abonnement actif, facturé par succursale et par mois au prix indiqué sur notre site web. Les abonnements sont payés d’avance, s’activent à la réception du paiement et ne se renouvellent pas automatiquement. Les mois payés ne sont pas remboursés, sauf lorsque la loi l’exige. Si un abonnement prend fin, vos données sont conservées : vous pouvez toujours vous connecter, les consulter et les exporter.","A configuração é gratuita. Usar os recursos (fila, vendas e os demais) exige um plano ativo, cobrado por filial e por mês, pelo preço exibido no nosso site. Os planos são pagos antecipadamente, são ativados quando o pagamento é recebido e não são renovados automaticamente. Meses pagos não são reembolsados, exceto quando a lei exigir. Se um plano terminar, seus dados continuam guardados: você ainda pode entrar, consultá-los e exportá-los.","Настройка бесплатна. Для использования функций (очереди, продаж и остального) нужен активный тариф, который оплачивается за каждый филиал помесячно по цене, указанной на нашем сайте. Тарифы оплачиваются заранее, включаются после поступления оплаты и не продлеваются автоматически. Оплаченные месяцы не возвращаются, кроме случаев, когда этого требует закон. Если тариф закончился, ваши данные сохраняются: вы по-прежнему можете входить, просматривать и выгружать их.",
legal.terms.data.title,Your data,بياناتك,आपका डेटा,آپ کا ڈیٹا,Tus datos,Vos données,Seus dados,Ваши данные,
legal.terms.data.body,"Your salon’s data belongs to you. You allow us to store and process it only to provide the service. You are responsible for being allowed to record your customers’ and staff’s details (for example, their agreement to receive WhatsApp receipts). You can export it at any time.",بيانات صالونك ملك لك. أنت تسمح لنا بتخزينها ومعالجتها فقط لتقديم الخدمة. وأنت مسؤول عن حصولك على الإذن بتسجيل بيانات عملائك وموظفيك (مثل موافقتهم على استلام الإيصالات عبر واتساب). يمكنك تصديرها في أي وقت.,"आपके सैलून का डेटा आपका है। आप हमें इसे केवल सेवा देने के लिए संग्रहीत और संसाधित करने की अनुमति देते हैं। अपने ग्राहकों और स्टाफ़ का विवरण दर्ज करने की अनुमति होना आपकी ज़िम्मेदारी है (जैसे, WhatsApp रसीदें पाने के लिए उनकी सहमति)। आप इसे कभी भी निर्यात कर सकते हैं।",آپ کے سیلون کا ڈیٹا آپ کا ہے۔ آپ ہمیں اسے صرف سروس فراہم کرنے کے لیے محفوظ اور پراسیس کرنے کی اجازت دیتے ہیں۔ اپنے گاہکوں اور عملے کی تفصیلات درج کرنے کی اجازت ہونا آپ کی ذمہ داری ہے (مثلاً WhatsApp رسیدیں وصول کرنے کے لیے ان کی رضامندی)۔ آپ اسے کسی بھی وقت ایکسپورٹ کر سکتے ہیں۔,"Los datos de tu salón te pertenecen. Nos permites almacenarlos y tratarlos solo para prestar el servicio. Eres responsable de contar con autorización para registrar los datos de tus clientes y de tu personal (por ejemplo, su consentimiento para recibir recibos por WhatsApp). Puedes exportarlos en cualquier momento.","Les données de votre salon vous appartiennent. Vous nous autorisez à les stocker et à les traiter uniquement pour fournir le service. Il vous appartient de vous assurer que vous êtes autorisé à enregistrer les informations de vos clients et de votre personnel (par exemple, leur accord pour recevoir des reçus par WhatsApp). Vous pouvez les exporter à tout moment.","Os dados do seu salão pertencem a você. Você nos autoriza a armazená-los e tratá-los apenas para prestar o serviço. Você é responsável por ter autorização para registrar os dados dos seus clientes e da sua equipe (por exemplo, o consentimento deles para receber recibos pelo WhatsApp). Você pode exportá-los a qualquer momento.","Данные вашего салона принадлежат вам. Вы разрешаете нам хранить и обрабатывать их только для предоставления сервиса. Вы отвечаете за то, чтобы у вас было право записывать данные своих клиентов и сотрудников (например, их согласие получать чеки в WhatsApp). Вы можете выгрузить их в любое время.",
legal.terms.fairUse.title,Fair use,الاستخدام المقبول,उचित उपयोग,مناسب استعمال,Uso justo,Utilisation loyale,Uso adequado,Добросовестное использование,
legal.terms.fairUse.body,"Do not use the service for anything unlawful, to send spam, to reach other salons’ data, or to disrupt or copy the service.",لا تستخدم الخدمة لأي غرض غير قانوني، أو لإرسال رسائل مزعجة، أو للوصول إلى بيانات صالونات أخرى، أو لتعطيل الخدمة أو نسخها.,"सेवा का उपयोग किसी गैरकानूनी काम, स्पैम भेजने, दूसरे सैलून का डेटा देखने, या सेवा में बाधा डालने या उसकी नकल करने के लिए न करें।",سروس کو کسی غیر قانونی کام، اسپام بھیجنے، دوسرے سیلونز کا ڈیٹا دیکھنے، یا سروس میں خلل ڈالنے یا اس کی نقل کرنے کے لیے استعمال نہ کریں۔,"No uses el servicio para nada ilícito, para enviar spam, para acceder a los datos de otros salones ni para interrumpir o copiar el servicio.","N’utilisez pas le service à des fins illégales, pour envoyer des spams, pour accéder aux données d’autres salons, ni pour perturber ou copier le service.","Não use o serviço para nada ilegal, para enviar spam, para acessar dados de outros salões nem para prejudicar ou copiar o serviço.","Не используйте сервис для чего-либо незаконного, для рассылки спама, для доступа к данным других салонов, а также для нарушения работы или копирования сервиса.",
legal.terms.availability.title,Availability,توفر الخدمة,उपलब्धता,دستیابی,Disponibilidad,Disponibilité,Disponibilidade,Доступность,
legal.terms.availability.body,"We work to keep the service running and your data safe, but cannot promise it will never be interrupted, so keep your own backups (More → Backup & recovery). We may improve or change features, and will tell owners in advance of a change that reduces what a paid plan includes.",نعمل على استمرار الخدمة والحفاظ على أمان بياناتك، لكن لا يمكننا ضمان عدم انقطاعها أبداً، لذا احتفظ بنسخك الاحتياطية (المزيد ← النسخ الاحتياطي والاستعادة). قد نحسّن الميزات أو نغيّرها، وسنُبلغ المالكين مسبقاً بأي تغيير يقلّل مما تتضمنه الخطة المدفوعة.,"हम सेवा चालू रखने और आपके डेटा को सुरक्षित रखने के लिए काम करते हैं, लेकिन यह वादा नहीं कर सकते कि इसमें कभी रुकावट नहीं आएगी, इसलिए अपने बैकअप रखें (और → बैकअप और रिकवरी)। हम सुविधाएँ बेहतर बना या बदल सकते हैं, और भुगतान किए गए प्लान में शामिल चीज़ें कम करने वाले किसी बदलाव की सूचना मालिकों को पहले देंगे।",ہم سروس چلتی رکھنے اور آپ کا ڈیٹا محفوظ رکھنے کے لیے کام کرتے ہیں، لیکن یہ وعدہ نہیں کر سکتے کہ اس میں کبھی رکاوٹ نہیں آئے گی، اس لیے اپنے بیک اپ رکھیں (مزید ← بیک اپ اور بحالی)۔ ہم خصوصیات بہتر یا تبدیل کر سکتے ہیں، اور ادا شدہ پلان میں شامل چیزیں کم کرنے والی کسی تبدیلی کی اطلاع مالکان کو پہلے دیں گے۔,"Trabajamos para mantener el servicio en funcionamiento y tus datos seguros, pero no podemos prometer que nunca se interrumpa, así que guarda tus propias copias de seguridad (Más → Copia de seguridad y recuperación). Podemos mejorar o cambiar funciones, y avisaremos a los dueños con antelación de cualquier cambio que reduzca lo que incluye un plan de pago.","Nous nous efforçons de maintenir le service en fonctionnement et vos données en sécurité, mais nous ne pouvons pas garantir qu’il ne sera jamais interrompu : conservez donc vos propres sauvegardes (Plus → Sauvegarde et restauration). Nous pouvons améliorer ou modifier les fonctions, et préviendrons les propriétaires à l’avance de tout changement qui réduit ce qu’inclut un abonnement payant.","Trabalhamos para manter o serviço funcionando e seus dados seguros, mas não podemos garantir que ele nunca será interrompido; por isso, mantenha seus próprios backups (Mais → Backup e recuperação). Podemos melhorar ou alterar recursos e avisaremos os proprietários com antecedência sobre qualquer mudança que reduza o que um plano pago inclui.","Мы стараемся, чтобы сервис работал, а ваши данные были в безопасности, но не можем обещать, что он никогда не будет прерываться, поэтому делайте собственные резервные копии (Ещё → Резервная копия и восстановление). Мы можем улучшать или менять функции и заранее предупредим владельцев об изменении, которое сокращает то, что входит в платный тариф.",
legal.terms.liability.title,Liability,المسؤولية,दायित्व,ذمہ داری,Responsabilidad,Responsabilité,Responsabilidade,Ответственность,
legal.terms.liability.body,"The service is provided as it is. As far as the law allows, we are not liable for indirect losses such as lost profit, and our total liability is limited to what you paid us in the three months before the claim. Figures, reports and tax summaries are aids: check them with your accountant before filing.",تُقدَّم الخدمة كما هي. وفي الحدود التي يسمح بها القانون، لا نتحمل مسؤولية الخسائر غير المباشرة مثل خسارة الأرباح، وتقتصر مسؤوليتنا الإجمالية على ما دفعته لنا خلال الأشهر الثلاثة السابقة للمطالبة. الأرقام والتقارير وملخصات الضريبة أدوات مساعدة: راجعها مع محاسبك قبل تقديم الإقرار.,"सेवा जैसी है वैसी ही दी जाती है। कानून जहाँ तक अनुमति देता है, हम मुनाफ़े के नुकसान जैसे अप्रत्यक्ष नुकसान के लिए ज़िम्मेदार नहीं हैं, और हमारा कुल दायित्व दावे से पहले के तीन महीनों में आपके द्वारा हमें दी गई राशि तक सीमित है। आँकड़े, रिपोर्ट और टैक्स सारांश सहायक हैं: रिटर्न भरने से पहले अपने अकाउंटेंट से जाँच करवाएँ।",سروس جیسی ہے ویسی ہی فراہم کی جاتی ہے۔ جہاں تک قانون اجازت دیتا ہے، ہم منافع کے نقصان جیسے بالواسطہ نقصانات کے ذمہ دار نہیں، اور ہماری کل ذمہ داری دعوے سے پہلے کے تین مہینوں میں آپ کی ہمیں ادا کردہ رقم تک محدود ہے۔ اعداد، رپورٹیں اور ٹیکس خلاصے مددگار ہیں: ریٹرن جمع کرانے سے پہلے اپنے اکاؤنٹنٹ سے جانچ کروائیں۔,"El servicio se ofrece tal cual. En la medida en que la ley lo permita, no somos responsables de pérdidas indirectas, como el lucro cesante, y nuestra responsabilidad total se limita a lo que nos pagaste en los tres meses anteriores a la reclamación. Las cifras, los informes y los resúmenes de impuestos son ayudas: revísalos con tu contador antes de presentar tus declaraciones.","Le service est fourni en l’état. Dans la mesure permise par la loi, nous ne sommes pas responsables des pertes indirectes telles que le manque à gagner, et notre responsabilité totale est limitée à ce que vous nous avez payé au cours des trois mois précédant la réclamation. Les chiffres, rapports et récapitulatifs fiscaux sont des aides : vérifiez-les avec votre comptable avant toute déclaration.","O serviço é fornecido no estado em que se encontra. Na medida permitida pela lei, não somos responsáveis por perdas indiretas, como lucros cessantes, e nossa responsabilidade total se limita ao que você nos pagou nos três meses anteriores à reclamação. Números, relatórios e resumos fiscais são ferramentas de apoio: confira-os com seu contador antes de entregar qualquer declaração.","Сервис предоставляется «как есть». В пределах, допускаемых законом, мы не несём ответственности за косвенные убытки, например упущенную прибыль, а наша общая ответственность ограничена суммой, которую вы заплатили нам за три месяца до предъявления претензии. Цифры, отчёты и налоговые сводки носят вспомогательный характер: перед подачей отчётности проверьте их со своим бухгалтером.",
legal.terms.ending.title,Ending,إنهاء الاستخدام,समाप्ति,اختتام,Finalización,Résiliation,Encerramento,Прекращение,
legal.terms.ending.body,"You can stop at any time by deleting your account in the app. We may suspend an account that breaks these terms or is not paid, after telling the owner when we reasonably can.",يمكنك التوقف في أي وقت بحذف حسابك من التطبيق. قد نعلّق حساباً يخالف هذه الشروط أو لم يُدفع، بعد إبلاغ المالك متى أمكن ذلك بشكل معقول.,"आप ऐप में अपना खाता हटाकर कभी भी रुक सकते हैं। हम इन शर्तों को तोड़ने वाले या भुगतान न करने वाले खाते को, जब उचित रूप से संभव हो मालिक को बताने के बाद, निलंबित कर सकते हैं।",آپ ایپ میں اپنا اکاؤنٹ حذف کر کے کسی بھی وقت رک سکتے ہیں۔ ہم ان شرائط کی خلاف ورزی کرنے والے یا ادائیگی نہ کرنے والے اکاؤنٹ کو، جب مناسب طور پر ممکن ہو مالک کو بتانے کے بعد، معطل کر سکتے ہیں۔,"Puedes dejar de usar el servicio en cualquier momento eliminando tu cuenta en la app. Podemos suspender una cuenta que incumpla estos términos o que no esté pagada, después de avisar al dueño cuando sea razonablemente posible.","Vous pouvez arrêter à tout moment en supprimant votre compte dans l’app. Nous pouvons suspendre un compte qui enfreint ces conditions ou qui n’est pas payé, après en avoir informé le propriétaire lorsque cela est raisonnablement possible.","Você pode parar a qualquer momento excluindo sua conta no app. Podemos suspender uma conta que viole estes termos ou que não esteja paga, depois de avisar o proprietário sempre que for razoavelmente possível.","Вы можете прекратить пользоваться сервисом в любое время, удалив свой аккаунт в приложении. Мы можем приостановить аккаунт, который нарушает эти условия или не оплачен, предварительно сообщив об этом владельцу, когда это разумно возможно.",
legal.terms.law.title,Law,القانون,कानून,قانون,Legislación aplicable,Droit applicable,Legislação aplicável,Применимое право,
legal.terms.law.body,"These terms are governed by the laws of the United Arab Emirates as applied in the Emirate of Dubai, and the courts of Dubai decide any dispute.",تخضع هذه الشروط لقوانين دولة الإمارات العربية المتحدة كما تُطبَّق في إمارة دبي، وتختص محاكم دبي بالفصل في أي نزاع.,"ये शर्तें दुबई अमीरात में लागू संयुक्त अरब अमीरात के कानूनों के अधीन हैं, और किसी भी विवाद का निर्णय दुबई की अदालतें करेंगी।",یہ شرائط امارتِ دبئی میں نافذ متحدہ عرب امارات کے قوانین کے تابع ہیں، اور کسی بھی تنازع کا فیصلہ دبئی کی عدالتیں کریں گی۔,"Estos términos se rigen por las leyes de los Emiratos Árabes Unidos aplicables en el Emirato de Dubái, y los tribunales de Dubái resuelven cualquier disputa.","Ces conditions sont régies par les lois des Émirats arabes unis telles qu’appliquées dans l’émirat de Dubaï, et les tribunaux de Dubaï tranchent tout litige.","Estes termos são regidos pelas leis dos Emirados Árabes Unidos, conforme aplicadas no Emirado de Dubai, e os tribunais de Dubai decidem qualquer disputa.","Эти условия регулируются законодательством Объединённых Арабских Эмиратов в том виде, в каком оно применяется в эмирате Дубай, а любые споры разрешаются судами Дубая.",
legal.terms.changes.title,Changes,التغييرات,बदलाव,تبدیلیاں,Cambios,Modifications,Alterações,Изменения,
legal.terms.changes.body,We may update these terms; the date above shows the current version. Using the service after a change means the new terms apply.,قد نحدّث هذه الشروط؛ ويُظهر التاريخ أعلاه النسخة الحالية. استمرارك في استخدام الخدمة بعد أي تغيير يعني سريان الشروط الجديدة.,हम इन शर्तों को अपडेट कर सकते हैं; ऊपर की तारीख वर्तमान संस्करण दिखाती है। बदलाव के बाद सेवा का उपयोग करने का अर्थ है कि नई शर्तें लागू होती हैं।,ہم ان شرائط کو اپ ڈیٹ کر سکتے ہیں؛ اوپر کی تاریخ موجودہ ورژن دکھاتی ہے۔ تبدیلی کے بعد سروس استعمال کرنے کا مطلب ہے کہ نئی شرائط لاگو ہوتی ہیں۔,"Podemos actualizar estos términos; la fecha indicada arriba muestra la versión vigente. Si sigues usando el servicio después de un cambio, se aplican los nuevos términos.",Nous pouvons mettre à jour ces conditions ; la date ci-dessus indique la version en vigueur. Utiliser le service après une modification signifie que les nouvelles conditions s’appliquent.,Podemos atualizar estes termos; a data acima mostra a versão em vigor. Usar o serviço após uma alteração significa que os novos termos se aplicam.,"Мы можем обновлять эти условия; дата вверху указывает текущую версию. Если вы продолжаете пользоваться сервисом после изменения, применяются новые условия.",
tax.vat,VAT,ضريبة القيمة المضافة,VAT,VAT,IVA,TVA,IVA,НДС,
tax.trn,TRN,الرقم الضريبي,TRN,TRN,TRN,TRN,TRN,TRN,
tax.name,{{tax}},{{tax}},{{tax}},{{tax}},{{tax}},{{tax}},{{tax}},{{tax}},
tax.withRate,{{tax}} {{rate}},{{tax}} {{rate}},{{tax}} {{rate}},{{tax}} {{rate}},{{tax}} {{rate}},{{tax}} {{rate}},{{tax}} {{rate}},{{tax}} {{rate}},
tax.inclusive,Included in prices,مشمولة في الأسعار,कीमतों में शामिल,قیمتوں میں شامل,Incluido en los precios,Incluse dans les prix,Incluído nos preços,Включён в цены,
tax.added,Added at the till,تُضاف عند الدفع,बिलिंग पर जोड़ा जाता है,بلنگ پر شامل کیا جاتا ہے,Se suma al cobrar,Ajoutée à la caisse,Adicionado no caixa,Добавляется при оплате,
tax.exampleIncluded,"A {{price}} service: the customer pays {{price}}, of which {{amount}} is {{tax}}.",خدمة بـ {{price}}: يدفع الزبون {{price}}، منها {{amount}} {{tax}}.,"{{price}} की सेवा: ग्राहक {{price}} देता है, जिसमें {{amount}} {{tax}} है।",{{price}} کی سروس: گاہک {{price}} ادا کرتا ہے، جس میں {{amount}} {{tax}} ہے۔,"Un servicio de {{price}}: el cliente paga {{price}}, de los cuales {{amount}} son {{tax}}.","Un service à {{price}} : le client paie {{price}}, dont {{amount}} de {{tax}}.","Um serviço de {{price}}: o cliente paga {{price}}, dos quais {{amount}} são de {{tax}}.","Услуга за {{price}}: клиент платит {{price}}, из них {{amount}} — {{tax}}.",
tax.exampleAdded,A {{price}} service: the customer pays {{total}} ({{amount}} {{tax}} added).,خدمة بـ {{price}}: يدفع الزبون {{total}} (مع إضافة {{amount}} {{tax}}).,{{price}} की सेवा: ग्राहक {{total}} देता है ({{amount}} {{tax}} जोड़कर)।,{{price}} کی سروس: گاہک {{total}} ادا کرتا ہے ({{amount}} {{tax}} شامل کر کے)۔,Un servicio de {{price}}: el cliente paga {{total}} (se suman {{amount}} de {{tax}}).,Un service à {{price}} : le client paie {{total}} ({{amount}} de {{tax}} en plus).,Um serviço de {{price}}: o cliente paga {{total}} ({{amount}} de {{tax}} adicionados).,Услуга за {{price}}: клиент платит {{total}} (добавлено {{amount}} {{tax}}).,
tax.fields.name,Tax name,اسم الضريبة,टैक्स का नाम,ٹیکس کا نام,Nombre del impuesto,Nom de la taxe,Nome do imposto,Название налога,
tax.fields.rate,Rate (%),النسبة (%),दर (%),شرح (%),Tasa (%),Taux (%),Alíquota (%),Ставка (%),
tax.fields.idLabel,Your tax number is called,اسم رقمك الضريبي,आपके टैक्स नंबर का नाम,آپ کے ٹیکس نمبر کا نام,Tu número fiscal se llama,Votre numéro fiscal s’appelle,Seu número fiscal se chama,Как называется ваш налоговый номер,
tax.fields.number,{{taxId}},{{taxId}},{{taxId}},{{taxId}},{{taxId}},{{taxId}},{{taxId}},{{taxId}},
tax.fields.numberUae,{{taxId}} (15 digits),{{taxId}} (15 رقمًا),{{taxId}} (15 अंक),{{taxId}} (15 ہندسے),{{taxId}} (15 dígitos),{{taxId}} (15 chiffres),{{taxId}} (15 dígitos),{{taxId}} (15 цифр),
tax.fields.numberHint,Printed on receipts. Leave it empty if you don’t have one yet.,يُطبع على الإيصالات. اتركه فارغًا إن لم يكن لديك رقم بعد.,रसीदों पर छपता है। अभी नंबर नहीं है तो खाली छोड़ दें।,رسیدوں پر چھپتا ہے۔ ابھی نمبر نہیں ہے تو خالی چھوڑ دیں۔,Aparece en los recibos. Déjalo vacío si aún no tienes uno.,Imprimé sur les reçus. Laissez vide si vous n’en avez pas encore.,Impresso nos recibos. Deixe em branco se ainda não tiver um.,"Печатается в чеках. Оставьте пустым, если номера пока нет.",
nav.today,Today,اليوم,आज,آج,Hoy,Aujourd’hui,Hoje,Сегодня,
nav.money,Money,المال,पैसा,پیسہ,Dinero,Finances,Finanças,Деньги,
nav.business,Business,العمل,बिज़नेस,کاروبار,Negocio,Entreprise,Negócio,Бизнес,
nav.settings,Settings,الإعدادات,सेटिंग्स,سیٹنگز,Ajustes,Paramètres,Configurações,Настройки,
nav.label,Main menu,القائمة الرئيسية,मुख्य मेनू,مرکزی مینو,Menú principal,Menu principal,Menu principal,Главное меню,
nav.account,Your account and app settings,حسابك وإعدادات التطبيق,आपका खाता और ऐप सेटिंग्स,آپ کا اکاؤنٹ اور ایپ سیٹنگز,Tu cuenta y los ajustes de la app,Votre compte et les paramètres de l’app,Sua conta e configurações do app,Ваш аккаунт и настройки приложения,
nav.short.cashClosing,Closing,الإغلاق,क्लोज़िंग,کلوزنگ,Cierre,Clôture,Fechamento,Закрытие,
notFound.title,Page not found,الصفحة غير موجودة,पेज नहीं मिला,صفحہ نہیں ملا,Página no encontrada,Page introuvable,Página não encontrada,Страница не найдена,
notFound.body,This address does not exist. It may have been mistyped or moved.,هذا العنوان غير موجود. ربما كُتب خطأ أو نُقل.,यह पता मौजूद नहीं है। शायद गलत लिखा गया या हटाया गया।,یہ پتہ موجود نہیں ہے۔ شاید غلط لکھا گیا یا منتقل ہو گیا۔,Esta dirección no existe. Puede que esté mal escrita o que se haya movido.,Cette adresse n’existe pas. Elle a peut-être été mal saisie ou déplacée.,Este endereço não existe. Pode ter sido digitado errado ou ter mudado de lugar.,"Такого адреса нет. Возможно, в нём опечатка или страницу перенесли.",
notFound.home,Go to the home page,اذهب إلى الصفحة الرئيسية,होम पेज पर जाएँ,ہوم پیج پر جائیں,Ir a la página de inicio,Aller à l’accueil,Ir para a página inicial,На главную,
app.refresh,Refresh app,تحديث التطبيق,ऐप रीफ़्रेश करें,ایپ ریفریش کریں,Actualizar app,Actualiser l’app,Atualizar app,Обновить приложение,
app.refreshed,Up to date,محدَّث,अप टू डेट,تازہ ترین,Al día,À jour,Atualizado,Установлена последняя версия,
